{
  "dim": 100,
  "seed": "4582",
  "method": "LLL",
  "beta": 0,
  "steps_budget": 100,
  "steps_done": 1,
  "time_s": 5.293,
  "max_cos": 0.6551394757124052,
  "mean_cos": 0.16170139492291988,
  "accepted": 0,
  "calls": 0,
  "b1_gh": 2.6931751297851028,
  "slope": -0.0428398173202519,
  "logdet": 692.486523213525,
  "log_b1": 8.8279988019268
}