{
  "dim": 100,
  "seed": "3234",
  "method": "LLL",
  "beta": 0,
  "steps_budget": 100,
  "steps_done": 1,
  "time_s": 8.253,
  "max_cos": 0.6328288107093394,
  "mean_cos": 0.1719361930560062,
  "accepted": 0,
  "calls": 0,
  "b1_gh": 3.0089811445012513,
  "slope": -0.04141568591788836,
  "logdet": 692.58831518369,
  "log_b1": 8.939897409691056
}