{
  "dim": 100,
  "seed": "26",
  "method": "BKZ",
  "beta": 20,
  "steps_budget": 100,
  "steps_done": 100,
  "time_s": 9.005,
  "max_cos": 0.699541287214254,
  "mean_cos": 0.15993697473031926,
  "accepted": 100,
  "calls": 100,
  "b1_gh": 2.464459979262787,
  "slope": -0.0402254927007531,
  "logdet": 693.0475824455557,
  "log_b1": 8.744861259192948
}