{
  "dim": 100,
  "seed": "218",
  "method": "ENUM_SIEVE",
  "beta": 40,
  "steps_budget": 100,
  "steps_done": 100,
  "time_s": 2.564,
  "max_cos": 0.5975698709894819,
  "mean_cos": 0.15749613117531067,
  "accepted": 100,
  "calls": 100,
  "b1_gh": 2.3601489447784036,
  "slope": -0.0397345993189626,
  "logdet": 693.1468343062927,
  "log_b1": 8.702605798896224
}