{
  "dim": 100,
  "seed": "3473",
  "method": "ENUM_SIEVE",
  "beta": 40,
  "steps_budget": 100,
  "steps_done": 100,
  "time_s": 2.498,
  "max_cos": 0.6028857744250983,
  "mean_cos": 0.160955318152252,
  "accepted": 100,
  "calls": 100,
  "b1_gh": 2.4790221295876873,
  "slope": -0.04147486304848579,
  "logdet": 692.9861287431053,
  "log_b1": 8.750138193857659
}