{
  "dim": 100,
  "seed": "218",
  "method": "ENUM",
  "beta": 30,
  "steps_budget": 100,
  "steps_done": 100,
  "time_s": 9.047,
  "max_cos": 0.6610080086922778,
  "mean_cos": 0.1526868352190944,
  "accepted": 79,
  "calls": 100,
  "b1_gh": 2.061901370943883,
  "slope": -0.03880251663502603,
  "logdet": 693.1468343062929,
  "log_b1": 8.567509622362758
}