{
  "dim": 100,
  "seed": "1342",
  "method": "ENUM_SIEVE",
  "beta": 40,
  "steps_budget": 100,
  "steps_done": 100,
  "time_s": 2.555,
  "max_cos": 0.5785329944513948,
  "mean_cos": 0.15504078271286031,
  "accepted": 100,
  "calls": 100,
  "b1_gh": 2.4038767936780148,
  "slope": -0.03930770092378246,
  "logdet": 692.5075105223515,
  "log_b1": 8.714570596626242
}