{
  "dim": 100,
  "seed": "3234",
  "method": "ENUM_SIEVE",
  "beta": 40,
  "steps_budget": 100,
  "steps_done": 100,
  "time_s": 2.53,
  "max_cos": 0.6436727859935782,
  "mean_cos": 0.1562348217309141,
  "accepted": 100,
  "calls": 100,
  "b1_gh": 2.4136665158559434,
  "slope": -0.04022087689438899,
  "logdet": 692.5883151836905,
  "log_b1": 8.719442845686507
}