{
  "dim": 100,
  "seed": "4582",
  "method": "BKZ",
  "beta": 20,
  "steps_budget": 100,
  "steps_done": 100,
  "time_s": 8.636,
  "max_cos": 0.656353686942181,
  "mean_cos": 0.15313897394379092,
  "accepted": 100,
  "calls": 100,
  "b1_gh": 2.4788599750241413,
  "slope": -0.0411761412908931,
  "logdet": 692.4865232135244,
  "log_b1": 8.745076725726214
}