{
  "dim": 100,
  "seed": "0",
  "method": "ENUM",
  "beta": 30,
  "steps_budget": 100,
  "steps_done": 100,
  "time_s": 5.622,
  "max_cos": 0.6802418750167446,
  "mean_cos": 0.15756878622241466,
  "accepted": 73,
  "calls": 100,
  "b1_gh": 2.228195375503166,
  "slope": -0.03975178410528635,
  "logdet": 692.8142667376568,
  "log_b1": 8.641747403169884
}