{
  "dim": 100,
  "seed": "0",
  "method": "LLL",
  "beta": 0,
  "steps_budget": 100,
  "steps_done": 1,
  "time_s": 5.198,
  "max_cos": 0.5946225846927834,
  "mean_cos": 0.1682652270248624,
  "accepted": 0,
  "calls": 0,
  "b1_gh": 3.09615051816532,
  "slope": -0.04550593366374563,
  "logdet": 692.8142667376575,
  "log_b1": 8.970714965493782
}