{
  "dim": 100,
  "seed": "1",
  "method": "ENUM",
  "beta": 30,
  "steps_budget": 100,
  "steps_done": 100,
  "time_s": 5.778,
  "max_cos": 0.5742287362862196,
  "mean_cos": 0.15507096972992657,
  "accepted": 76,
  "calls": 100,
  "b1_gh": 2.0907746514259324,
  "slope": -0.03915286412007787,
  "logdet": 693.1222151101038,
  "log_b1": 8.581169521613578
}