{
  "dim": 100,
  "seed": "46937",
  "method": "ENUM_SIEVE",
  "beta": 40,
  "steps_budget": 100,
  "steps_done": 100,
  "time_s": 2.567,
  "max_cos": 0.6115783904648737,
  "mean_cos": 0.15618669282273517,
  "accepted": 100,
  "calls": 100,
  "b1_gh": 2.281558219861237,
  "slope": -0.03963872931085982,
  "logdet": 693.0827570738103,
  "log_b1": 8.668098936629411
}