{
  "dim": 100,
  "seed": "218",
  "method": "LLL",
  "beta": 0,
  "steps_budget": 100,
  "steps_done": 1,
  "time_s": 5.275,
  "max_cos": 0.7320194013631093,
  "mean_cos": 0.17398492717573358,
  "accepted": 0,
  "calls": 0,
  "b1_gh": 3.130825682609221,
  "slope": -0.04291297882070332,
  "logdet": 693.1468343062924,
  "log_b1": 8.985177835780647
}