{
  "dim": 100,
  "seed": "1",
  "method": "ENUM_SIEVE",
  "beta": 40,
  "steps_budget": 100,
  "steps_done": 100,
  "time_s": 2.519,
  "max_cos": 0.6224250320182977,
  "mean_cos": 0.1565350769552096,
  "accepted": 100,
  "calls": 100,
  "b1_gh": 2.2173151981855828,
  "slope": -0.04043652961213886,
  "logdet": 693.1222151101023,
  "log_b1": 8.639931971513308
}