{
  "dim": 100,
  "seed": "26",
  "method": "ENUM",
  "beta": 30,
  "steps_budget": 100,
  "steps_done": 100,
  "time_s": 8.937,
  "max_cos": 0.6112807116822223,
  "mean_cos": 0.15608902799921442,
  "accepted": 72,
  "calls": 100,
  "b1_gh": 2.2415472494903503,
  "slope": -0.03885724374509643,
  "logdet": 693.047582445555,
  "log_b1": 8.650054914846574
}