{
  "dim": 100,
  "seed": "4582",
  "method": "ENUM_SIEVE",
  "beta": 40,
  "steps_budget": 100,
  "steps_done": 100,
  "time_s": 2.586,
  "max_cos": 0.6020819864954603,
  "mean_cos": 0.15465749673335766,
  "accepted": 100,
  "calls": 100,
  "b1_gh": 2.2036425828171766,
  "slope": -0.03948752925213694,
  "logdet": 692.4865232135247,
  "log_b1": 8.627389669362556
}