{
  "dim": 100,
  "seed": "26",
  "method": "ENUM_SIEVE",
  "beta": 40,
  "steps_budget": 100,
  "steps_done": 100,
  "time_s": 2.604,
  "max_cos": 0.6558792650129128,
  "mean_cos": 0.1572023569885858,
  "accepted": 100,
  "calls": 100,
  "b1_gh": 2.150978044198247,
  "slope": -0.03909308757995022,
  "logdet": 693.0475824455556,
  "log_b1": 8.608811194028828
}