{
  "dim": 100,
  "seed": "46937",
  "method": "LLL",
  "beta": 0,
  "steps_budget": 100,
  "steps_done": 1,
  "time_s": 8.072,
  "max_cos": 0.6647998585514134,
  "mean_cos": 0.16252872209859734,
  "accepted": 0,
  "calls": 0,
  "b1_gh": 2.7520242925781426,
  "slope": -0.042972118638708416,
  "logdet": 693.0827570738103,
  "log_b1": 8.855577044608234
}