{
  "dim": 100,
  "seed": "1342",
  "method": "LLL",
  "beta": 0,
  "steps_budget": 100,
  "steps_done": 1,
  "time_s": 6.462,
  "max_cos": 0.6230731013416199,
  "mean_cos": 0.16157755810034263,
  "accepted": 0,
  "calls": 0,
  "b1_gh": 2.641542314296779,
  "slope": -0.04123675860831647,
  "logdet": 692.507510522352,
  "log_b1": 8.80885078835147
}