{
  "dim": 100,
  "seed": "3473",
  "method": "LLL",
  "beta": 0,
  "steps_budget": 100,
  "steps_done": 1,
  "time_s": 5.124,
  "max_cos": 0.706418867305951,
  "mean_cos": 0.17347284504345015,
  "accepted": 0,
  "calls": 0,
  "b1_gh": 3.163880790194661,
  "slope": -0.045287131821471115,
  "logdet": 692.9861287431054,
  "log_b1": 8.994073386290072
}