{
  "dim": 100,
  "seed": "26",
  "method": "LLL",
  "beta": 0,
  "steps_budget": 100,
  "steps_done": 1,
  "time_s": 8.453,
  "max_cos": 0.6173544504865194,
  "mean_cos": 0.16376622189537615,
  "accepted": 0,
  "calls": 0,
  "b1_gh": 2.464459979262787,
  "slope": -0.040945194652452915,
  "logdet": 693.0475824455557,
  "log_b1": 8.744861259192948
}