{
  "dim": 100,
  "seed": "3473",
  "method": "BKZ",
  "beta": 20,
  "steps_budget": 100,
  "steps_done": 100,
  "time_s": 8.8,
  "max_cos": 0.6714598008634599,
  "mean_cos": 0.15851879370670263,
  "accepted": 100,
  "calls": 100,
  "b1_gh": 2.4239471229494334,
  "slope": -0.0399361900762725,
  "logdet": 692.9861287431048,
  "log_b1": 8.727671268028462
}