{
  "dim": 100,
  "seed": "1",
  "method": "BKZ",
  "beta": 20,
  "steps_budget": 100,
  "steps_done": 100,
  "time_s": 5.572,
  "max_cos": 0.6253955760926818,
  "mean_cos": 0.1559312592665521,
  "accepted": 100,
  "calls": 100,
  "b1_gh": 2.496350256166605,
  "slope": -0.041370708110271194,
  "logdet": 693.1222151101031,
  "log_b1": 8.758464645346157
}