{
  "dim": 100,
  "seed": "1342",
  "method": "ENUM",
  "beta": 30,
  "steps_budget": 100,
  "steps_done": 100,
  "time_s": 8.887,
  "max_cos": 0.6108449938924395,
  "mean_cos": 0.15479874523879136,
  "accepted": 72,
  "calls": 100,
  "b1_gh": 2.193715473242598,
  "slope": -0.039736101004031264,
  "logdet": 692.5075105223518,
  "log_b1": 8.6230845012319
}