{
  "dim": 100,
  "seed": "1342",
  "method": "BKZ",
  "beta": 20,
  "steps_budget": 100,
  "steps_done": 100,
  "time_s": 5.658,
  "max_cos": 0.6349589012567235,
  "mean_cos": 0.1555803893366847,
  "accepted": 100,
  "calls": 100,
  "b1_gh": 2.1324899211056967,
  "slope": -0.03941926056672783,
  "logdet": 692.507510522351,
  "log_b1": 8.594778105861142
}