{
  "dim": 100,
  "seed": "3234",
  "method": "BKZ",
  "beta": 20,
  "steps_budget": 100,
  "steps_done": 100,
  "time_s": 6.161,
  "max_cos": 0.5682853504645066,
  "mean_cos": 0.15251826228200077,
  "accepted": 100,
  "calls": 100,
  "b1_gh": 2.3144536733240693,
  "slope": -0.03997487983409851,
  "logdet": 692.5883151836903,
  "log_b1": 8.677469543872643
}