{
  "dim": 100,
  "seed": "46937",
  "method": "BKZ",
  "beta": 20,
  "steps_budget": 100,
  "steps_done": 100,
  "time_s": 5.48,
  "max_cos": 0.5975372316935038,
  "mean_cos": 0.15829491557940706,
  "accepted": 100,
  "calls": 100,
  "b1_gh": 2.54457756678764,
  "slope": -0.042047820604384285,
  "logdet": 693.0827570738104,
  "log_b1": 8.777204948011363
}