{
  "dim": 100,
  "seed": "1",
  "method": "LLL",
  "beta": 0,
  "steps_budget": 100,
  "steps_done": 1,
  "time_s": 5.266,
  "max_cos": 0.660040215322951,
  "mean_cos": 0.161616035434579,
  "accepted": 0,
  "calls": 0,
  "b1_gh": 2.4963502561666004,
  "slope": -0.04227896065123342,
  "logdet": 693.1222151101033,
  "log_b1": 8.758464645346157
}