{
  "dim": 100,
  "seed": "3473",
  "method": "ENUM",
  "beta": 30,
  "steps_budget": 100,
  "steps_done": 100,
  "time_s": 8.715,
  "max_cos": 0.5830084533473971,
  "mean_cos": 0.15325150542407462,
  "accepted": 78,
  "calls": 100,
  "b1_gh": 2.337634713093581,
  "slope": -0.03920750268905163,
  "logdet": 692.986128743105,
  "log_b1": 8.69141362581415
}