{
  "dim": 100,
  "seed": "218",
  "method": "BKZ",
  "beta": 20,
  "steps_budget": 100,
  "steps_done": 100,
  "time_s": 5.462,
  "max_cos": 0.5729198994199685,
  "mean_cos": 0.1541861547688831,
  "accepted": 100,
  "calls": 100,
  "b1_gh": 2.3476377280337037,
  "slope": -0.040062165781903476,
  "logdet": 693.1468343062932,
  "log_b1": 8.697290670124124
}