{
  "dim": 100,
  "seed": "46937",
  "method": "ENUM",
  "beta": 30,
  "steps_budget": 100,
  "steps_done": 100,
  "time_s": 5.704,
  "max_cos": 0.6314997061351758,
  "mean_cos": 0.15658552611321278,
  "accepted": 80,
  "calls": 100,
  "b1_gh": 2.196101601384561,
  "slope": -0.03912433212071075,
  "logdet": 693.0827570738109,
  "log_b1": 8.62992408647672
}