{
  "dim": 100,
  "seed": "3234",
  "method": "ENUM",
  "beta": 30,
  "steps_budget": 100,
  "steps_done": 100,
  "time_s": 5.778,
  "max_cos": 0.6469971565869718,
  "mean_cos": 0.15582239903715228,
  "accepted": 81,
  "calls": 100,
  "b1_gh": 2.4280183998674114,
  "slope": -0.04001499935727424,
  "logdet": 692.5883151836906,
  "log_b1": 8.725371329797571
}