{
  "dim": 100,
  "seed": "0",
  "method": "BKZ",
  "beta": 20,
  "steps_budget": 100,
  "steps_done": 100,
  "time_s": 7.527,
  "max_cos": 0.6269321149516962,
  "mean_cos": 0.16585944621646215,
  "accepted": 100,
  "calls": 100,
  "b1_gh": 2.5262626493127165,
  "slope": -0.040254933791835854,
  "logdet": 692.8142667376569,
  "log_b1": 8.767296390842768
}