{
  "dim": 100,
  "seed": "4582",
  "method": "ENUM",
  "beta": 30,
  "steps_budget": 100,
  "steps_done": 100,
  "time_s": 9.281,
  "max_cos": 0.6191476942571957,
  "mean_cos": 0.15498477740212724,
  "accepted": 82,
  "calls": 100,
  "b1_gh": 2.3216189781130443,
  "slope": -0.03974684439042252,
  "logdet": 692.4865232135245,
  "log_b1": 8.679542736426146
}