{
  "dim": 100,
  "seed": "0",
  "method": "ENUM_SIEVE",
  "beta": 40,
  "steps_budget": 100,
  "steps_done": 100,
  "time_s": 2.538,
  "max_cos": 0.6257135800273502,
  "mean_cos": 0.1552015139368652,
  "accepted": 100,
  "calls": 100,
  "b1_gh": 2.3558754986399535,
  "slope": -0.040225426154318275,
  "logdet": 692.8142667376569,
  "log_b1": 8.6974678139823
}