{
  "dim": 101,
  "seed": "1",
  "method": "BKZ",
  "beta": 20,
  "steps_budget": 101,
  "steps_done": 101,
  "time_s": 8.916,
  "max_cos": 0.7012228030937273,
  "mean_cos": 0.16166734807751387,
  "accepted": 101,
  "calls": 101,
  "b1_gh": 2.4356349842188476,
  "slope": -0.04022762915936178,
  "logdet": 699.8190279333338,
  "log_b1": 8.736260937186483
}