{
  "dim": 101,
  "seed": "1",
  "method": "ENUM",
  "beta": 30,
  "steps_budget": 101,
  "steps_done": 101,
  "time_s": 5.832,
  "max_cos": 0.5832157290503647,
  "mean_cos": 0.15546520979478679,
  "accepted": 82,
  "calls": 101,
  "b1_gh": 2.233317475065464,
  "slope": -0.03944589480712431,
  "logdet": 699.8190279333348,
  "log_b1": 8.649541577827655
}