{
  "dim": 101,
  "seed": "891",
  "method": "ENUM",
  "beta": 30,
  "steps_budget": 101,
  "steps_done": 101,
  "time_s": 5.921,
  "max_cos": 0.6457554936526276,
  "mean_cos": 0.15594250852920322,
  "accepted": 83,
  "calls": 101,
  "b1_gh": 2.2111031894685844,
  "slope": -0.038364726620771325,
  "logdet": 699.4809846675579,
  "log_b1": 8.636198049548925
}