{
  "dim": 101,
  "seed": "0",
  "method": "LLL",
  "beta": 0,
  "steps_budget": 101,
  "steps_done": 1,
  "time_s": 5.353,
  "max_cos": 0.7053922772853899,
  "mean_cos": 0.1763185918998279,
  "accepted": 0,
  "calls": 0,
  "b1_gh": 3.0531770702173637,
  "slope": -0.04314008757750169,
  "logdet": 699.8365154247825,
  "log_b1": 8.962409295152577
}