{
  "dim": 101,
  "seed": "1",
  "method": "LLL",
  "beta": 0,
  "steps_budget": 101,
  "steps_done": 1,
  "time_s": 5.462,
  "max_cos": 0.6865187460288472,
  "mean_cos": 0.17219014227722138,
  "accepted": 0,
  "calls": 0,
  "b1_gh": 3.3036824431686296,
  "slope": -0.042241116874881975,
  "logdet": 699.8190279333348,
  "log_b1": 9.041091179038183
}