{
  "dim": 101,
  "seed": "1423",
  "method": "ENUM_SIEVE",
  "beta": 40,
  "steps_budget": 101,
  "steps_done": 101,
  "time_s": 2.681,
  "max_cos": 0.6353059309376076,
  "mean_cos": 0.15384374749309443,
  "accepted": 101,
  "calls": 101,
  "b1_gh": 2.2741551176343107,
  "slope": -0.0398509045603032,
  "logdet": 699.5698103205424,
  "log_b1": 8.665194546285662
}