{
  "dim": 101,
  "seed": "3128",
  "method": "LLL",
  "beta": 0,
  "steps_budget": 101,
  "steps_done": 1,
  "time_s": 8.458,
  "max_cos": 0.594390707624221,
  "mean_cos": 0.15776869416313866,
  "accepted": 0,
  "calls": 0,
  "b1_gh": 2.6216001250045706,
  "slope": -0.04290910154171558,
  "logdet": 700.0221995895618,
  "log_b1": 8.81184990748273
}