{
  "dim": 101,
  "seed": "2",
  "method": "BKZ",
  "beta": 20,
  "steps_budget": 101,
  "steps_done": 101,
  "time_s": 9.072,
  "max_cos": 0.6178113372850325,
  "mean_cos": 0.15322261060600126,
  "accepted": 101,
  "calls": 101,
  "b1_gh": 2.3498316760700124,
  "slope": -0.039967545998531216,
  "logdet": 699.5920245187488,
  "log_b1": 8.698149580667218
}