{
  "dim": 101,
  "seed": "1",
  "method": "ENUM_SIEVE",
  "beta": 40,
  "steps_budget": 101,
  "steps_done": 101,
  "time_s": 2.671,
  "max_cos": 0.6557317235805098,
  "mean_cos": 0.15341239277463908,
  "accepted": 101,
  "calls": 101,
  "b1_gh": 2.2036747818283073,
  "slope": -0.0392847856354078,
  "logdet": 699.8190279333345,
  "log_b1": 8.636179763089775
}