{
  "dim": 101,
  "seed": "0",
  "method": "BKZ",
  "beta": 20,
  "steps_budget": 101,
  "steps_done": 101,
  "time_s": 5.523,
  "max_cos": 0.6160181737649651,
  "mean_cos": 0.1559986578480998,
  "accepted": 101,
  "calls": 101,
  "b1_gh": 2.2819815874457228,
  "slope": -0.041529979796246584,
  "logdet": 699.8365154247814,
  "log_b1": 8.671270767124033
}