{
  "dim": 101,
  "seed": "2438",
  "method": "ENUM_SIEVE",
  "beta": 40,
  "steps_budget": 101,
  "steps_done": 101,
  "time_s": 2.72,
  "max_cos": 0.6912216703792698,
  "mean_cos": 0.15881038595342617,
  "accepted": 101,
  "calls": 101,
  "b1_gh": 2.668421867051256,
  "slope": -0.041545145535942636,
  "logdet": 700.0688161993035,
  "log_b1": 8.83001382862645
}