{
  "dim": 101,
  "seed": "1423",
  "method": "LLL",
  "beta": 0,
  "steps_budget": 101,
  "steps_done": 1,
  "time_s": 5.503,
  "max_cos": 0.6109225847110907,
  "mean_cos": 0.15288810817367893,
  "accepted": 0,
  "calls": 0,
  "b1_gh": 2.2741551176343107,
  "slope": -0.040328836688890535,
  "logdet": 699.5698103205424,
  "log_b1": 8.665194546285662
}