{
  "dim": 101,
  "seed": "2",
  "method": "LLL",
  "beta": 0,
  "steps_budget": 101,
  "steps_done": 1,
  "time_s": 6.677,
  "max_cos": 0.6262619271950607,
  "mean_cos": 0.16847122609660872,
  "accepted": 0,
  "calls": 0,
  "b1_gh": 2.8575085620151834,
  "slope": -0.043250127207411095,
  "logdet": 699.5920245187484,
  "log_b1": 8.89375599529386
}