{
  "dim": 101,
  "seed": "2",
  "method": "ENUM",
  "beta": 30,
  "steps_budget": 101,
  "steps_done": 101,
  "time_s": 9.203,
  "max_cos": 0.5956410929801755,
  "mean_cos": 0.15404158014326344,
  "accepted": 74,
  "calls": 101,
  "b1_gh": 2.2887591734024197,
  "slope": -0.04069861455110907,
  "logdet": 699.5920245187481,
  "log_b1": 8.671815707319677
}