{
  "dim": 101,
  "seed": "891",
  "method": "ENUM_SIEVE",
  "beta": 40,
  "steps_budget": 101,
  "steps_done": 101,
  "time_s": 2.691,
  "max_cos": 0.6043380151863343,
  "mean_cos": 0.15352528627570855,
  "accepted": 101,
  "calls": 101,
  "b1_gh": 2.3626545677156714,
  "slope": -0.03800605869071261,
  "logdet": 699.4809846675573,
  "log_b1": 8.702492281547233
}