{
  "dim": 101,
  "seed": "460",
  "method": "BKZ",
  "beta": 20,
  "steps_budget": 101,
  "steps_done": 101,
  "time_s": 8.754,
  "max_cos": 0.6537482591243606,
  "mean_cos": 0.15906197341419087,
  "accepted": 101,
  "calls": 101,
  "b1_gh": 2.5997561943058476,
  "slope": -0.04195615963215928,
  "logdet": 699.6833722642111,
  "log_b1": 8.800127984613937
}