{
  "dim": 101,
  "seed": "460",
  "method": "ENUM",
  "beta": 30,
  "steps_budget": 101,
  "steps_done": 101,
  "time_s": 9.128,
  "max_cos": 0.5816314326007038,
  "mean_cos": 0.15978682851047146,
  "accepted": 75,
  "calls": 101,
  "b1_gh": 2.5750848187054296,
  "slope": -0.04033679889451686,
  "logdet": 699.6833722642111,
  "log_b1": 8.790592788280435
}