{
  "dim": 101,
  "seed": "5162",
  "method": "ENUM_SIEVE",
  "beta": 40,
  "steps_budget": 101,
  "steps_done": 101,
  "time_s": 2.649,
  "max_cos": 0.6156637227900266,
  "mean_cos": 0.153877817736718,
  "accepted": 101,
  "calls": 101,
  "b1_gh": 2.2033896294857147,
  "slope": -0.03918276029685708,
  "logdet": 699.4068012554239,
  "log_b1": 8.631968903900919
}