{
  "dim": 101,
  "seed": "2",
  "method": "ENUM_SIEVE",
  "beta": 40,
  "steps_budget": 101,
  "steps_done": 101,
  "time_s": 2.652,
  "max_cos": 0.6147463022531153,
  "mean_cos": 0.15473970698493267,
  "accepted": 101,
  "calls": 101,
  "b1_gh": 2.3091346191056816,
  "slope": -0.040646025262997376,
  "logdet": 699.592024518749,
  "log_b1": 8.68067871286167
}