{
  "dim": 101,
  "seed": "891",
  "method": "BKZ",
  "beta": 20,
  "steps_budget": 101,
  "steps_done": 101,
  "time_s": 5.855,
  "max_cos": 0.649811164580875,
  "mean_cos": 0.15967256030098498,
  "accepted": 101,
  "calls": 101,
  "b1_gh": 2.2322213555140484,
  "slope": -0.03952911840000071,
  "logdet": 699.4809846675573,
  "log_b1": 8.645703691032603
}