{
  "dim": 101,
  "seed": "1423",
  "method": "ENUM",
  "beta": 30,
  "steps_budget": 101,
  "steps_done": 101,
  "time_s": 6.129,
  "max_cos": 0.5992085857599946,
  "mean_cos": 0.15331487043503067,
  "accepted": 84,
  "calls": 101,
  "b1_gh": 2.170282934483248,
  "slope": -0.03806464674842223,
  "logdet": 699.5698103205424,
  "log_b1": 8.618443483331786
}