{
  "dim": 101,
  "seed": "3128",
  "method": "ENUM",
  "beta": 30,
  "steps_budget": 101,
  "steps_done": 101,
  "time_s": 9.218,
  "max_cos": 0.6307282021692715,
  "mean_cos": 0.15293977260820477,
  "accepted": 76,
  "calls": 101,
  "b1_gh": 2.1293379732072544,
  "slope": -0.0383916226571121,
  "logdet": 700.0221995895605,
  "log_b1": 8.603876162106557
}