{
  "dim": 101,
  "seed": "0",
  "method": "ENUM_SIEVE",
  "beta": 40,
  "steps_budget": 101,
  "steps_done": 101,
  "time_s": 2.654,
  "max_cos": 0.6598547002132483,
  "mean_cos": 0.15130868794987473,
  "accepted": 101,
  "calls": 101,
  "b1_gh": 2.3125387874436143,
  "slope": -0.040392034361231455,
  "logdet": 699.836515424781,
  "log_b1": 8.684572547533044
}