{
  "dim": 101,
  "seed": "3128",
  "method": "ENUM_SIEVE",
  "beta": 40,
  "steps_budget": 101,
  "steps_done": 101,
  "time_s": 2.67,
  "max_cos": 0.5713637766092263,
  "mean_cos": 0.15286419612082686,
  "accepted": 101,
  "calls": 101,
  "b1_gh": 2.154233944071997,
  "slope": -0.037960181487037316,
  "logdet": 700.0221995895604,
  "log_b1": 8.615500223367127
}