{
  "dim": 101,
  "seed": "5162",
  "method": "LLL",
  "beta": 0,
  "steps_budget": 101,
  "steps_done": 1,
  "time_s": 5.417,
  "max_cos": 0.6420805422311835,
  "mean_cos": 0.16229985880934147,
  "accepted": 0,
  "calls": 0,
  "b1_gh": 2.8234351666616293,
  "slope": -0.04373796438996884,
  "logdet": 699.4068012554235,
  "log_b1": 8.879926276405056
}