{
  "dim": 101,
  "seed": "5162",
  "method": "ENUM",
  "beta": 30,
  "steps_budget": 101,
  "steps_done": 101,
  "time_s": 5.861,
  "max_cos": 0.6325447655719005,
  "mean_cos": 0.15719830175834876,
  "accepted": 72,
  "calls": 101,
  "b1_gh": 2.285592520933188,
  "slope": -0.039633181724433426,
  "logdet": 699.4068012554236,
  "log_b1": 8.668597288258193
}