{
  "dim": 101,
  "seed": "5162",
  "method": "BKZ",
  "beta": 20,
  "steps_budget": 101,
  "steps_done": 101,
  "time_s": 8.913,
  "max_cos": 0.6198310336893524,
  "mean_cos": 0.15784172449582115,
  "accepted": 101,
  "calls": 101,
  "b1_gh": 2.667413022493631,
  "slope": -0.04310881864899269,
  "logdet": 699.4068012554234,
  "log_b1": 8.823081085871237
}