{
  "dim": 101,
  "seed": "0",
  "method": "ENUM",
  "beta": 30,
  "steps_budget": 101,
  "steps_done": 101,
  "time_s": 5.868,
  "max_cos": 0.6263173991183801,
  "mean_cos": 0.1574379296036102,
  "accepted": 85,
  "calls": 101,
  "b1_gh": 2.523129808164354,
  "slope": -0.04111496658103702,
  "logdet": 699.8365154247813,
  "log_b1": 8.771726702582516
}