{
  "dim": 101,
  "seed": "3128",
  "method": "BKZ",
  "beta": 20,
  "steps_budget": 101,
  "steps_done": 101,
  "time_s": 9.13,
  "max_cos": 0.6042367344933026,
  "mean_cos": 0.15532073389092238,
  "accepted": 101,
  "calls": 101,
  "b1_gh": 2.3099441539739374,
  "slope": -0.04026329569144647,
  "logdet": 700.0221995895603,
  "log_b1": 8.685288389870303
}