{
  "dim": 101,
  "seed": "891",
  "method": "LLL",
  "beta": 0,
  "steps_budget": 101,
  "steps_done": 1,
  "time_s": 5.529,
  "max_cos": 0.6931386983818607,
  "mean_cos": 0.17061690610362665,
  "accepted": 0,
  "calls": 0,
  "b1_gh": 2.855241062037288,
  "slope": -0.040731109224608715,
  "logdet": 699.480984667557,
  "log_b1": 8.891862752396374
}