{
  "dim": 101,
  "seed": "460",
  "method": "ENUM_SIEVE",
  "beta": 40,
  "steps_budget": 101,
  "steps_done": 101,
  "time_s": 2.617,
  "max_cos": 0.6496611409092481,
  "mean_cos": 0.15785074245674482,
  "accepted": 101,
  "calls": 101,
  "b1_gh": 2.3685351549578715,
  "slope": -0.040090537176472645,
  "logdet": 699.6833722642116,
  "log_b1": 8.706982001385342
}