{
  "dim": 101,
  "seed": "2438",
  "method": "LLL",
  "beta": 0,
  "steps_budget": 101,
  "steps_done": 1,
  "time_s": 5.457,
  "max_cos": 0.674048139932226,
  "mean_cos": 0.17852452856820342,
  "accepted": 0,
  "calls": 0,
  "b1_gh": 3.8488592842133365,
  "slope": -0.044975531313847246,
  "logdet": 700.0688161993035,
  "log_b1": 9.19630340657169
}