{
  "dim": 101,
  "seed": "2438",
  "method": "BKZ",
  "beta": 20,
  "steps_budget": 101,
  "steps_done": 101,
  "time_s": 8.935,
  "max_cos": 0.6544508770168284,
  "mean_cos": 0.15978260404618416,
  "accepted": 101,
  "calls": 101,
  "b1_gh": 2.5267885488207558,
  "slope": -0.04088042727407918,
  "logdet": 700.0688161993032,
  "log_b1": 8.775475740131514
}