{
  "dim": 101,
  "seed": "2438",
  "method": "ENUM",
  "beta": 30,
  "steps_budget": 101,
  "steps_done": 101,
  "time_s": 5.951,
  "max_cos": 0.689666223391199,
  "mean_cos": 0.15499273948687053,
  "accepted": 81,
  "calls": 101,
  "b1_gh": 2.2055903887105472,
  "slope": -0.040228353266491046,
  "logdet": 700.0688161993031,
  "log_b1": 8.639521815031499
}