{
  "dim": 101,
  "seed": "1423",
  "method": "BKZ",
  "beta": 20,
  "steps_budget": 101,
  "steps_done": 101,
  "time_s": 6.115,
  "max_cos": 0.6423728042809973,
  "mean_cos": 0.15723241905767235,
  "accepted": 101,
  "calls": 101,
  "b1_gh": 2.227210061739493,
  "slope": -0.03901497963659651,
  "logdet": 699.5698103205433,
  "log_b1": 8.644335648535229
}