{
  "dim": 101,
  "seed": "460",
  "method": "LLL",
  "beta": 0,
  "steps_budget": 101,
  "steps_done": 1,
  "time_s": 8.253,
  "max_cos": 0.5985378476285406,
  "mean_cos": 0.1649058663936398,
  "accepted": 0,
  "calls": 0,
  "b1_gh": 3.348969265743926,
  "slope": -0.04540402240429079,
  "logdet": 699.6833722642104,
  "log_b1": 9.053362932029849
}