{
  "dim": 102,
  "seed": "599",
  "method": "BKZ",
  "beta": 20,
  "steps_budget": 102,
  "steps_done": 102,
  "time_s": 9.306,
  "max_cos": 0.6361676944651916,
  "mean_cos": 0.15455151966650468,
  "accepted": 102,
  "calls": 102,
  "b1_gh": 2.353376824348504,
  "slope": -0.03979486670369545,
  "logdet": 706.9183188825997,
  "log_b1": 8.708269746098777
}