{
  "dim": 102,
  "seed": "832",
  "method": "LLL",
  "beta": 0,
  "steps_budget": 102,
  "steps_done": 1,
  "time_s": 8.809,
  "max_cos": 0.7136954237075726,
  "mean_cos": 0.1644609357329945,
  "accepted": 0,
  "calls": 0,
  "b1_gh": 2.9876948494217417,
  "slope": -0.04257320784250613,
  "logdet": 706.9317411400514,
  "log_b1": 8.947052230285042
}