{
  "dim": 102,
  "seed": "1186",
  "method": "ENUM",
  "beta": 30,
  "steps_budget": 102,
  "steps_done": 102,
  "time_s": 7.029,
  "max_cos": 0.6057198625798469,
  "mean_cos": 0.15529090675508497,
  "accepted": 70,
  "calls": 102,
  "b1_gh": 2.285118193743938,
  "slope": -0.03960091888989022,
  "logdet": 706.9824031932736,
  "log_b1": 8.679464529322534
}