{
  "dim": 102,
  "seed": "10",
  "method": "ENUM_SIEVE",
  "beta": 40,
  "steps_budget": 102,
  "steps_done": 102,
  "time_s": 2.71,
  "max_cos": 0.6451890850111721,
  "mean_cos": 0.15597282323589276,
  "accepted": 102,
  "calls": 102,
  "b1_gh": 2.7896742386643965,
  "slope": -0.041092588005659306,
  "logdet": 706.5314623040582,
  "log_b1": 8.874550619957738
}