{
  "dim": 102,
  "seed": "1802",
  "method": "BKZ",
  "beta": 20,
  "steps_budget": 102,
  "steps_done": 102,
  "time_s": 9.312,
  "max_cos": 0.653491048311957,
  "mean_cos": 0.1557733296990796,
  "accepted": 102,
  "calls": 102,
  "b1_gh": 2.428521843879254,
  "slope": -0.03991268770865031,
  "logdet": 706.7255182867926,
  "log_b1": 8.737811078477755
}