{
  "dim": 102,
  "seed": "354",
  "method": "ENUM",
  "beta": 30,
  "steps_budget": 102,
  "steps_done": 102,
  "time_s": 6.056,
  "max_cos": 0.6576569531716213,
  "mean_cos": 0.16048893633987765,
  "accepted": 90,
  "calls": 102,
  "b1_gh": 2.463589625714304,
  "slope": -0.04101276285716427,
  "logdet": 706.9699771311261,
  "log_b1": 8.754544440043134
}