{
  "dim": 102,
  "seed": "354",
  "method": "ENUM_SIEVE",
  "beta": 40,
  "steps_budget": 102,
  "steps_done": 102,
  "time_s": 2.727,
  "max_cos": 0.5989240311415687,
  "mean_cos": 0.15882032137219135,
  "accepted": 102,
  "calls": 102,
  "b1_gh": 2.3729599895591957,
  "slope": -0.03924211542039058,
  "logdet": 706.9699771311259,
  "log_b1": 8.717063072859684
}