{
  "dim": 102,
  "seed": "832",
  "method": "ENUM",
  "beta": 30,
  "steps_budget": 102,
  "steps_done": 102,
  "time_s": 6.214,
  "max_cos": 0.6245679312006,
  "mean_cos": 0.15818725807424813,
  "accepted": 77,
  "calls": 102,
  "b1_gh": 2.351566114427872,
  "slope": -0.038967354810526406,
  "logdet": 706.9317411400508,
  "log_b1": 8.707631631451004
}