{
  "dim": 102,
  "seed": "10",
  "method": "BKZ",
  "beta": 20,
  "steps_budget": 102,
  "steps_done": 102,
  "time_s": 5.986,
  "max_cos": 0.5814472462519821,
  "mean_cos": 0.15983240256686235,
  "accepted": 102,
  "calls": 102,
  "b1_gh": 2.4827563021459693,
  "slope": -0.040362170701666075,
  "logdet": 706.5314623040583,
  "log_b1": 8.757995146448097
}