{
  "dim": 102,
  "seed": "1186",
  "method": "LLL",
  "beta": 0,
  "steps_budget": 102,
  "steps_done": 1,
  "time_s": 8.783,
  "max_cos": 0.6711526712117255,
  "mean_cos": 0.1669453009189729,
  "accepted": 0,
  "calls": 0,
  "b1_gh": 3.011455179126308,
  "slope": -0.04403831020281209,
  "logdet": 706.9824031932731,
  "log_b1": 8.95547019053884
}