{
  "dim": 102,
  "seed": "599",
  "method": "ENUM",
  "beta": 30,
  "steps_budget": 102,
  "steps_done": 102,
  "time_s": 9.534,
  "max_cos": 0.5878657034433555,
  "mean_cos": 0.15057935212094364,
  "accepted": 71,
  "calls": 102,
  "b1_gh": 2.1855977365181753,
  "slope": -0.038873781214118934,
  "logdet": 706.9183188825994,
  "log_b1": 8.634307857590876
}