{
  "dim": 102,
  "seed": "89",
  "method": "LLL",
  "beta": 0,
  "steps_budget": 102,
  "steps_done": 1,
  "time_s": 9.082,
  "max_cos": 0.6452478879528478,
  "mean_cos": 0.158075077576229,
  "accepted": 0,
  "calls": 0,
  "b1_gh": 2.411226259608418,
  "slope": -0.03957681295254817,
  "logdet": 706.4642523835481,
  "log_b1": 8.728102309998633
}