{
  "dim": 102,
  "seed": "89",
  "method": "BKZ",
  "beta": 20,
  "steps_budget": 102,
  "steps_done": 102,
  "time_s": 5.942,
  "max_cos": 0.6168395141593056,
  "mean_cos": 0.15545571500246566,
  "accepted": 102,
  "calls": 102,
  "b1_gh": 2.4112262596084224,
  "slope": -0.03853152408919903,
  "logdet": 706.4642523835478,
  "log_b1": 8.728102309998633
}