{
  "dim": 102,
  "seed": "2319",
  "method": "ENUM",
  "beta": 30,
  "steps_budget": 102,
  "steps_done": 102,
  "time_s": 9.582,
  "max_cos": 0.5994228766527807,
  "mean_cos": 0.1609636398956486,
  "accepted": 74,
  "calls": 102,
  "b1_gh": 2.4109080462976094,
  "slope": -0.0390864824420996,
  "logdet": 706.319171091015,
  "log_b1": 8.726547964108333
}