{
  "dim": 102,
  "seed": "10",
  "method": "LLL",
  "beta": 0,
  "steps_budget": 102,
  "steps_done": 1,
  "time_s": 5.589,
  "max_cos": 0.6059773539073552,
  "mean_cos": 0.16310600200394484,
  "accepted": 0,
  "calls": 0,
  "b1_gh": 2.9706426553841623,
  "slope": -0.046168252235022585,
  "logdet": 706.5314623040581,
  "log_b1": 8.937404102968392
}