{
  "dim": 102,
  "seed": "1802",
  "method": "ENUM_SIEVE",
  "beta": 40,
  "steps_budget": 102,
  "steps_done": 102,
  "time_s": 2.762,
  "max_cos": 0.627508806403731,
  "mean_cos": 0.15415678974080102,
  "accepted": 102,
  "calls": 102,
  "b1_gh": 2.4018117747521734,
  "slope": -0.039388283835136144,
  "logdet": 706.7255182867924,
  "log_b1": 8.72675165961379
}