{
  "dim": 102,
  "seed": "2319",
  "method": "BKZ",
  "beta": 20,
  "steps_budget": 102,
  "steps_done": 102,
  "time_s": 5.931,
  "max_cos": 0.6496316533460721,
  "mean_cos": 0.15828870561555916,
  "accepted": 102,
  "calls": 102,
  "b1_gh": 2.569280845279041,
  "slope": -0.040698560875973996,
  "logdet": 706.3191710910154,
  "log_b1": 8.790170537883093
}