{
  "dim": 102,
  "seed": "354",
  "method": "BKZ",
  "beta": 20,
  "steps_budget": 102,
  "steps_done": 102,
  "time_s": 6.005,
  "max_cos": 0.6336718866431095,
  "mean_cos": 0.1584929482184635,
  "accepted": 102,
  "calls": 102,
  "b1_gh": 2.636495125974913,
  "slope": -0.04114540087117262,
  "logdet": 706.9699771311259,
  "log_b1": 8.82237538756224
}