{
  "dim": 102,
  "seed": "10",
  "method": "ENUM",
  "beta": 30,
  "steps_budget": 102,
  "steps_done": 102,
  "time_s": 6.172,
  "max_cos": 0.7818031473134124,
  "mean_cos": 0.1637832079456169,
  "accepted": 74,
  "calls": 102,
  "b1_gh": 2.461190575336013,
  "slope": -0.03966242835524556,
  "logdet": 706.5314623040589,
  "log_b1": 8.749270997857424
}