{
  "dim": 102,
  "seed": "89",
  "method": "ENUM",
  "beta": 30,
  "steps_budget": 102,
  "steps_done": 102,
  "time_s": 6.243,
  "max_cos": 0.570019947219015,
  "mean_cos": 0.15509431683137676,
  "accepted": 70,
  "calls": 102,
  "b1_gh": 2.149357002814228,
  "slope": -0.037425999798088326,
  "logdet": 706.4642523835478,
  "log_b1": 8.61313559943869
}