{
  "dim": 102,
  "seed": "354",
  "method": "LLL",
  "beta": 0,
  "steps_budget": 102,
  "steps_done": 1,
  "time_s": 6.151,
  "max_cos": 0.650575202356066,
  "mean_cos": 0.16896278957344282,
  "accepted": 0,
  "calls": 0,
  "b1_gh": 3.2785905361415586,
  "slope": -0.04387897982322082,
  "logdet": 706.9699771311258,
  "log_b1": 9.040338571699365
}