{
  "dim": 102,
  "seed": "1802",
  "method": "ENUM",
  "beta": 30,
  "steps_budget": 102,
  "steps_done": 102,
  "time_s": 9.602,
  "max_cos": 0.6220798935966934,
  "mean_cos": 0.15302290171589195,
  "accepted": 82,
  "calls": 102,
  "b1_gh": 2.170810595372872,
  "slope": -0.0397133700226161,
  "logdet": 706.7255182867918,
  "log_b1": 8.625628944967582
}