{
  "dim": 102,
  "seed": "1186",
  "method": "ENUM_SIEVE",
  "beta": 40,
  "steps_budget": 102,
  "steps_done": 102,
  "time_s": 2.756,
  "max_cos": 0.6872864903636842,
  "mean_cos": 0.15239891235862307,
  "accepted": 102,
  "calls": 102,
  "b1_gh": 2.2883426085545056,
  "slope": -0.04000082423349077,
  "logdet": 706.9824031932734,
  "log_b1": 8.680874584195283
}