{
  "dim": 102,
  "seed": "2319",
  "method": "LLL",
  "beta": 0,
  "steps_budget": 102,
  "steps_done": 1,
  "time_s": 5.727,
  "max_cos": 0.6907439594306012,
  "mean_cos": 0.17722204445829137,
  "accepted": 0,
  "calls": 0,
  "b1_gh": 3.189323732708976,
  "slope": -0.04232547900480682,
  "logdet": 706.3191710910145,
  "log_b1": 9.00635340318086
}