{
  "dim": 102,
  "seed": "2319",
  "method": "ENUM_SIEVE",
  "beta": 40,
  "steps_budget": 102,
  "steps_done": 102,
  "time_s": 2.831,
  "max_cos": 0.6143092000005765,
  "mean_cos": 0.15410763040334574,
  "accepted": 102,
  "calls": 102,
  "b1_gh": 2.327385438518748,
  "slope": -0.03968865215971699,
  "logdet": 706.319171091015,
  "log_b1": 8.691290013002387
}