{
  "dim": 102,
  "seed": "599",
  "method": "LLL",
  "beta": 0,
  "steps_budget": 102,
  "steps_done": 1,
  "time_s": 5.685,
  "max_cos": 0.6664545095901532,
  "mean_cos": 0.16849687841119684,
  "accepted": 0,
  "calls": 0,
  "b1_gh": 3.1538605455230333,
  "slope": -0.04316596594033867,
  "logdet": 706.9183188825992,
  "log_b1": 9.00104577527813
}