{
  "dim": 102,
  "seed": "1186",
  "method": "BKZ",
  "beta": 20,
  "steps_budget": 102,
  "steps_done": 102,
  "time_s": 5.992,
  "max_cos": 0.656967796020009,
  "mean_cos": 0.1595549519511072,
  "accepted": 102,
  "calls": 102,
  "b1_gh": 2.8327663970341366,
  "slope": -0.04150068857047942,
  "logdet": 706.9824031932742,
  "log_b1": 8.894300540028814
}