{
  "dim": 102,
  "seed": "24",
  "method": "ENUM_SIEVE",
  "beta": 40,
  "steps_budget": 102,
  "steps_done": 102,
  "time_s": 2.779,
  "max_cos": 0.5748682011565047,
  "mean_cos": 0.1502259278300638,
  "accepted": 102,
  "calls": 102,
  "b1_gh": 2.378717200855224,
  "slope": -0.03970364344224039,
  "logdet": 706.7391745185276,
  "log_b1": 8.71722353667442
}