{
  "dim": 102,
  "seed": "1802",
  "method": "LLL",
  "beta": 0,
  "steps_budget": 102,
  "steps_done": 1,
  "time_s": 8.965,
  "max_cos": 0.6791258245379953,
  "mean_cos": 0.16788194324455644,
  "accepted": 0,
  "calls": 0,
  "b1_gh": 2.788157326359976,
  "slope": -0.04136354362004194,
  "logdet": 706.7255182867926,
  "log_b1": 8.875909222045475
}