{
  "dim": 102,
  "seed": "89",
  "method": "ENUM_SIEVE",
  "beta": 40,
  "steps_budget": 102,
  "steps_done": 102,
  "time_s": 2.786,
  "max_cos": 0.576915077143829,
  "mean_cos": 0.15004573604027244,
  "accepted": 102,
  "calls": 102,
  "b1_gh": 2.1995951703512753,
  "slope": -0.040284503235092785,
  "logdet": 706.4642523835481,
  "log_b1": 8.63624020044253
}