{
  "dim": 102,
  "seed": "832",
  "method": "BKZ",
  "beta": 20,
  "steps_budget": 102,
  "steps_done": 102,
  "time_s": 5.997,
  "max_cos": 0.5947723911400911,
  "mean_cos": 0.15235313829133745,
  "accepted": 102,
  "calls": 102,
  "b1_gh": 2.4289705988687116,
  "slope": -0.040744991916326384,
  "logdet": 706.9317411400516,
  "log_b1": 8.740017639325123
}