{
  "dim": 102,
  "seed": "24",
  "method": "ENUM",
  "beta": 30,
  "steps_budget": 102,
  "steps_done": 102,
  "time_s": 9.795,
  "max_cos": 0.6704568300727498,
  "mean_cos": 0.15334532004118256,
  "accepted": 73,
  "calls": 102,
  "b1_gh": 2.3387931797000068,
  "slope": -0.03921692929486571,
  "logdet": 706.7391745185279,
  "log_b1": 8.700297246697877
}