{
  "dim": 102,
  "seed": "24",
  "method": "BKZ",
  "beta": 20,
  "steps_budget": 102,
  "steps_done": 102,
  "time_s": 9.46,
  "max_cos": 0.6116751193640261,
  "mean_cos": 0.15672241390791955,
  "accepted": 102,
  "calls": 102,
  "b1_gh": 2.318725392350106,
  "slope": -0.03780648990687328,
  "logdet": 706.7391745185272,
  "log_b1": 8.691679820390053
}