{
  "dim": 102,
  "seed": "24",
  "method": "LLL",
  "beta": 0,
  "steps_budget": 102,
  "steps_done": 1,
  "time_s": 8.997,
  "max_cos": 0.6585793945729755,
  "mean_cos": 0.16384498556966504,
  "accepted": 0,
  "calls": 0,
  "b1_gh": 2.8458763007102146,
  "slope": -0.041204310540421986,
  "logdet": 706.7391745185281,
  "log_b1": 8.896533219997348
}