{
  "dim": 102,
  "seed": "832",
  "method": "ENUM_SIEVE",
  "beta": 40,
  "steps_budget": 102,
  "steps_done": 102,
  "time_s": 2.796,
  "max_cos": 0.5962503800548291,
  "mean_cos": 0.154706242779893,
  "accepted": 102,
  "calls": 102,
  "b1_gh": 2.365737753557774,
  "slope": -0.03919116234057549,
  "logdet": 706.9317411400513,
  "log_b1": 8.71364001342523
}