{
  "dim": 102,
  "seed": "599",
  "method": "ENUM_SIEVE",
  "beta": 40,
  "steps_budget": 102,
  "steps_done": 102,
  "time_s": 2.764,
  "max_cos": 0.6064323543308745,
  "mean_cos": 0.15590119346091175,
  "accepted": 102,
  "calls": 102,
  "b1_gh": 2.353376824348479,
  "slope": -0.03873264461050555,
  "logdet": 706.9183188826008,
  "log_b1": 8.708269746098777
}