{
  "dim": 103,
  "seed": "75",
  "method": "LLL",
  "beta": 0,
  "steps_budget": 103,
  "steps_done": 1,
  "time_s": 5.868,
  "max_cos": 0.6432654619855158,
  "mean_cos": 0.17062379899374483,
  "accepted": 0,
  "calls": 0,
  "b1_gh": 3.066393491330244,
  "slope": -0.04343293635775232,
  "logdet": 713.2519689425828,
  "log_b1": 8.971775806252746
}