{
  "dim": 103,
  "seed": "246",
  "method": "ENUM",
  "beta": 30,
  "steps_budget": 103,
  "steps_done": 103,
  "time_s": 9.763,
  "max_cos": 0.6220714386985116,
  "mean_cos": 0.15428843450703092,
  "accepted": 73,
  "calls": 103,
  "b1_gh": 2.4005263613683816,
  "slope": -0.03993699268672368,
  "logdet": 713.480958251301,
  "log_b1": 8.72918492146391
}