{
  "dim": 103,
  "seed": "5099",
  "method": "ENUM",
  "beta": 30,
  "steps_budget": 103,
  "steps_done": 103,
  "time_s": 6.486,
  "max_cos": 0.5813327431956832,
  "mean_cos": 0.15272880969388086,
  "accepted": 74,
  "calls": 103,
  "b1_gh": 2.4571394143167935,
  "slope": -0.03959451725285348,
  "logdet": 713.5607576242742,
  "log_b1": 8.75326947572658
}