{
  "dim": 103,
  "seed": "3",
  "method": "ENUM_SIEVE",
  "beta": 40,
  "steps_budget": 103,
  "steps_done": 103,
  "time_s": 2.9,
  "max_cos": 0.5942949114249352,
  "mean_cos": 0.1601473265407395,
  "accepted": 103,
  "calls": 103,
  "b1_gh": 2.4486525291412806,
  "slope": -0.04002104473898714,
  "logdet": 713.5917957650645,
  "log_b1": 8.75011086843843
}