{
  "dim": 103,
  "seed": "6787",
  "method": "BKZ",
  "beta": 20,
  "steps_budget": 103,
  "steps_done": 103,
  "time_s": 9.595,
  "max_cos": 0.6530727461432317,
  "mean_cos": 0.15809579397108992,
  "accepted": 103,
  "calls": 103,
  "b1_gh": 2.6073968651858954,
  "slope": -0.04082024425500534,
  "logdet": 713.3292572730645,
  "log_b1": 8.81037641985822
}