{
  "dim": 103,
  "seed": "2567",
  "method": "BKZ",
  "beta": 20,
  "steps_budget": 103,
  "steps_done": 103,
  "time_s": 6.242,
  "max_cos": 0.6573637708058672,
  "mean_cos": 0.15727350201051812,
  "accepted": 103,
  "calls": 103,
  "b1_gh": 2.679986993509733,
  "slope": -0.040482560875996894,
  "logdet": 713.3314837484573,
  "log_b1": 8.837857623497202
}