{
  "dim": 103,
  "seed": "5099",
  "method": "ENUM_SIEVE",
  "beta": 40,
  "steps_budget": 103,
  "steps_done": 103,
  "time_s": 2.862,
  "max_cos": 0.6057366002997737,
  "mean_cos": 0.1544940686322865,
  "accepted": 103,
  "calls": 103,
  "b1_gh": 2.327911575823365,
  "slope": -0.03904725433801589,
  "logdet": 713.5607576242736,
  "log_b1": 8.699243188367682
}