{
  "dim": 103,
  "seed": "3",
  "method": "ENUM",
  "beta": 30,
  "steps_budget": 103,
  "steps_done": 103,
  "time_s": 6.482,
  "max_cos": 0.6128549371321583,
  "mean_cos": 0.15631065591693305,
  "accepted": 79,
  "calls": 103,
  "b1_gh": 2.383733037378264,
  "slope": -0.039591009746920564,
  "logdet": 713.591795765064,
  "log_b1": 8.7232407452536
}