{
  "dim": 103,
  "seed": "75",
  "method": "ENUM",
  "beta": 30,
  "steps_budget": 103,
  "steps_done": 103,
  "time_s": 6.417,
  "max_cos": 0.6954128691339785,
  "mean_cos": 0.15881191356848315,
  "accepted": 82,
  "calls": 103,
  "b1_gh": 2.458875223563365,
  "slope": -0.03917031606213654,
  "logdet": 713.2519689425811,
  "log_b1": 8.750977712938406
}