{
  "dim": 103,
  "seed": "2567",
  "method": "ENUM_SIEVE",
  "beta": 40,
  "steps_budget": 103,
  "steps_done": 103,
  "time_s": 2.856,
  "max_cos": 0.6328391879210739,
  "mean_cos": 0.15796023005002582,
  "accepted": 103,
  "calls": 103,
  "b1_gh": 2.6192712470104604,
  "slope": -0.04104596404725716,
  "logdet": 713.3314837484565,
  "log_b1": 8.814941811240327
}