{
  "dim": 103,
  "seed": "10",
  "method": "BKZ",
  "beta": 20,
  "steps_budget": 103,
  "steps_done": 103,
  "time_s": 9.927,
  "max_cos": 0.5871211628967627,
  "mean_cos": 0.15512158247951655,
  "accepted": 103,
  "calls": 103,
  "b1_gh": 2.6240212588482734,
  "slope": -0.040946851591454,
  "logdet": 713.4569762443106,
  "log_b1": 8.81797202864462
}