{
  "dim": 103,
  "seed": "3",
  "method": "BKZ",
  "beta": 20,
  "steps_budget": 103,
  "steps_done": 103,
  "time_s": 6.958,
  "max_cos": 0.6277670759686851,
  "mean_cos": 0.1539732630580841,
  "accepted": 103,
  "calls": 103,
  "b1_gh": 2.521407459305384,
  "slope": -0.04052045819972786,
  "logdet": 713.5917957650639,
  "log_b1": 8.779390244495245
}