{
  "dim": 103,
  "seed": "0",
  "method": "LLL",
  "beta": 0,
  "steps_budget": 103,
  "steps_done": 1,
  "time_s": 5.992,
  "max_cos": 0.6766595139133418,
  "mean_cos": 0.17796489720939215,
  "accepted": 0,
  "calls": 0,
  "b1_gh": 3.6793235530225084,
  "slope": -0.04219968635281579,
  "logdet": 713.8825362680656,
  "log_b1": 9.160124624787391
}