{
  "dim": 103,
  "seed": "2567",
  "method": "LLL",
  "beta": 0,
  "steps_budget": 103,
  "steps_done": 1,
  "time_s": 9.157,
  "max_cos": 0.6711659119957993,
  "mean_cos": 0.1647766473633502,
  "accepted": 0,
  "calls": 0,
  "b1_gh": 3.028663462289043,
  "slope": -0.04250227356868199,
  "logdet": 713.3314837484576,
  "log_b1": 8.960167102806821
}