{
  "dim": 103,
  "seed": "75",
  "method": "ENUM_SIEVE",
  "beta": 40,
  "steps_budget": 103,
  "steps_done": 103,
  "time_s": 2.849,
  "max_cos": 0.5834037596074375,
  "mean_cos": 0.15460170727163713,
  "accepted": 103,
  "calls": 103,
  "b1_gh": 2.3077218383169265,
  "slope": -0.04134448111289498,
  "logdet": 713.2519689425811,
  "log_b1": 8.687534514470402
}