{
  "dim": 103,
  "seed": "246",
  "method": "BKZ",
  "beta": 20,
  "steps_budget": 103,
  "steps_done": 103,
  "time_s": 6.183,
  "max_cos": 0.6354130815991703,
  "mean_cos": 0.1559663086193061,
  "accepted": 103,
  "calls": 103,
  "b1_gh": 2.4699526534441425,
  "slope": -0.04025096923352169,
  "logdet": 713.480958251301,
  "log_b1": 8.757695872729762
}