{
  "dim": 103,
  "seed": "0",
  "method": "BKZ",
  "beta": 20,
  "steps_budget": 103,
  "steps_done": 103,
  "time_s": 6.329,
  "max_cos": 0.6280763517424189,
  "mean_cos": 0.15496355596922906,
  "accepted": 103,
  "calls": 103,
  "b1_gh": 2.2895580263297006,
  "slope": -0.039257896103854856,
  "logdet": 713.8825362680657,
  "log_b1": 8.68575450395263
}