{
  "dim": 103,
  "seed": "75",
  "method": "BKZ",
  "beta": 20,
  "steps_budget": 103,
  "steps_done": 103,
  "time_s": 6.102,
  "max_cos": 0.6604664389654344,
  "mean_cos": 0.15877906448068094,
  "accepted": 103,
  "calls": 103,
  "b1_gh": 2.5172328936633366,
  "slope": -0.039775988426534015,
  "logdet": 713.2519689425811,
  "log_b1": 8.774433933893437
}