{
  "dim": 103,
  "seed": "6787",
  "method": "ENUM_SIEVE",
  "beta": 40,
  "steps_budget": 103,
  "steps_done": 103,
  "time_s": 2.899,
  "max_cos": 0.6171084171668207,
  "mean_cos": 0.15101590357551942,
  "accepted": 103,
  "calls": 103,
  "b1_gh": 2.3724207526349,
  "slope": -0.04039114460381603,
  "logdet": 713.3292572730638,
  "log_b1": 8.715934914360218
}