{
  "dim": 103,
  "seed": "1",
  "method": "BKZ",
  "beta": 20,
  "steps_budget": 103,
  "steps_done": 103,
  "time_s": 8.32,
  "max_cos": 0.6434977451060103,
  "mean_cos": 0.1558519764326933,
  "accepted": 103,
  "calls": 103,
  "b1_gh": 2.367112686108661,
  "slope": -0.04023280384564718,
  "logdet": 713.4013003120036,
  "log_b1": 8.714394449410424
}