{
  "dim": 103,
  "seed": "10",
  "method": "ENUM_SIEVE",
  "beta": 40,
  "steps_budget": 103,
  "steps_done": 103,
  "time_s": 2.856,
  "max_cos": 0.5994785708615897,
  "mean_cos": 0.154495855775748,
  "accepted": 103,
  "calls": 103,
  "b1_gh": 2.35769710916627,
  "slope": -0.03981883654345573,
  "logdet": 713.4569762443097,
  "log_b1": 8.710949397333213
}