{
  "dim": 103,
  "seed": "1",
  "method": "LLL",
  "beta": 0,
  "steps_budget": 103,
  "steps_done": 1,
  "time_s": 5.99,
  "max_cos": 0.6460599827853175,
  "mean_cos": 0.16642608198852551,
  "accepted": 0,
  "calls": 0,
  "b1_gh": 3.065431372488024,
  "slope": -0.04080768786285414,
  "logdet": 713.401300312004,
  "log_b1": 8.97291181378495
}