{
  "dim": 103,
  "seed": "2567",
  "method": "ENUM",
  "beta": 30,
  "steps_budget": 103,
  "steps_done": 103,
  "time_s": 7.046,
  "max_cos": 0.6028973122597997,
  "mean_cos": 0.1508157255415468,
  "accepted": 79,
  "calls": 103,
  "b1_gh": 2.1939805423992302,
  "slope": -0.04055639848232383,
  "logdet": 713.3314837484572,
  "log_b1": 8.637763175416989
}