{
  "dim": 103,
  "seed": "0",
  "method": "ENUM_SIEVE",
  "beta": 40,
  "steps_budget": 103,
  "steps_done": 103,
  "time_s": 2.914,
  "max_cos": 0.5843381362443499,
  "mean_cos": 0.14945869063694092,
  "accepted": 103,
  "calls": 103,
  "b1_gh": 2.1420758273150073,
  "slope": -0.03951148943854559,
  "logdet": 713.8825362680656,
  "log_b1": 8.619171078255853
}