{
  "dim": 103,
  "seed": "10",
  "method": "LLL",
  "beta": 0,
  "steps_budget": 103,
  "steps_done": 1,
  "time_s": 9.36,
  "max_cos": 0.7092346007096094,
  "mean_cos": 0.16810789484057675,
  "accepted": 0,
  "calls": 0,
  "b1_gh": 3.1237332683371295,
  "slope": -0.04212983131671027,
  "logdet": 713.4569762443097,
  "log_b1": 8.992292902778413
}