{
  "dim": 103,
  "seed": "246",
  "method": "LLL",
  "beta": 0,
  "steps_budget": 103,
  "steps_done": 1,
  "time_s": 8.977,
  "max_cos": 0.639374284293585,
  "mean_cos": 0.1663654558986248,
  "accepted": 0,
  "calls": 0,
  "b1_gh": 3.104638628805713,
  "slope": -0.04507446946978623,
  "logdet": 713.4809582513027,
  "log_b1": 8.9863942158946
}