{
  "dim": 103,
  "seed": "1",
  "method": "ENUM_SIEVE",
  "beta": 40,
  "steps_budget": 103,
  "steps_done": 103,
  "time_s": 2.899,
  "max_cos": 0.6144604969630971,
  "mean_cos": 0.15484043514182153,
  "accepted": 103,
  "calls": 103,
  "b1_gh": 2.4189160617870367,
  "slope": -0.03964421732645035,
  "logdet": 713.4013003120035,
  "log_b1": 8.736043044343484
}