{
  "dim": 103,
  "seed": "6787",
  "method": "ENUM",
  "beta": 30,
  "steps_budget": 103,
  "steps_done": 103,
  "time_s": 6.272,
  "max_cos": 0.6097704730548907,
  "mean_cos": 0.1573864336986214,
  "accepted": 77,
  "calls": 103,
  "b1_gh": 2.3292005280893675,
  "slope": -0.04120961838418487,
  "logdet": 713.3292572730643,
  "log_b1": 8.697549153594714
}