{
  "dim": 103,
  "seed": "1",
  "method": "ENUM",
  "beta": 30,
  "steps_budget": 103,
  "steps_done": 103,
  "time_s": 9.954,
  "max_cos": 0.6136715515692386,
  "mean_cos": 0.1581791347200915,
  "accepted": 91,
  "calls": 103,
  "b1_gh": 2.410912999545907,
  "slope": -0.03919184136067575,
  "logdet": 713.4013003120043,
  "log_b1": 8.732729026615695
}