{
  "dim": 103,
  "seed": "0",
  "method": "ENUM",
  "beta": 30,
  "steps_budget": 103,
  "steps_done": 103,
  "time_s": 6.384,
  "max_cos": 0.6037819138701177,
  "mean_cos": 0.14907879931634946,
  "accepted": 85,
  "calls": 103,
  "b1_gh": 2.331949828650231,
  "slope": -0.03927074969297657,
  "logdet": 713.8825362680653,
  "log_b1": 8.704100460572317
}