{
  "dim": 103,
  "seed": "246",
  "method": "ENUM_SIEVE",
  "beta": 40,
  "steps_budget": 103,
  "steps_done": 103,
  "time_s": 2.86,
  "max_cos": 0.6260579108773892,
  "mean_cos": 0.15914100211219848,
  "accepted": 103,
  "calls": 103,
  "b1_gh": 2.6897925201438624,
  "slope": -0.039769169311081355,
  "logdet": 713.4809582513017,
  "log_b1": 8.842960951500729
}