{
  "dim": 103,
  "seed": "10",
  "method": "ENUM",
  "beta": 30,
  "steps_budget": 103,
  "steps_done": 103,
  "time_s": 9.959,
  "max_cos": 0.6310829193713352,
  "mean_cos": 0.15556354281072154,
  "accepted": 70,
  "calls": 103,
  "b1_gh": 2.4740709375907985,
  "slope": -0.040252760062705735,
  "logdet": 713.4569762443108,
  "log_b1": 8.759129002697593
}