{
  "dim": 103,
  "seed": "5099",
  "method": "BKZ",
  "beta": 20,
  "steps_budget": 103,
  "steps_done": 103,
  "time_s": 10.299,
  "max_cos": 0.6832463112712197,
  "mean_cos": 0.15807864495989907,
  "accepted": 103,
  "calls": 103,
  "b1_gh": 2.531595729167109,
  "slope": -0.04043888852126063,
  "logdet": 713.560757624274,
  "log_b1": 8.783121469021838
}