{
  "dim": 103,
  "seed": "3",
  "method": "LLL",
  "beta": 0,
  "steps_budget": 103,
  "steps_done": 1,
  "time_s": 5.839,
  "max_cos": 0.7145444566866854,
  "mean_cos": 0.16749216490805138,
  "accepted": 0,
  "calls": 0,
  "b1_gh": 2.838105427484249,
  "slope": -0.04174372219623067,
  "logdet": 713.5917957650637,
  "log_b1": 8.89770970984872
}