{
  "dim": 103,
  "seed": "6787",
  "method": "LLL",
  "beta": 0,
  "steps_budget": 103,
  "steps_done": 1,
  "time_s": 9.111,
  "max_cos": 0.7174318286012124,
  "mean_cos": 0.16887525148419827,
  "accepted": 0,
  "calls": 0,
  "b1_gh": 3.4829665460758448,
  "slope": -0.04345081139395527,
  "logdet": 713.3292572730646,
  "log_b1": 9.099908452309514
}