{
  "dim": 103,
  "seed": "5099",
  "method": "LLL",
  "beta": 0,
  "steps_budget": 103,
  "steps_done": 1,
  "time_s": 9.749,
  "max_cos": 0.7580373428988122,
  "mean_cos": 0.17104927993584515,
  "accepted": 0,
  "calls": 0,
  "b1_gh": 3.138702152684167,
  "slope": -0.04175956741060982,
  "logdet": 713.5607576242736,
  "log_b1": 8.998081029419897
}