{
  "dim": 104,
  "seed": "4081",
  "method": "BKZ",
  "beta": 20,
  "steps_budget": 104,
  "steps_done": 104,
  "time_s": 10.567,
  "max_cos": 0.6032604409821505,
  "mean_cos": 0.15760099077151501,
  "accepted": 104,
  "calls": 104,
  "b1_gh": 2.430517506647962,
  "slope": -0.039882770370219436,
  "logdet": 720.8589869046486,
  "log_b1": 8.750545249834525
}