{
  "dim": 104,
  "seed": "319",
  "method": "ENUM",
  "beta": 30,
  "steps_budget": 104,
  "steps_done": 104,
  "time_s": 6.501,
  "max_cos": 0.6247555574218882,
  "mean_cos": 0.15456236703695628,
  "accepted": 75,
  "calls": 104,
  "b1_gh": 2.4389836628584205,
  "slope": -0.03892070028355574,
  "logdet": 720.3998885160061,
  "log_b1": 8.74960806279051
}