{
  "dim": 104,
  "seed": "319",
  "method": "BKZ",
  "beta": 20,
  "steps_budget": 104,
  "steps_done": 104,
  "time_s": 10.031,
  "max_cos": 0.6027882467452181,
  "mean_cos": 0.15635634570167178,
  "accepted": 104,
  "calls": 104,
  "b1_gh": 2.5779643195405604,
  "slope": -0.039693019884872144,
  "logdet": 720.3998885160063,
  "log_b1": 8.805026705931004
}