{
  "dim": 104,
  "seed": "35",
  "method": "BKZ",
  "beta": 20,
  "steps_budget": 104,
  "steps_done": 104,
  "time_s": 10.125,
  "max_cos": 0.6426459434919201,
  "mean_cos": 0.15513308011753638,
  "accepted": 104,
  "calls": 104,
  "b1_gh": 2.6183839432788503,
  "slope": -0.03962679584616334,
  "logdet": 720.585201171561,
  "log_b1": 8.822365806253066
}