{
  "dim": 104,
  "seed": "85",
  "method": "ENUM_SIEVE",
  "beta": 40,
  "steps_budget": 104,
  "steps_done": 104,
  "time_s": 2.957,
  "max_cos": 0.5958737034035817,
  "mean_cos": 0.15379249073470172,
  "accepted": 104,
  "calls": 104,
  "b1_gh": 2.425428426093953,
  "slope": -0.040306816444956754,
  "logdet": 720.3986603468204,
  "log_b1": 8.744023011894349
}