{
  "dim": 104,
  "seed": "228",
  "method": "BKZ",
  "beta": 20,
  "steps_budget": 104,
  "steps_done": 104,
  "time_s": 10.036,
  "max_cos": 0.6043484878551997,
  "mean_cos": 0.15835310613617706,
  "accepted": 104,
  "calls": 104,
  "b1_gh": 2.539013827300289,
  "slope": -0.039934960379100465,
  "logdet": 720.4973362793467,
  "log_b1": 8.790739388269424
}