{
  "dim": 104,
  "seed": "77",
  "method": "ENUM",
  "beta": 30,
  "steps_budget": 104,
  "steps_done": 104,
  "time_s": 10.566,
  "max_cos": 0.6148208781637854,
  "mean_cos": 0.15490841696900462,
  "accepted": 89,
  "calls": 104,
  "b1_gh": 2.4260071778195917,
  "slope": -0.040320375987110066,
  "logdet": 720.4851751315541,
  "log_b1": 8.745093474708233
}