{
  "dim": 104,
  "seed": "319",
  "method": "LLL",
  "beta": 0,
  "steps_budget": 104,
  "steps_done": 1,
  "time_s": 9.529,
  "max_cos": 0.6303379714425804,
  "mean_cos": 0.15991919773207713,
  "accepted": 0,
  "calls": 0,
  "b1_gh": 2.8875567949667005,
  "slope": -0.041019683685703995,
  "logdet": 720.3998885160062,
  "log_b1": 8.918437386781205
}