{
  "dim": 104,
  "seed": "319",
  "method": "ENUM_SIEVE",
  "beta": 40,
  "steps_budget": 104,
  "steps_done": 104,
  "time_s": 2.981,
  "max_cos": 0.6359613816751312,
  "mean_cos": 0.15841384619194612,
  "accepted": 104,
  "calls": 104,
  "b1_gh": 2.3520884462269174,
  "slope": -0.03920952700576772,
  "logdet": 720.3998885160054,
  "log_b1": 8.713330275891844
}