{
  "dim": 104,
  "seed": "85",
  "method": "LLL",
  "beta": 0,
  "steps_budget": 104,
  "steps_done": 1,
  "time_s": 9.705,
  "max_cos": 0.5974269000392234,
  "mean_cos": 0.1618786735056751,
  "accepted": 0,
  "calls": 0,
  "b1_gh": 2.897043896923841,
  "slope": -0.04336632111395417,
  "logdet": 720.3986603468209,
  "log_b1": 8.921705703772854
}