{
  "dim": 104,
  "seed": "4081",
  "method": "ENUM",
  "beta": 30,
  "steps_budget": 104,
  "steps_done": 104,
  "time_s": 6.776,
  "max_cos": 0.6662551596160512,
  "mean_cos": 0.1567332358503783,
  "accepted": 70,
  "calls": 104,
  "b1_gh": 2.406111521165373,
  "slope": -0.03816693049251368,
  "logdet": 720.8589869046482,
  "log_b1": 8.740453017209644
}