{
  "dim": 104,
  "seed": "82",
  "method": "BKZ",
  "beta": 20,
  "steps_budget": 104,
  "steps_done": 104,
  "time_s": 6.464,
  "max_cos": 0.5601929112909061,
  "mean_cos": 0.15587073907570007,
  "accepted": 104,
  "calls": 104,
  "b1_gh": 2.4338110214458926,
  "slope": -0.04072067519751132,
  "logdet": 720.8457856842058,
  "log_b1": 8.7517724650485
}