{
  "dim": 104,
  "seed": "77",
  "method": "BKZ",
  "beta": 20,
  "steps_budget": 104,
  "steps_done": 104,
  "time_s": 6.426,
  "max_cos": 0.6729834210365686,
  "mean_cos": 0.16028509872564878,
  "accepted": 104,
  "calls": 104,
  "b1_gh": 2.6012782972139097,
  "slope": -0.04074206854384801,
  "logdet": 720.485175131555,
  "log_b1": 8.814849682465631
}