{
  "dim": 104,
  "seed": "0",
  "method": "ENUM",
  "beta": 30,
  "steps_budget": 104,
  "steps_done": 104,
  "time_s": 6.675,
  "max_cos": 0.6340377907861431,
  "mean_cos": 0.15457094892225706,
  "accepted": 74,
  "calls": 104,
  "b1_gh": 2.197502381881899,
  "slope": -0.04048147174844111,
  "logdet": 720.8665691121253,
  "log_b1": 8.649835389780323
}