{
  "dim": 104,
  "seed": "228",
  "method": "ENUM_SIEVE",
  "beta": 40,
  "steps_budget": 104,
  "steps_done": 104,
  "time_s": 3.013,
  "max_cos": 0.5956155960468387,
  "mean_cos": 0.1557091257220704,
  "accepted": 104,
  "calls": 104,
  "b1_gh": 2.493249013422982,
  "slope": -0.03955700801907115,
  "logdet": 720.4973362793464,
  "log_b1": 8.772550324199186
}