{
  "dim": 104,
  "seed": "0",
  "method": "BKZ",
  "beta": 20,
  "steps_budget": 104,
  "steps_done": 104,
  "time_s": 9.997,
  "max_cos": 0.6155723172121911,
  "mean_cos": 0.15739036818887334,
  "accepted": 104,
  "calls": 104,
  "b1_gh": 2.519386569015594,
  "slope": -0.04074004625211298,
  "logdet": 720.8665691121246,
  "log_b1": 8.786529402195256
}