{
  "dim": 104,
  "seed": "77",
  "method": "LLL",
  "beta": 0,
  "steps_budget": 104,
  "steps_done": 1,
  "time_s": 9.463,
  "max_cos": 0.6750885472029613,
  "mean_cos": 0.1727474545765547,
  "accepted": 0,
  "calls": 0,
  "b1_gh": 3.312863121322859,
  "slope": -0.042313271000785364,
  "logdet": 720.485175131554,
  "log_b1": 9.056659512321
}