{
  "dim": 104,
  "seed": "228",
  "method": "LLL",
  "beta": 0,
  "steps_budget": 104,
  "steps_done": 1,
  "time_s": 9.776,
  "max_cos": 0.6557920935988366,
  "mean_cos": 0.17009295885739792,
  "accepted": 0,
  "calls": 0,
  "b1_gh": 3.0756959842893874,
  "slope": -0.042699057631914165,
  "logdet": 720.4973362793464,
  "log_b1": 8.982494851601164
}