{
  "dim": 104,
  "seed": "10",
  "method": "ENUM",
  "beta": 30,
  "steps_budget": 104,
  "steps_done": 104,
  "time_s": 10.415,
  "max_cos": 0.6273899873328955,
  "mean_cos": 0.15470859737639184,
  "accepted": 81,
  "calls": 104,
  "b1_gh": 2.349161320639756,
  "slope": -0.03917246039525712,
  "logdet": 720.3991398959779,
  "log_b1": 8.712077823228064
}