{
  "dim": 104,
  "seed": "35",
  "method": "ENUM_SIEVE",
  "beta": 40,
  "steps_budget": 104,
  "steps_done": 104,
  "time_s": 2.956,
  "max_cos": 0.6561015059259242,
  "mean_cos": 0.1517919369822008,
  "accepted": 104,
  "calls": 104,
  "b1_gh": 2.3166181113258473,
  "slope": -0.03942395143833479,
  "logdet": 720.585201171561,
  "log_b1": 8.699916905880475
}