{
  "dim": 104,
  "seed": "228",
  "method": "ENUM",
  "beta": 30,
  "steps_budget": 104,
  "steps_done": 104,
  "time_s": 6.703,
  "max_cos": 0.5826493663174649,
  "mean_cos": 0.15267982771025837,
  "accepted": 76,
  "calls": 104,
  "b1_gh": 2.454117904698733,
  "slope": -0.03980740786149355,
  "logdet": 720.4973362793473,
  "log_b1": 8.756731030657683
}