{
  "dim": 104,
  "seed": "82",
  "method": "ENUM",
  "beta": 30,
  "steps_budget": 104,
  "steps_done": 104,
  "time_s": 9.863,
  "max_cos": 0.7297457367548466,
  "mean_cos": 0.15080427038936436,
  "accepted": 81,
  "calls": 104,
  "b1_gh": 2.308571974272819,
  "slope": -0.03928929909307728,
  "logdet": 720.8457856842062,
  "log_b1": 8.698943255063508
}