{
  "dim": 104,
  "seed": "0",
  "method": "LLL",
  "beta": 0,
  "steps_budget": 104,
  "steps_done": 1,
  "time_s": 9.69,
  "max_cos": 0.6555212775257268,
  "mean_cos": 0.16461528192982042,
  "accepted": 0,
  "calls": 0,
  "b1_gh": 3.2681467698131774,
  "slope": -0.042764721822224426,
  "logdet": 720.866569112125,
  "log_b1": 9.046737042491234
}