{
  "dim": 104,
  "seed": "4081",
  "method": "LLL",
  "beta": 0,
  "steps_budget": 104,
  "steps_done": 1,
  "time_s": 6.127,
  "max_cos": 0.7340668571467314,
  "mean_cos": 0.16500642331227933,
  "accepted": 0,
  "calls": 0,
  "b1_gh": 2.942139192469845,
  "slope": -0.04078553054709986,
  "logdet": 720.8589869046485,
  "log_b1": 8.941577982709685
}