{
  "dim": 104,
  "seed": "85",
  "method": "ENUM",
  "beta": 30,
  "steps_budget": 104,
  "steps_done": 104,
  "time_s": 6.584,
  "max_cos": 0.6242519092298671,
  "mean_cos": 0.15322734282251335,
  "accepted": 80,
  "calls": 104,
  "b1_gh": 2.3252052503175666,
  "slope": -0.03958571080495075,
  "logdet": 720.3986603468197,
  "log_b1": 8.701823147404468
}