{
  "dim": 104,
  "seed": "85",
  "method": "BKZ",
  "beta": 20,
  "steps_budget": 104,
  "steps_done": 104,
  "time_s": 6.287,
  "max_cos": 0.6020520616101057,
  "mean_cos": 0.1579839359707163,
  "accepted": 104,
  "calls": 104,
  "b1_gh": 2.3775462665221143,
  "slope": -0.03908623724134733,
  "logdet": 720.3986603468204,
  "log_b1": 8.724083807959676
}