{
  "dim": 104,
  "seed": "0",
  "method": "ENUM_SIEVE",
  "beta": 40,
  "steps_budget": 104,
  "steps_done": 104,
  "time_s": 2.949,
  "max_cos": 0.6423459630047577,
  "mean_cos": 0.15779544526208547,
  "accepted": 104,
  "calls": 104,
  "b1_gh": 2.572676447173784,
  "slope": -0.04085219894239115,
  "logdet": 720.8665691121248,
  "log_b1": 8.8074607314386
}