{
  "dim": 104,
  "seed": "10",
  "method": "LLL",
  "beta": 0,
  "steps_budget": 104,
  "steps_done": 1,
  "time_s": 6.215,
  "max_cos": 0.6546547826956354,
  "mean_cos": 0.17402837859895473,
  "accepted": 0,
  "calls": 0,
  "b1_gh": 3.062459374244875,
  "slope": -0.04264844375416005,
  "logdet": 720.3991398959755,
  "log_b1": 8.977237753834832
}