{
  "dim": 104,
  "seed": "82",
  "method": "ENUM_SIEVE",
  "beta": 40,
  "steps_budget": 104,
  "steps_done": 104,
  "time_s": 2.964,
  "max_cos": 0.6520453655274132,
  "mean_cos": 0.15213169942020585,
  "accepted": 104,
  "calls": 104,
  "b1_gh": 2.463827136476535,
  "slope": -0.04075889775116448,
  "logdet": 720.8457856842072,
  "log_b1": 8.76403000220485
}