{
  "dim": 104,
  "seed": "10",
  "method": "ENUM_SIEVE",
  "beta": 40,
  "steps_budget": 104,
  "steps_done": 104,
  "time_s": 2.968,
  "max_cos": 0.6247427628019928,
  "mean_cos": 0.15757313478884932,
  "accepted": 104,
  "calls": 104,
  "b1_gh": 2.587219496930209,
  "slope": -0.03974904848479651,
  "logdet": 720.3991398959753,
  "log_b1": 8.808603189336196
}