{
  "dim": 104,
  "seed": "77",
  "method": "ENUM_SIEVE",
  "beta": 40,
  "steps_budget": 104,
  "steps_done": 104,
  "time_s": 2.996,
  "max_cos": 0.6369689568470631,
  "mean_cos": 0.15449515271346148,
  "accepted": 104,
  "calls": 104,
  "b1_gh": 2.304542384793454,
  "slope": -0.03960008851590509,
  "logdet": 720.4851751315548,
  "log_b1": 8.693728830680884
}