{
  "dim": 104,
  "seed": "10",
  "method": "BKZ",
  "beta": 20,
  "steps_budget": 104,
  "steps_done": 104,
  "time_s": 6.583,
  "max_cos": 0.6071905830835527,
  "mean_cos": 0.15865703031298695,
  "accepted": 104,
  "calls": 104,
  "b1_gh": 2.4380280867417703,
  "slope": -0.040409730170690564,
  "logdet": 720.3991398959755,
  "log_b1": 8.749208995000084
}