{
  "dim": 104,
  "seed": "35",
  "method": "LLL",
  "beta": 0,
  "steps_budget": 104,
  "steps_done": 1,
  "time_s": 6.212,
  "max_cos": 0.6059786836846207,
  "mean_cos": 0.16575339285603324,
  "accepted": 0,
  "calls": 0,
  "b1_gh": 2.976341063753406,
  "slope": -0.04087891301381837,
  "logdet": 720.5852011715613,
  "log_b1": 8.950503209491524
}