{
  "dim": 104,
  "seed": "4081",
  "method": "ENUM_SIEVE",
  "beta": 40,
  "steps_budget": 104,
  "steps_done": 104,
  "time_s": 3.004,
  "max_cos": 0.6087082054151037,
  "mean_cos": 0.15718992539372234,
  "accepted": 104,
  "calls": 104,
  "b1_gh": 2.3224179847390323,
  "slope": -0.0387679239171506,
  "logdet": 720.8589869046484,
  "log_b1": 8.70504992718721
}