{
  "dim": 104,
  "seed": "82",
  "method": "LLL",
  "beta": 0,
  "steps_budget": 104,
  "steps_done": 1,
  "time_s": 6.15,
  "max_cos": 0.6628360304704812,
  "mean_cos": 0.1699558717450927,
  "accepted": 0,
  "calls": 0,
  "b1_gh": 3.3061847534085054,
  "slope": -0.042219525911169536,
  "logdet": 720.8457856842066,
  "log_b1": 9.05810899675631
}