{
  "dim": 104,
  "seed": "35",
  "method": "ENUM",
  "beta": 30,
  "steps_budget": 104,
  "steps_done": 104,
  "time_s": 7.609,
  "max_cos": 0.6135241077072641,
  "mean_cos": 0.15187839681595092,
  "accepted": 85,
  "calls": 104,
  "b1_gh": 2.423189820825661,
  "slope": -0.03880046290850892,
  "logdet": 720.585201171561,
  "log_b1": 8.744893274337796
}