{
  "dim": 105,
  "seed": "468",
  "method": "BKZ",
  "beta": 20,
  "steps_budget": 105,
  "steps_done": 105,
  "time_s": 6.851,
  "max_cos": 0.6871164088680396,
  "mean_cos": 0.15753457902007037,
  "accepted": 105,
  "calls": 105,
  "b1_gh": 2.4497749907390975,
  "slope": -0.04171124812292248,
  "logdet": 727.7010373223414,
  "log_b1": 8.76215181905788
}