{
  "dim": 105,
  "seed": "185",
  "method": "ENUM_SIEVE",
  "beta": 40,
  "steps_budget": 105,
  "steps_done": 105,
  "time_s": 3.119,
  "max_cos": 0.6244138720356476,
  "mean_cos": 0.147730410236484,
  "accepted": 105,
  "calls": 105,
  "b1_gh": 2.324218247837946,
  "slope": -0.041514239272076287,
  "logdet": 727.6987475205137,
  "log_b1": 8.709517576606807
}