{
  "dim": 105,
  "seed": "1",
  "method": "ENUM",
  "beta": 30,
  "steps_budget": 105,
  "steps_done": 105,
  "time_s": 6.914,
  "max_cos": 0.6531415712811202,
  "mean_cos": 0.15283493151089683,
  "accepted": 90,
  "calls": 105,
  "b1_gh": 2.567298357191286,
  "slope": -0.04076452527807031,
  "logdet": 727.4068747766424,
  "log_b1": 8.806208214281275
}