{
  "dim": 105,
  "seed": "997",
  "method": "LLL",
  "beta": 0,
  "steps_budget": 105,
  "steps_done": 1,
  "time_s": 10.106,
  "max_cos": 0.6676258291771594,
  "mean_cos": 0.18013430341341594,
  "accepted": 0,
  "calls": 0,
  "b1_gh": 3.722343757153579,
  "slope": -0.043301765847639895,
  "logdet": 727.6451814813325,
  "log_b1": 9.179977190980287
}