{
  "dim": 105,
  "seed": "7251",
  "method": "LLL",
  "beta": 0,
  "steps_budget": 105,
  "steps_done": 1,
  "time_s": 6.463,
  "max_cos": 0.6712645554971195,
  "mean_cos": 0.16742776350976823,
  "accepted": 0,
  "calls": 0,
  "b1_gh": 2.750690414522408,
  "slope": -0.04470706133917788,
  "logdet": 727.6596975954384,
  "log_b1": 8.877613867543271
}