{
  "dim": 105,
  "seed": "468",
  "method": "LLL",
  "beta": 0,
  "steps_budget": 105,
  "steps_done": 1,
  "time_s": 6.532,
  "max_cos": 0.6609366942878804,
  "mean_cos": 0.17684871802487837,
  "accepted": 0,
  "calls": 0,
  "b1_gh": 3.7436514644163537,
  "slope": -0.043436946601644454,
  "logdet": 727.701037322341,
  "log_b1": 9.186217101746394
}