{
  "dim": 105,
  "seed": "997",
  "method": "ENUM",
  "beta": 30,
  "steps_budget": 105,
  "steps_done": 105,
  "time_s": 7.037,
  "max_cos": 0.5738834938527303,
  "mean_cos": 0.1540697140013096,
  "accepted": 80,
  "calls": 105,
  "b1_gh": 2.531043896515646,
  "slope": -0.04039158206581805,
  "logdet": 727.6451814813325,
  "log_b1": 8.794255503801809
}