{
  "dim": 105,
  "seed": "185",
  "method": "BKZ",
  "beta": 20,
  "steps_budget": 105,
  "steps_done": 105,
  "time_s": 10.464,
  "max_cos": 0.6389860716699626,
  "mean_cos": 0.1555893074295014,
  "accepted": 105,
  "calls": 105,
  "b1_gh": 2.32421824783795,
  "slope": -0.0405532798735851,
  "logdet": 727.6987475205135,
  "log_b1": 8.709517576606807
}