{
  "dim": 105,
  "seed": "0",
  "method": "BKZ",
  "beta": 20,
  "steps_budget": 105,
  "steps_done": 105,
  "time_s": 6.697,
  "max_cos": 0.6648566368565693,
  "mean_cos": 0.15957523182994915,
  "accepted": 105,
  "calls": 105,
  "b1_gh": 2.4879222632985156,
  "slope": -0.039199983627083115,
  "logdet": 727.3951935353435,
  "log_b1": 8.774690770995958
}