{
  "dim": 105,
  "seed": "7251",
  "method": "ENUM_SIEVE",
  "beta": 40,
  "steps_budget": 105,
  "steps_done": 105,
  "time_s": 3.114,
  "max_cos": 0.5929224144330353,
  "mean_cos": 0.16038995385819246,
  "accepted": 105,
  "calls": 105,
  "b1_gh": 2.679656905359383,
  "slope": -0.040117846113455605,
  "logdet": 727.6596975954386,
  "log_b1": 8.851450693487873
}