{
  "dim": 105,
  "seed": "169",
  "method": "ENUM",
  "beta": 30,
  "steps_budget": 105,
  "steps_done": 105,
  "time_s": 6.872,
  "max_cos": 0.6427202989414992,
  "mean_cos": 0.15880062675320755,
  "accepted": 84,
  "calls": 105,
  "b1_gh": 2.4646688024746775,
  "slope": -0.04047404857430806,
  "logdet": 727.433931214435,
  "log_b1": 8.765669209955842
}