{
  "dim": 105,
  "seed": "185",
  "method": "LLL",
  "beta": 0,
  "steps_budget": 105,
  "steps_done": 1,
  "time_s": 6.517,
  "max_cos": 0.6508308968531282,
  "mean_cos": 0.17222484894313272,
  "accepted": 0,
  "calls": 0,
  "b1_gh": 3.8409596556138914,
  "slope": -0.04287181264243169,
  "logdet": 727.6987475205129,
  "log_b1": 9.211856077290406
}