{
  "dim": 105,
  "seed": "122",
  "method": "ENUM",
  "beta": 30,
  "steps_budget": 105,
  "steps_done": 105,
  "time_s": 6.908,
  "max_cos": 0.6445282800567236,
  "mean_cos": 0.15634799626834647,
  "accepted": 79,
  "calls": 105,
  "b1_gh": 2.630340943020715,
  "slope": -0.03977269105479656,
  "logdet": 727.1467083568938,
  "log_b1": 8.827989789670228
}