{
  "dim": 105,
  "seed": "0",
  "method": "ENUM_SIEVE",
  "beta": 40,
  "steps_budget": 105,
  "steps_done": 105,
  "time_s": 3.098,
  "max_cos": 0.6394374775423795,
  "mean_cos": 0.15123678060912274,
  "accepted": 105,
  "calls": 105,
  "b1_gh": 2.503866840619978,
  "slope": -0.03995715763967879,
  "logdet": 727.3951935353396,
  "log_b1": 8.781079114419724
}