{
  "dim": 105,
  "seed": "169",
  "method": "BKZ",
  "beta": 20,
  "steps_budget": 105,
  "steps_done": 105,
  "time_s": 10.559,
  "max_cos": 0.5965985548428616,
  "mean_cos": 0.15697780005691023,
  "accepted": 105,
  "calls": 105,
  "b1_gh": 2.6903755211309948,
  "slope": -0.03888200033905136,
  "logdet": 727.4339312144357,
  "log_b1": 8.853292554343335
}