{
  "dim": 105,
  "seed": "468",
  "method": "ENUM_SIEVE",
  "beta": 40,
  "steps_budget": 105,
  "steps_done": 105,
  "time_s": 3.066,
  "max_cos": 0.6474721909749753,
  "mean_cos": 0.15691184569372224,
  "accepted": 105,
  "calls": 105,
  "b1_gh": 2.434231945500799,
  "slope": -0.04148910407479983,
  "logdet": 727.7010373223422,
  "log_b1": 8.755786923219546
}