{
  "dim": 105,
  "seed": "0",
  "method": "LLL",
  "beta": 0,
  "steps_budget": 105,
  "steps_done": 1,
  "time_s": 10.299,
  "max_cos": 0.7075814342910312,
  "mean_cos": 0.1711332823490956,
  "accepted": 0,
  "calls": 0,
  "b1_gh": 3.126205817717023,
  "slope": -0.040702303323435864,
  "logdet": 727.3951935353431,
  "log_b1": 9.003062911694427
}