{
  "dim": 105,
  "seed": "169",
  "method": "LLL",
  "beta": 0,
  "steps_budget": 105,
  "steps_done": 1,
  "time_s": 9.934,
  "max_cos": 0.6576950637829225,
  "mean_cos": 0.1702589680066982,
  "accepted": 0,
  "calls": 0,
  "b1_gh": 3.1952974374079184,
  "slope": -0.041592643707079914,
  "logdet": 727.4339312144368,
  "log_b1": 9.025291949685993
}