{
  "dim": 105,
  "seed": "468",
  "method": "ENUM",
  "beta": 30,
  "steps_budget": 105,
  "steps_done": 105,
  "time_s": 6.887,
  "max_cos": 0.6218098380494148,
  "mean_cos": 0.15673171017355955,
  "accepted": 74,
  "calls": 105,
  "b1_gh": 2.5999689093516967,
  "slope": -0.04013007119788477,
  "logdet": 727.701037322341,
  "log_b1": 8.821655126247776
}