{
  "dim": 105,
  "seed": "997",
  "method": "BKZ",
  "beta": 20,
  "steps_budget": 105,
  "steps_done": 105,
  "time_s": 10.634,
  "max_cos": 0.6098815397501826,
  "mean_cos": 0.15906859155755085,
  "accepted": 105,
  "calls": 105,
  "b1_gh": 2.3791532256309558,
  "slope": -0.04030400409226585,
  "logdet": 727.6451814813336,
  "log_b1": 8.732368315668904
}