{
  "dim": 105,
  "seed": "169",
  "method": "ENUM_SIEVE",
  "beta": 40,
  "steps_budget": 105,
  "steps_done": 105,
  "time_s": 3.057,
  "max_cos": 0.5832304476794427,
  "mean_cos": 0.15275748037482806,
  "accepted": 105,
  "calls": 105,
  "b1_gh": 2.4851131540419336,
  "slope": -0.03934994174110056,
  "logdet": 727.433931214435,
  "log_b1": 8.77392996487679
}