{
  "dim": 105,
  "seed": "1220",
  "method": "ENUM",
  "beta": 30,
  "steps_budget": 105,
  "steps_done": 105,
  "time_s": 7.035,
  "max_cos": 0.6533235088201536,
  "mean_cos": 0.15721262266663846,
  "accepted": 87,
  "calls": 105,
  "b1_gh": 2.450293686325719,
  "slope": -0.038567949154984425,
  "logdet": 727.545519722087,
  "log_b1": 8.76088240857332
}