{
  "dim": 105,
  "seed": "1220",
  "method": "BKZ",
  "beta": 20,
  "steps_budget": 105,
  "steps_done": 105,
  "time_s": 10.577,
  "max_cos": 0.6164113273339414,
  "mean_cos": 0.15605779722111912,
  "accepted": 105,
  "calls": 105,
  "b1_gh": 2.547690518448012,
  "slope": -0.039222343017711485,
  "logdet": 727.5455197220873,
  "log_b1": 8.799861788986357
}