{
  "dim": 105,
  "seed": "1220",
  "method": "LLL",
  "beta": 0,
  "steps_budget": 105,
  "steps_done": 1,
  "time_s": 6.463,
  "max_cos": 0.681911762099264,
  "mean_cos": 0.17860082989815645,
  "accepted": 0,
  "calls": 0,
  "b1_gh": 3.5275320669989205,
  "slope": -0.041679982018149896,
  "logdet": 727.5455197220872,
  "log_b1": 9.125273014508343
}