{
  "dim": 105,
  "seed": "1220",
  "method": "ENUM_SIEVE",
  "beta": 40,
  "steps_budget": 105,
  "steps_done": 105,
  "time_s": 3.071,
  "max_cos": 0.5734297754400837,
  "mean_cos": 0.1518326131744776,
  "accepted": 105,
  "calls": 105,
  "b1_gh": 2.360941215895482,
  "slope": -0.04003766865049631,
  "logdet": 727.545519722088,
  "log_b1": 8.723734879055622
}