{
  "dim": 105,
  "seed": "122",
  "method": "LLL",
  "beta": 0,
  "steps_budget": 105,
  "steps_done": 1,
  "time_s": 9.804,
  "max_cos": 0.686809219628669,
  "mean_cos": 0.1635121508203121,
  "accepted": 0,
  "calls": 0,
  "b1_gh": 3.163101731828835,
  "slope": -0.043732643781391696,
  "logdet": 727.146708356895,
  "log_b1": 9.012429422641494
}