{
  "dim": 105,
  "seed": "1",
  "method": "LLL",
  "beta": 0,
  "steps_budget": 105,
  "steps_done": 1,
  "time_s": 9.944,
  "max_cos": 0.7116225423012108,
  "mean_cos": 0.1740581218118986,
  "accepted": 0,
  "calls": 0,
  "b1_gh": 3.4849561965540836,
  "slope": -0.04196826540282908,
  "logdet": 727.4068747766414,
  "log_b1": 9.11180956617471
}