{
  "dim": 105,
  "seed": "1",
  "method": "BKZ",
  "beta": 20,
  "steps_budget": 105,
  "steps_done": 105,
  "time_s": 10.389,
  "max_cos": 0.6076541712938581,
  "mean_cos": 0.15758252768402503,
  "accepted": 105,
  "calls": 105,
  "b1_gh": 2.4547778710858257,
  "slope": -0.04008053185826117,
  "logdet": 727.4068747766419,
  "log_b1": 8.761390368122678
}