{
  "dim": 105,
  "seed": "997",
  "method": "ENUM_SIEVE",
  "beta": 40,
  "steps_budget": 105,
  "steps_done": 105,
  "time_s": 3.1,
  "max_cos": 0.5770680450244834,
  "mean_cos": 0.1550687519778318,
  "accepted": 105,
  "calls": 105,
  "b1_gh": 2.5626257556557848,
  "slope": -0.04087153495347938,
  "logdet": 727.645181481334,
  "log_b1": 8.806656097481186
}