{
  "dim": 105,
  "seed": "7251",
  "method": "ENUM",
  "beta": 30,
  "steps_budget": 105,
  "steps_done": 105,
  "time_s": 7.049,
  "max_cos": 0.6035947373758445,
  "mean_cos": 0.15580630890068548,
  "accepted": 76,
  "calls": 105,
  "b1_gh": 2.275182418199873,
  "slope": -0.03890134888037042,
  "logdet": 727.6596975954385,
  "log_b1": 8.68782216056119
}