{
  "dim": 105,
  "seed": "7251",
  "method": "BKZ",
  "beta": 20,
  "steps_budget": 105,
  "steps_done": 105,
  "time_s": 10.452,
  "max_cos": 0.701117991072079,
  "mean_cos": 0.1579063665593373,
  "accepted": 105,
  "calls": 105,
  "b1_gh": 2.624972151781883,
  "slope": -0.04034084555978184,
  "logdet": 727.6596975954392,
  "log_b1": 8.830832214691029
}