{
  "dim": 105,
  "seed": "185",
  "method": "ENUM",
  "beta": 30,
  "steps_budget": 105,
  "steps_done": 105,
  "time_s": 10.746,
  "max_cos": 0.6218621740246123,
  "mean_cos": 0.15514343561132285,
  "accepted": 80,
  "calls": 105,
  "b1_gh": 2.3242182478379667,
  "slope": -0.03958584661295841,
  "logdet": 727.6987475205128,
  "log_b1": 8.709517576606807
}