{
  "dim": 105,
  "seed": "122",
  "method": "ENUM_SIEVE",
  "beta": 40,
  "steps_budget": 105,
  "steps_done": 105,
  "time_s": 3.051,
  "max_cos": 0.6710757692867569,
  "mean_cos": 0.15771940295094516,
  "accepted": 105,
  "calls": 105,
  "b1_gh": 2.657020145617936,
  "slope": -0.04043497620317013,
  "logdet": 727.1467083568937,
  "log_b1": 8.838081564593782
}