{
  "dim": 105,
  "seed": "122",
  "method": "BKZ",
  "beta": 20,
  "steps_budget": 105,
  "steps_done": 105,
  "time_s": 6.722,
  "max_cos": 0.6669118889507377,
  "mean_cos": 0.16103415941290786,
  "accepted": 105,
  "calls": 105,
  "b1_gh": 2.6713876282674485,
  "slope": -0.03999767556272093,
  "logdet": 727.1467083568944,
  "log_b1": 8.843474364123828
}