{
  "dim": 105,
  "seed": "1",
  "method": "ENUM_SIEVE",
  "beta": 40,
  "steps_budget": 105,
  "steps_done": 105,
  "time_s": 3.081,
  "max_cos": 0.5924542927732339,
  "mean_cos": 0.15054623903672804,
  "accepted": 105,
  "calls": 105,
  "b1_gh": 2.381445861041809,
  "slope": -0.03948753311263595,
  "logdet": 727.4068747766427,
  "log_b1": 8.731061899045779
}