{
  "dim": 105,
  "seed": "0",
  "method": "ENUM",
  "beta": 30,
  "steps_budget": 105,
  "steps_done": 105,
  "time_s": 10.772,
  "max_cos": 0.5925283007917701,
  "mean_cos": 0.1600402638407939,
  "accepted": 80,
  "calls": 105,
  "b1_gh": 2.3207022044633265,
  "slope": -0.039004185325386624,
  "logdet": 727.3951935353424,
  "log_b1": 8.7051126554813
}