{
  "dim": 106,
  "seed": "2",
  "method": "ENUM_SIEVE",
  "beta": 40,
  "steps_budget": 106,
  "steps_done": 106,
  "time_s": 3.205,
  "max_cos": 0.6175449062128076,
  "mean_cos": 0.15331846326859594,
  "accepted": 106,
  "calls": 106,
  "b1_gh": 2.49313037674516,
  "slope": -0.03928267759404925,
  "logdet": 734.5815311554895,
  "log_b1": 8.783746415606853
}