{
  "dim": 106,
  "seed": "5",
  "method": "ENUM",
  "beta": 30,
  "steps_budget": 106,
  "steps_done": 106,
  "time_s": 11.334,
  "max_cos": 0.6522160682542132,
  "mean_cos": 0.15016856604690398,
  "accepted": 87,
  "calls": 106,
  "b1_gh": 2.3472565903490996,
  "slope": -0.038587711791567496,
  "logdet": 734.17629164869,
  "log_b1": 8.719631538929805
}