{
  "dim": 106,
  "seed": "563",
  "method": "ENUM",
  "beta": 30,
  "steps_budget": 106,
  "steps_done": 106,
  "time_s": 12.06,
  "max_cos": 0.6056742632779291,
  "mean_cos": 0.15233949001889677,
  "accepted": 77,
  "calls": 106,
  "b1_gh": 2.496581876073165,
  "slope": -0.03866939088139838,
  "logdet": 734.4943789845664,
  "log_b1": 8.78430767177601
}