{
  "dim": 106,
  "seed": "0",
  "method": "ENUM",
  "beta": 30,
  "steps_budget": 106,
  "steps_done": 106,
  "time_s": 11.298,
  "max_cos": 0.6187268044698508,
  "mean_cos": 0.1548262577066812,
  "accepted": 82,
  "calls": 106,
  "b1_gh": 2.5048615527543756,
  "slope": -0.03946924407367358,
  "logdet": 734.2409685650218,
  "log_b1": 8.785227925323746
}