{
  "dim": 106,
  "seed": "8",
  "method": "ENUM",
  "beta": 30,
  "steps_budget": 106,
  "steps_done": 106,
  "time_s": 7.332,
  "max_cos": 0.6431804971585898,
  "mean_cos": 0.15738896703041416,
  "accepted": 85,
  "calls": 106,
  "b1_gh": 2.5327054970681093,
  "slope": -0.039472424878457923,
  "logdet": 734.2817832596684,
  "log_b1": 8.796667602769443
}