{
  "dim": 106,
  "seed": "513",
  "method": "BKZ",
  "beta": 20,
  "steps_budget": 106,
  "steps_done": 106,
  "time_s": 10.887,
  "max_cos": 0.6105688529403237,
  "mean_cos": 0.15386715409307614,
  "accepted": 106,
  "calls": 106,
  "b1_gh": 2.553814668560165,
  "slope": -0.04042479862670318,
  "logdet": 734.569294870221,
  "log_b1": 8.807680068458444
}