{
  "dim": 106,
  "seed": "3",
  "method": "BKZ",
  "beta": 20,
  "steps_budget": 106,
  "steps_done": 106,
  "time_s": 6.784,
  "max_cos": 0.6416099706129796,
  "mean_cos": 0.1553729772212708,
  "accepted": 106,
  "calls": 106,
  "b1_gh": 2.7925527859919645,
  "slope": -0.0421524679482461,
  "logdet": 734.1002421368835,
  "log_b1": 8.892623007418148
}