{
  "dim": 106,
  "seed": "1",
  "method": "ENUM",
  "beta": 30,
  "steps_budget": 106,
  "steps_done": 106,
  "time_s": 11.178,
  "max_cos": 0.6228883560465491,
  "mean_cos": 0.1599425092784959,
  "accepted": 85,
  "calls": 106,
  "b1_gh": 2.6752256695573604,
  "slope": -0.039823247264671416,
  "logdet": 734.2478749419596,
  "log_b1": 8.851093354416218
}