{
  "dim": 106,
  "seed": "5",
  "method": "ENUM_SIEVE",
  "beta": 40,
  "steps_budget": 106,
  "steps_done": 106,
  "time_s": 3.173,
  "max_cos": 0.6350444210662624,
  "mean_cos": 0.15583880833916156,
  "accepted": 106,
  "calls": 106,
  "b1_gh": 2.460059740157685,
  "slope": -0.04016689845800019,
  "logdet": 734.1762916486903,
  "log_b1": 8.766569935354113
}