{
  "dim": 106,
  "seed": "1",
  "method": "LLL",
  "beta": 0,
  "steps_budget": 106,
  "steps_done": 1,
  "time_s": 6.707,
  "max_cos": 0.6555322693725737,
  "mean_cos": 0.17042172384149284,
  "accepted": 0,
  "calls": 0,
  "b1_gh": 3.552397170204759,
  "slope": -0.04201462093140322,
  "logdet": 734.2478749419599,
  "log_b1": 9.134682249990226
}