{
  "dim": 106,
  "seed": "5",
  "method": "LLL",
  "beta": 0,
  "steps_budget": 106,
  "steps_done": 1,
  "time_s": 6.694,
  "max_cos": 0.677771132381681,
  "mean_cos": 0.16848490912202738,
  "accepted": 0,
  "calls": 0,
  "b1_gh": 3.2137125919347347,
  "slope": -0.040536149550756746,
  "logdet": 734.1762916486902,
  "log_b1": 9.03381114061323
}