{
  "dim": 106,
  "seed": "73",
  "method": "ENUM_SIEVE",
  "beta": 40,
  "steps_budget": 106,
  "steps_done": 106,
  "time_s": 3.092,
  "max_cos": 0.5930002245353857,
  "mean_cos": 0.15734911801414017,
  "accepted": 106,
  "calls": 106,
  "b1_gh": 2.5923831179647148,
  "slope": -0.04049338794497444,
  "logdet": 734.3001254250444,
  "log_b1": 8.820130119685196
}