{
  "dim": 106,
  "seed": "2",
  "method": "LLL",
  "beta": 0,
  "steps_budget": 106,
  "steps_done": 1,
  "time_s": 10.173,
  "max_cos": 0.6596326192087435,
  "mean_cos": 0.16008635642771762,
  "accepted": 0,
  "calls": 0,
  "b1_gh": 3.05641941369883,
  "slope": -0.04258212421380573,
  "logdet": 734.5815311554893,
  "log_b1": 8.9874514198927
}