{
  "dim": 106,
  "seed": "513",
  "method": "ENUM",
  "beta": 30,
  "steps_budget": 106,
  "steps_done": 106,
  "time_s": 7.347,
  "max_cos": 0.6054663799319504,
  "mean_cos": 0.1508947185413763,
  "accepted": 80,
  "calls": 106,
  "b1_gh": 2.565693066360484,
  "slope": -0.03959506698105838,
  "logdet": 734.5692948702202,
  "log_b1": 8.81232052208443
}