{
  "dim": 106,
  "seed": "3",
  "method": "LLL",
  "beta": 0,
  "steps_budget": 106,
  "steps_done": 1,
  "time_s": 6.563,
  "max_cos": 0.6724447190249074,
  "mean_cos": 0.16790600096744354,
  "accepted": 0,
  "calls": 0,
  "b1_gh": 3.5732444527462723,
  "slope": -0.043908478030884185,
  "logdet": 734.1002421368833,
  "log_b1": 9.139140846229752
}