{
  "dim": 106,
  "seed": "2",
  "method": "ENUM",
  "beta": 30,
  "steps_budget": 106,
  "steps_done": 106,
  "time_s": 7.223,
  "max_cos": 0.6355722758331853,
  "mean_cos": 0.1556777661210025,
  "accepted": 83,
  "calls": 106,
  "b1_gh": 2.5701630770346457,
  "slope": -0.03842469113268153,
  "logdet": 734.58153115549,
  "log_b1": 8.81417666629594
}