{
  "dim": 106,
  "seed": "1",
  "method": "ENUM_SIEVE",
  "beta": 40,
  "steps_budget": 106,
  "steps_done": 106,
  "time_s": 3.186,
  "max_cos": 0.5923844346480247,
  "mean_cos": 0.1566651344337547,
  "accepted": 106,
  "calls": 106,
  "b1_gh": 2.512490169478874,
  "slope": -0.039538994305056765,
  "logdet": 734.247874941959,
  "log_b1": 8.78833397590752
}