{
  "dim": 106,
  "seed": "563",
  "method": "BKZ",
  "beta": 20,
  "steps_budget": 106,
  "steps_done": 106,
  "time_s": 10.887,
  "max_cos": 0.6739911361804589,
  "mean_cos": 0.1576049822810486,
  "accepted": 106,
  "calls": 106,
  "b1_gh": 2.5030885610108484,
  "slope": -0.03961455312780349,
  "logdet": 734.4943789845665,
  "log_b1": 8.78691051878084
}