{
  "dim": 106,
  "seed": "73",
  "method": "BKZ",
  "beta": 20,
  "steps_budget": 106,
  "steps_done": 106,
  "time_s": 6.982,
  "max_cos": 0.6325500808320075,
  "mean_cos": 0.15380708120100114,
  "accepted": 106,
  "calls": 106,
  "b1_gh": 2.712460018859419,
  "slope": -0.043375684421910164,
  "logdet": 734.3001254250443,
  "log_b1": 8.865408523427865
}