{
  "dim": 106,
  "seed": "0",
  "method": "LLL",
  "beta": 0,
  "steps_budget": 106,
  "steps_done": 1,
  "time_s": 10.412,
  "max_cos": 0.6657807993447938,
  "mean_cos": 0.1766187077780837,
  "accepted": 0,
  "calls": 0,
  "b1_gh": 2.9668834166171654,
  "slope": -0.042046054081505406,
  "logdet": 734.2409685650209,
  "log_b1": 8.954506507857957
}