{
  "dim": 106,
  "seed": "8",
  "method": "ENUM_SIEVE",
  "beta": 40,
  "steps_budget": 106,
  "steps_done": 106,
  "time_s": 3.205,
  "max_cos": 0.6475111223938027,
  "mean_cos": 0.15144308339132828,
  "accepted": 106,
  "calls": 106,
  "b1_gh": 2.5146293191618625,
  "slope": -0.03963238861876571,
  "logdet": 734.2817832596681,
  "log_b1": 8.789504909646723
}