{
  "dim": 106,
  "seed": "563",
  "method": "ENUM_SIEVE",
  "beta": 40,
  "steps_budget": 106,
  "steps_done": 106,
  "time_s": 3.213,
  "max_cos": 0.5839952849742235,
  "mean_cos": 0.1513958035582211,
  "accepted": 106,
  "calls": 106,
  "b1_gh": 2.4209421081539246,
  "slope": -0.04052596910297229,
  "logdet": 734.494378984567,
  "log_b1": 8.753541890311844
}