{
  "dim": 106,
  "seed": "513",
  "method": "LLL",
  "beta": 0,
  "steps_budget": 106,
  "steps_done": 1,
  "time_s": 6.785,
  "max_cos": 0.6401368138486617,
  "mean_cos": 0.15410610451505044,
  "accepted": 0,
  "calls": 0,
  "b1_gh": 2.873401249504326,
  "slope": -0.04111399292705073,
  "logdet": 734.5692948702202,
  "log_b1": 8.925588311095959
}