{
  "dim": 106,
  "seed": "0",
  "method": "ENUM_SIEVE",
  "beta": 40,
  "steps_budget": 106,
  "steps_done": 106,
  "time_s": 3.271,
  "max_cos": 0.6148762643639508,
  "mean_cos": 0.15330985897209584,
  "accepted": 106,
  "calls": 106,
  "b1_gh": 2.5043735095620634,
  "slope": -0.040121719642691414,
  "logdet": 734.2409685650222,
  "log_b1": 8.785033067950204
}