{
  "dim": 106,
  "seed": "8",
  "method": "BKZ",
  "beta": 20,
  "steps_budget": 106,
  "steps_done": 106,
  "time_s": 10.764,
  "max_cos": 0.6836019835324615,
  "mean_cos": 0.1592109211274678,
  "accepted": 106,
  "calls": 106,
  "b1_gh": 2.823438571596028,
  "slope": -0.039344069180271654,
  "logdet": 734.2817832596667,
  "log_b1": 8.905334998739287
}