{
  "dim": 106,
  "seed": "73",
  "method": "LLL",
  "beta": 0,
  "steps_budget": 106,
  "steps_done": 1,
  "time_s": 10.054,
  "max_cos": 0.6936109835052285,
  "mean_cos": 0.1651951608522658,
  "accepted": 0,
  "calls": 0,
  "b1_gh": 2.9879272559924055,
  "slope": -0.04400309265035411,
  "logdet": 734.3001254250445,
  "log_b1": 8.962132465851065
}