{
  "dim": 106,
  "seed": "5",
  "method": "BKZ",
  "beta": 20,
  "steps_budget": 106,
  "steps_done": 106,
  "time_s": 11.241,
  "max_cos": 0.6313507984837116,
  "mean_cos": 0.15689355734435764,
  "accepted": 106,
  "calls": 106,
  "b1_gh": 2.5586523301228046,
  "slope": -0.03922091413571127,
  "logdet": 734.1762916486904,
  "log_b1": 8.805864987418667
}