{
  "dim": 106,
  "seed": "513",
  "method": "ENUM_SIEVE",
  "beta": 40,
  "steps_budget": 106,
  "steps_done": 106,
  "time_s": 3.16,
  "max_cos": 0.6265917470183209,
  "mean_cos": 0.15392154773951658,
  "accepted": 106,
  "calls": 106,
  "b1_gh": 2.1726101207666524,
  "slope": -0.039799052232536866,
  "logdet": 734.5692948702211,
  "log_b1": 8.646021144022352
}