{
  "dim": 106,
  "seed": "3",
  "method": "ENUM_SIEVE",
  "beta": 40,
  "steps_budget": 106,
  "steps_done": 106,
  "time_s": 3.184,
  "max_cos": 0.6395621906917797,
  "mean_cos": 0.15893025273061792,
  "accepted": 106,
  "calls": 106,
  "b1_gh": 2.3910678880381067,
  "slope": -0.03902247965311031,
  "logdet": 734.1002421368821,
  "log_b1": 8.737406934093151
}