{
  "dim": 106,
  "seed": "8",
  "method": "LLL",
  "beta": 0,
  "steps_budget": 106,
  "steps_done": 1,
  "time_s": 6.582,
  "max_cos": 0.6843981949379595,
  "mean_cos": 0.1670688567421783,
  "accepted": 0,
  "calls": 0,
  "b1_gh": 3.6446996203721764,
  "slope": -0.04477190941122655,
  "logdet": 734.2817832596677,
  "log_b1": 9.160653458352705
}