{
  "dim": 106,
  "seed": "0",
  "method": "BKZ",
  "beta": 20,
  "steps_budget": 106,
  "steps_done": 106,
  "time_s": 10.918,
  "max_cos": 0.7142981274187076,
  "mean_cos": 0.15879639463423034,
  "accepted": 106,
  "calls": 106,
  "b1_gh": 2.4358049387984084,
  "slope": -0.038548660299255764,
  "logdet": 734.2409685650224,
  "log_b1": 8.757271732932438
}