{
  "dim": 106,
  "seed": "3",
  "method": "ENUM",
  "beta": 30,
  "steps_budget": 106,
  "steps_done": 106,
  "time_s": 11.196,
  "max_cos": 0.6395758775780704,
  "mean_cos": 0.15556743829870193,
  "accepted": 81,
  "calls": 106,
  "b1_gh": 2.5531757733678213,
  "slope": -0.0400867969211524,
  "logdet": 734.1002421368831,
  "log_b1": 8.803004838485274
}