{
  "dim": 106,
  "seed": "563",
  "method": "LLL",
  "beta": 0,
  "steps_budget": 106,
  "steps_done": 1,
  "time_s": 6.694,
  "max_cos": 0.6034156994851004,
  "mean_cos": 0.16316968427283582,
  "accepted": 0,
  "calls": 0,
  "b1_gh": 2.757090959203948,
  "slope": -0.04060623471690611,
  "logdet": 734.4943789845668,
  "log_b1": 8.883561248602845
}