{
  "dim": 106,
  "seed": "2",
  "method": "BKZ",
  "beta": 20,
  "steps_budget": 106,
  "steps_done": 106,
  "time_s": 6.968,
  "max_cos": 0.6132055734424319,
  "mean_cos": 0.1631217997993417,
  "accepted": 106,
  "calls": 106,
  "b1_gh": 2.49313037674516,
  "slope": -0.04059317766385627,
  "logdet": 734.5815311554895,
  "log_b1": 8.783746415606853
}