{
  "dim": 106,
  "seed": "73",
  "method": "ENUM",
  "beta": 30,
  "steps_budget": 106,
  "steps_done": 106,
  "time_s": 7.18,
  "max_cos": 0.6153754129528741,
  "mean_cos": 0.15291212492499384,
  "accepted": 84,
  "calls": 106,
  "b1_gh": 2.494315864772615,
  "slope": -0.040806270909603905,
  "logdet": 734.3001254250447,
  "log_b1": 8.781567033368077
}