{
  "dim": 106,
  "seed": "1",
  "method": "BKZ",
  "beta": 20,
  "steps_budget": 106,
  "steps_done": 106,
  "time_s": 6.915,
  "max_cos": 0.6384976619397401,
  "mean_cos": 0.15398659762404016,
  "accepted": 106,
  "calls": 106,
  "b1_gh": 2.6979461779418554,
  "slope": -0.0409081404109106,
  "logdet": 734.2478749419593,
  "log_b1": 8.859550423889237
}