{
  "dim": 107,
  "seed": "130",
  "method": "ENUM",
  "beta": 30,
  "steps_budget": 107,
  "steps_done": 107,
  "time_s": 12.205,
  "max_cos": 0.6136191956286497,
  "mean_cos": 0.1556872342104782,
  "accepted": 79,
  "calls": 107,
  "b1_gh": 2.5621121661269988,
  "slope": -0.03868623120982014,
  "logdet": 741.1697369666407,
  "log_b1": 8.812327249858871
}