{
  "dim": 107,
  "seed": "130",
  "method": "ENUM_SIEVE",
  "beta": 40,
  "steps_budget": 107,
  "steps_done": 107,
  "time_s": 3.315,
  "max_cos": 0.597444334901995,
  "mean_cos": 0.15308263019847484,
  "accepted": 107,
  "calls": 107,
  "b1_gh": 2.5520917313133804,
  "slope": -0.03954343191448282,
  "logdet": 741.1697369666404,
  "log_b1": 8.808408576361533
}