{
  "dim": 107,
  "seed": "1",
  "method": "LLL",
  "beta": 0,
  "steps_budget": 107,
  "steps_done": 1,
  "time_s": 7.168,
  "max_cos": 0.698784099975385,
  "mean_cos": 0.17069285196268685,
  "accepted": 0,
  "calls": 0,
  "b1_gh": 3.1337088408786333,
  "slope": -0.041271135574287125,
  "logdet": 741.1213019668336,
  "log_b1": 9.013259839364258
}