{
  "dim": 107,
  "seed": "77",
  "method": "ENUM_SIEVE",
  "beta": 40,
  "steps_budget": 107,
  "steps_done": 107,
  "time_s": 3.296,
  "max_cos": 0.650969214082227,
  "mean_cos": 0.15560249042125224,
  "accepted": 107,
  "calls": 107,
  "b1_gh": 2.54326484177625,
  "slope": -0.03990641466221967,
  "logdet": 741.6372557438136,
  "log_b1": 8.809313227445765
}