{
  "dim": 107,
  "seed": "9",
  "method": "LLL",
  "beta": 0,
  "steps_budget": 107,
  "steps_done": 1,
  "time_s": 7.582,
  "max_cos": 0.6514347473248187,
  "mean_cos": 0.1554916089038006,
  "accepted": 0,
  "calls": 0,
  "b1_gh": 2.7535753522756425,
  "slope": -0.041161532420327475,
  "logdet": 740.9891855751149,
  "log_b1": 8.882708065814507
}