{
  "dim": 107,
  "seed": "0",
  "method": "LLL",
  "beta": 0,
  "steps_budget": 107,
  "steps_done": 1,
  "time_s": 10.738,
  "max_cos": 0.621866277171894,
  "mean_cos": 0.1561687533251915,
  "accepted": 0,
  "calls": 0,
  "b1_gh": 2.7175557630773826,
  "slope": -0.04155019035984636,
  "logdet": 741.0717319532483,
  "log_b1": 8.870312191742752
}