{
  "dim": 107,
  "seed": "77",
  "method": "ENUM",
  "beta": 30,
  "steps_budget": 107,
  "steps_done": 107,
  "time_s": 8.094,
  "max_cos": 0.6071590142257746,
  "mean_cos": 0.15322154934411514,
  "accepted": 77,
  "calls": 107,
  "b1_gh": 2.57638792356112,
  "slope": -0.0412696252658528,
  "logdet": 741.6372557438114,
  "log_b1": 8.82225298936795
}