{
  "dim": 107,
  "seed": "1",
  "method": "BKZ",
  "beta": 20,
  "steps_budget": 107,
  "steps_done": 107,
  "time_s": 11.518,
  "max_cos": 0.5761643823046779,
  "mean_cos": 0.1485961755948254,
  "accepted": 107,
  "calls": 107,
  "b1_gh": 2.370737990813104,
  "slope": -0.040104306727184076,
  "logdet": 741.1213019668338,
  "log_b1": 8.734243898307813
}