{
  "dim": 107,
  "seed": "518",
  "method": "ENUM_SIEVE",
  "beta": 40,
  "steps_budget": 107,
  "steps_done": 107,
  "time_s": 3.298,
  "max_cos": 0.6139803113226754,
  "mean_cos": 0.1562175898031639,
  "accepted": 107,
  "calls": 107,
  "b1_gh": 2.5743717031795894,
  "slope": -0.039050807072728774,
  "logdet": 741.6576604629081,
  "log_b1": 8.821660804906326
}