{
  "dim": 107,
  "seed": "0",
  "method": "ENUM",
  "beta": 30,
  "steps_budget": 107,
  "steps_done": 107,
  "time_s": 11.776,
  "max_cos": 0.61073051074437,
  "mean_cos": 0.15094642167729355,
  "accepted": 85,
  "calls": 107,
  "b1_gh": 2.4280168201995327,
  "slope": -0.038749452559504835,
  "logdet": 741.0717319532478,
  "log_b1": 8.757654132716166
}