{
  "dim": 107,
  "seed": "360",
  "method": "ENUM",
  "beta": 30,
  "steps_budget": 107,
  "steps_done": 107,
  "time_s": 11.824,
  "max_cos": 0.601036894882842,
  "mean_cos": 0.15227552684475928,
  "accepted": 84,
  "calls": 107,
  "b1_gh": 2.599990338256687,
  "slope": -0.03965240932852853,
  "logdet": 741.5856047470262,
  "log_b1": 8.83088961038835
}