{
  "dim": 107,
  "seed": "1340",
  "method": "LLL",
  "beta": 0,
  "steps_budget": 107,
  "steps_done": 1,
  "time_s": 7.103,
  "max_cos": 0.6661638882191333,
  "mean_cos": 0.17416826010415187,
  "accepted": 0,
  "calls": 0,
  "b1_gh": 3.7345101039960107,
  "slope": -0.04356884817719037,
  "logdet": 741.1464583921121,
  "log_b1": 9.188894356275018
}