{
  "dim": 107,
  "seed": "28",
  "method": "ENUM_SIEVE",
  "beta": 40,
  "steps_budget": 107,
  "steps_done": 107,
  "time_s": 3.292,
  "max_cos": 0.599055887272606,
  "mean_cos": 0.16093432230809326,
  "accepted": 107,
  "calls": 107,
  "b1_gh": 2.5889923103999264,
  "slope": -0.040587556113748466,
  "logdet": 741.6035712045767,
  "log_b1": 8.826818522901842
}