{
  "dim": 107,
  "seed": "1",
  "method": "ENUM_SIEVE",
  "beta": 40,
  "steps_budget": 107,
  "steps_done": 107,
  "time_s": 3.277,
  "max_cos": 0.6560072359726598,
  "mean_cos": 0.15322671641672939,
  "accepted": 107,
  "calls": 107,
  "b1_gh": 2.6629021903900667,
  "slope": -0.04138600232495556,
  "logdet": 741.1213019668338,
  "log_b1": 8.850459180154402
}