{
  "dim": 107,
  "seed": "130",
  "method": "LLL",
  "beta": 0,
  "steps_budget": 107,
  "steps_done": 1,
  "time_s": 7.296,
  "max_cos": 0.6553136797348458,
  "mean_cos": 0.16451455096534767,
  "accepted": 0,
  "calls": 0,
  "b1_gh": 3.2203829423683614,
  "slope": -0.04047193199958236,
  "logdet": 741.169736966641,
  "log_b1": 9.040995545339495
}