{
  "dim": 107,
  "seed": "77",
  "method": "BKZ",
  "beta": 20,
  "steps_budget": 107,
  "steps_done": 107,
  "time_s": 7.68,
  "max_cos": 0.6085474694245984,
  "mean_cos": 0.16161719067601854,
  "accepted": 107,
  "calls": 107,
  "b1_gh": 2.952924387414663,
  "slope": -0.041624387020733906,
  "logdet": 741.6372557438141,
  "log_b1": 8.958660598107524
}