{
  "dim": 107,
  "seed": "1",
  "method": "ENUM",
  "beta": 30,
  "steps_budget": 107,
  "steps_done": 107,
  "time_s": 7.649,
  "max_cos": 0.5775392833295014,
  "mean_cos": 0.15216351174424608,
  "accepted": 84,
  "calls": 107,
  "b1_gh": 2.3707379908131254,
  "slope": -0.03841762557656028,
  "logdet": 741.1213019668329,
  "log_b1": 8.734243898307813
}