{
  "dim": 107,
  "seed": "360",
  "method": "ENUM_SIEVE",
  "beta": 40,
  "steps_budget": 107,
  "steps_done": 107,
  "time_s": 3.34,
  "max_cos": 0.6469609959311167,
  "mean_cos": 0.1558201211596761,
  "accepted": 107,
  "calls": 107,
  "b1_gh": 2.6659260604616994,
  "slope": -0.04117976756991579,
  "logdet": 741.5856047470245,
  "log_b1": 8.85593336853441
}