{
  "dim": 107,
  "seed": "28",
  "method": "ENUM",
  "beta": 30,
  "steps_budget": 107,
  "steps_done": 107,
  "time_s": 11.551,
  "max_cos": 0.5684291878472236,
  "mean_cos": 0.1527759411877409,
  "accepted": 84,
  "calls": 107,
  "b1_gh": 2.5142088723716207,
  "slope": -0.04028931282927647,
  "logdet": 741.6035712045746,
  "log_b1": 8.797507982637985
}