{
  "dim": 107,
  "seed": "9",
  "method": "BKZ",
  "beta": 20,
  "steps_budget": 107,
  "steps_done": 107,
  "time_s": 12.061,
  "max_cos": 0.6252780255594469,
  "mean_cos": 0.15564265898589116,
  "accepted": 107,
  "calls": 107,
  "b1_gh": 2.6859502111998483,
  "slope": -0.04026055714817576,
  "logdet": 740.9891855751155,
  "log_b1": 8.857842431988669
}