{
  "dim": 107,
  "seed": "518",
  "method": "ENUM",
  "beta": 30,
  "steps_budget": 107,
  "steps_done": 107,
  "time_s": 12.787,
  "max_cos": 0.5936239430681476,
  "mean_cos": 0.15230503068848544,
  "accepted": 83,
  "calls": 107,
  "b1_gh": 2.41478530245398,
  "slope": -0.038893562009490776,
  "logdet": 741.6576604629076,
  "log_b1": 8.75766568080555
}