{
  "dim": 107,
  "seed": "9",
  "method": "ENUM_SIEVE",
  "beta": 40,
  "steps_budget": 107,
  "steps_done": 107,
  "time_s": 3.341,
  "max_cos": 0.590777953118591,
  "mean_cos": 0.15453138038135286,
  "accepted": 107,
  "calls": 107,
  "b1_gh": 2.5126102098025433,
  "slope": -0.03955234187591224,
  "logdet": 740.9891855751152,
  "log_b1": 8.791130007491697
}