{
  "dim": 107,
  "seed": "1340",
  "method": "ENUM",
  "beta": 30,
  "steps_budget": 107,
  "steps_done": 107,
  "time_s": 7.914,
  "max_cos": 0.6500055325226523,
  "mean_cos": 0.15563846214052088,
  "accepted": 86,
  "calls": 107,
  "b1_gh": 2.756938928699821,
  "slope": -0.04057950887262398,
  "logdet": 741.1464583921124,
  "log_b1": 8.885398690317764
}