{
  "dim": 107,
  "seed": "28",
  "method": "BKZ",
  "beta": 20,
  "steps_budget": 107,
  "steps_done": 107,
  "time_s": 7.756,
  "max_cos": 0.6113460607669721,
  "mean_cos": 0.15711294140828053,
  "accepted": 107,
  "calls": 107,
  "b1_gh": 2.7158152576442816,
  "slope": -0.039723713423697495,
  "logdet": 741.6035712045748,
  "log_b1": 8.874641979610981
}