{
  "dim": 107,
  "seed": "518",
  "method": "BKZ",
  "beta": 20,
  "steps_budget": 107,
  "steps_done": 107,
  "time_s": 11.552,
  "max_cos": 0.6643456678692459,
  "mean_cos": 0.15933554489989768,
  "accepted": 107,
  "calls": 107,
  "b1_gh": 2.712277842281838,
  "slope": -0.04037243784755865,
  "logdet": 741.6576604629074,
  "log_b1": 8.873844113377924
}