{
  "dim": 107,
  "seed": "1340",
  "method": "BKZ",
  "beta": 20,
  "steps_budget": 107,
  "steps_done": 107,
  "time_s": 7.673,
  "max_cos": 0.670838391757852,
  "mean_cos": 0.1608942654561637,
  "accepted": 107,
  "calls": 107,
  "b1_gh": 2.9328013659519376,
  "slope": -0.04012297612304677,
  "logdet": 741.1464583921136,
  "log_b1": 8.94723577373501
}