{
  "dim": 107,
  "seed": "130",
  "method": "BKZ",
  "beta": 20,
  "steps_budget": 107,
  "steps_done": 107,
  "time_s": 11.848,
  "max_cos": 0.6503818484000783,
  "mean_cos": 0.16038540380817068,
  "accepted": 107,
  "calls": 107,
  "b1_gh": 2.648344176956994,
  "slope": -0.03978632432526105,
  "logdet": 741.1697369666409,
  "log_b1": 8.845429872473789
}