{
  "dim": 107,
  "seed": "1340",
  "method": "ENUM_SIEVE",
  "beta": 40,
  "steps_budget": 107,
  "steps_done": 107,
  "time_s": 3.308,
  "max_cos": 0.5791655323772595,
  "mean_cos": 0.151147552458456,
  "accepted": 107,
  "calls": 107,
  "b1_gh": 2.448196073325633,
  "slope": -0.039107254263442665,
  "logdet": 741.146458392112,
  "log_b1": 8.766629166637063
}