{
  "dim": 107,
  "seed": "28",
  "method": "LLL",
  "beta": 0,
  "steps_budget": 107,
  "steps_done": 1,
  "time_s": 7.571,
  "max_cos": 0.60969391515168,
  "mean_cos": 0.16955584127292492,
  "accepted": 0,
  "calls": 0,
  "b1_gh": 3.9356702264982633,
  "slope": -0.04433642537842848,
  "logdet": 741.6035712045741,
  "log_b1": 9.245630984002958
}