{
  "dim": 107,
  "seed": "0",
  "method": "ENUM_SIEVE",
  "beta": 40,
  "steps_budget": 107,
  "steps_done": 107,
  "time_s": 3.318,
  "max_cos": 0.6095393937186635,
  "mean_cos": 0.15381291296971542,
  "accepted": 107,
  "calls": 107,
  "b1_gh": 2.3687436187187267,
  "slope": -0.03891982038772759,
  "logdet": 741.0717319532484,
  "log_b1": 8.732939027848749
}