{
  "dim": 107,
  "seed": "0",
  "method": "BKZ",
  "beta": 20,
  "steps_budget": 107,
  "steps_done": 107,
  "time_s": 7.508,
  "max_cos": 0.648873200376165,
  "mean_cos": 0.16058424554861708,
  "accepted": 107,
  "calls": 107,
  "b1_gh": 2.6183520153009803,
  "slope": -0.03878928783778433,
  "logdet": 741.0717319532483,
  "log_b1": 8.833124450023245
}