{
  "dim": 107,
  "seed": "9",
  "method": "ENUM",
  "beta": 30,
  "steps_budget": 107,
  "steps_done": 107,
  "time_s": 8.529,
  "max_cos": 0.6094774492235698,
  "mean_cos": 0.15667464514454738,
  "accepted": 79,
  "calls": 107,
  "b1_gh": 2.3768047752605552,
  "slope": -0.03960096814927449,
  "logdet": 740.9891855751157,
  "log_b1": 8.735564924748074
}