{
  "dim": 107,
  "seed": "360",
  "method": "LLL",
  "beta": 0,
  "steps_budget": 107,
  "steps_done": 1,
  "time_s": 11.211,
  "max_cos": 0.7345946760388993,
  "mean_cos": 0.17486190343620564,
  "accepted": 0,
  "calls": 0,
  "b1_gh": 3.777329551497063,
  "slope": -0.04350297445785275,
  "logdet": 741.585604747029,
  "log_b1": 9.204399173530529
}