{
  "dim": 107,
  "seed": "360",
  "method": "BKZ",
  "beta": 20,
  "steps_budget": 107,
  "steps_done": 107,
  "time_s": 11.437,
  "max_cos": 0.6125863404661517,
  "mean_cos": 0.15843635002853843,
  "accepted": 107,
  "calls": 107,
  "b1_gh": 2.4234864397615774,
  "slope": -0.03935490418931931,
  "logdet": 741.5856047470257,
  "log_b1": 8.76058906239866
}