{
  "dim": 107,
  "seed": "77",
  "method": "LLL",
  "beta": 0,
  "steps_budget": 107,
  "steps_done": 1,
  "time_s": 11.35,
  "max_cos": 0.6372362025399791,
  "mean_cos": 0.16198147375046704,
  "accepted": 0,
  "calls": 0,
  "b1_gh": 3.2728823564872296,
  "slope": -0.04450073275382951,
  "logdet": 741.6372557438135,
  "log_b1": 9.061535652258538
}