{
  "dim": 107,
  "seed": "518",
  "method": "LLL",
  "beta": 0,
  "steps_budget": 107,
  "steps_done": 1,
  "time_s": 7.558,
  "max_cos": 0.6607706133117384,
  "mean_cos": 0.1615461140529759,
  "accepted": 0,
  "calls": 0,
  "b1_gh": 2.7747938774261307,
  "slope": -0.041216651829705,
  "logdet": 741.6576604629083,
  "log_b1": 8.896631765363
}