{
  "dim": 108,
  "seed": "0",
  "method": "ENUM_SIEVE",
  "beta": 40,
  "steps_budget": 108,
  "steps_done": 108,
  "time_s": 3.439,
  "max_cos": 0.6102439300870839,
  "mean_cos": 0.1566123913931805,
  "accepted": 108,
  "calls": 108,
  "b1_gh": 2.484995092768173,
  "slope": -0.03922857780893492,
  "logdet": 748.5048698447124,
  "log_b1": 8.789988909546574
}