{
  "dim": 108,
  "seed": "1",
  "method": "ENUM_SIEVE",
  "beta": 40,
  "steps_budget": 108,
  "steps_done": 108,
  "time_s": 3.486,
  "max_cos": 0.5833201197705374,
  "mean_cos": 0.14874759985238808,
  "accepted": 108,
  "calls": 108,
  "b1_gh": 2.4322617897630066,
  "slope": -0.040178112665782965,
  "logdet": 747.9403646144763,
  "log_b1": 8.763312926588913
}