{
  "dim": 108,
  "seed": "371",
  "method": "BKZ",
  "beta": 20,
  "steps_budget": 108,
  "steps_done": 108,
  "time_s": 8.675,
  "max_cos": 0.6581144785278447,
  "mean_cos": 0.15824683775701856,
  "accepted": 108,
  "calls": 108,
  "b1_gh": 2.8253171139645583,
  "slope": -0.04137205619311889,
  "logdet": 748.4808099316532,
  "log_b1": 8.918116058797695
}