{
  "dim": 108,
  "seed": "8",
  "method": "LLL",
  "beta": 0,
  "steps_budget": 108,
  "steps_done": 1,
  "time_s": 10.344,
  "max_cos": 0.6724720642638596,
  "mean_cos": 0.16041284414939513,
  "accepted": 0,
  "calls": 0,
  "b1_gh": 3.0445735052676515,
  "slope": -0.04317390878681779,
  "logdet": 748.4953269483668,
  "log_b1": 8.992990691990242
}