{
  "dim": 108,
  "seed": "8",
  "method": "ENUM_SIEVE",
  "beta": 40,
  "steps_budget": 108,
  "steps_done": 108,
  "time_s": 3.377,
  "max_cos": 0.693731321196353,
  "mean_cos": 0.15839358316804034,
  "accepted": 108,
  "calls": 108,
  "b1_gh": 2.586518191390734,
  "slope": -0.04044429378047236,
  "logdet": 748.4953269483678,
  "log_b1": 8.829942508233792
}