{
  "dim": 108,
  "seed": "13",
  "method": "ENUM_SIEVE",
  "beta": 40,
  "steps_budget": 108,
  "steps_done": 108,
  "time_s": 3.358,
  "max_cos": 0.6029085204290223,
  "mean_cos": 0.1545504358416976,
  "accepted": 108,
  "calls": 108,
  "b1_gh": 2.5137581496854655,
  "slope": -0.04043314477013191,
  "logdet": 748.4098976096958,
  "log_b1": 8.800617756337079
}