{
  "dim": 108,
  "seed": "5",
  "method": "ENUM",
  "beta": 30,
  "steps_budget": 108,
  "steps_done": 108,
  "time_s": 9.037,
  "max_cos": 0.6473925889447854,
  "mean_cos": 0.14979932983591632,
  "accepted": 92,
  "calls": 108,
  "b1_gh": 2.4102012261410835,
  "slope": -0.03971880933406875,
  "logdet": 748.326486902785,
  "log_b1": 8.757776771175415
}