{
  "dim": 108,
  "seed": "3",
  "method": "LLL",
  "beta": 0,
  "steps_budget": 108,
  "steps_done": 1,
  "time_s": 10.936,
  "max_cos": 0.6897855102282433,
  "mean_cos": 0.1719810001373585,
  "accepted": 0,
  "calls": 0,
  "b1_gh": 3.7813962758983184,
  "slope": -0.04367745774552355,
  "logdet": 748.17005234215,
  "log_b1": 9.206711389264226
}