{
  "dim": 108,
  "seed": "2",
  "method": "ENUM_SIEVE",
  "beta": 40,
  "steps_budget": 108,
  "steps_done": 108,
  "time_s": 3.374,
  "max_cos": 0.6617267892254426,
  "mean_cos": 0.1509225399367282,
  "accepted": 108,
  "calls": 108,
  "b1_gh": 2.4416897744804245,
  "slope": -0.0406276936855892,
  "logdet": 748.3717773488211,
  "log_b1": 8.771176216957455
}