{
  "dim": 108,
  "seed": "3",
  "method": "BKZ",
  "beta": 20,
  "steps_budget": 108,
  "steps_done": 108,
  "time_s": 8.992,
  "max_cos": 0.712373513355528,
  "mean_cos": 0.15975978037557997,
  "accepted": 108,
  "calls": 108,
  "b1_gh": 2.816509810342603,
  "slope": -0.04111082438785177,
  "logdet": 748.1700523421455,
  "log_b1": 8.912116525194845
}