{
  "dim": 108,
  "seed": "21",
  "method": "ENUM_SIEVE",
  "beta": 40,
  "steps_budget": 108,
  "steps_done": 108,
  "time_s": 3.4,
  "max_cos": 0.6104148133106888,
  "mean_cos": 0.15062640993840487,
  "accepted": 108,
  "calls": 108,
  "b1_gh": 2.643715168131882,
  "slope": -0.04041297386331495,
  "logdet": 748.1723235654728,
  "log_b1": 8.848824281076883
}