{
  "dim": 108,
  "seed": "371",
  "method": "ENUM",
  "beta": 30,
  "steps_budget": 108,
  "steps_done": 108,
  "time_s": 13.278,
  "max_cos": 0.6199978659440168,
  "mean_cos": 0.16261840082038745,
  "accepted": 82,
  "calls": 108,
  "b1_gh": 2.6342641930423856,
  "slope": -0.03935070986732477,
  "logdet": 748.4808099316522,
  "log_b1": 8.848099347138717
}