{
  "dim": 108,
  "seed": "0",
  "method": "ENUM",
  "beta": 30,
  "steps_budget": 108,
  "steps_done": 108,
  "time_s": 11.552,
  "max_cos": 0.6336966595588368,
  "mean_cos": 0.15646201840398843,
  "accepted": 89,
  "calls": 108,
  "b1_gh": 2.4054797958906606,
  "slope": -0.04043930435064531,
  "logdet": 748.5048698447084,
  "log_b1": 8.757467607732288
}