{
  "dim": 108,
  "seed": "21",
  "method": "BKZ",
  "beta": 20,
  "steps_budget": 108,
  "steps_done": 108,
  "time_s": 13.327,
  "max_cos": 0.6316274602565619,
  "mean_cos": 0.15374932334778463,
  "accepted": 108,
  "calls": 108,
  "b1_gh": 2.7659361766343444,
  "slope": -0.03952166631137703,
  "logdet": 748.1723235654737,
  "log_b1": 8.894018251255849
}