{
  "dim": 108,
  "seed": "1",
  "method": "BKZ",
  "beta": 20,
  "steps_budget": 108,
  "steps_done": 108,
  "time_s": 10.937,
  "max_cos": 0.5895417647387281,
  "mean_cos": 0.15721960503113916,
  "accepted": 108,
  "calls": 108,
  "b1_gh": 2.7200961357122844,
  "slope": -0.04047878003500876,
  "logdet": 747.9403646144773,
  "log_b1": 8.875158548156346
}