{
  "dim": 108,
  "seed": "21",
  "method": "ENUM",
  "beta": 30,
  "steps_budget": 108,
  "steps_done": 108,
  "time_s": 9.643,
  "max_cos": 0.660648720889082,
  "mean_cos": 0.15019456281619337,
  "accepted": 75,
  "calls": 108,
  "b1_gh": 2.4335504082804276,
  "slope": -0.03939894317305925,
  "logdet": 748.1723235654756,
  "log_b1": 8.765990356915683
}