{
  "dim": 108,
  "seed": "5",
  "method": "LLL",
  "beta": 0,
  "steps_budget": 108,
  "steps_done": 1,
  "time_s": 11.302,
  "max_cos": 0.6597378787254411,
  "mean_cos": 0.16772806239186916,
  "accepted": 0,
  "calls": 0,
  "b1_gh": 3.4953503652424565,
  "slope": -0.04277607447980008,
  "logdet": 748.3264869027861,
  "log_b1": 9.129500149061503
}