{
  "dim": 108,
  "seed": "13",
  "method": "LLL",
  "beta": 0,
  "steps_budget": 108,
  "steps_done": 1,
  "time_s": 11.963,
  "max_cos": 0.6452707344727326,
  "mean_cos": 0.16675001382905905,
  "accepted": 0,
  "calls": 0,
  "b1_gh": 3.2473439841718363,
  "slope": -0.043178972626767384,
  "logdet": 748.4098976096956,
  "log_b1": 9.056676278777775
}