{
  "dim": 108,
  "seed": "21",
  "method": "LLL",
  "beta": 0,
  "steps_budget": 108,
  "steps_done": 1,
  "time_s": 10.95,
  "max_cos": 0.6629228888868275,
  "mean_cos": 0.16347995748025057,
  "accepted": 0,
  "calls": 0,
  "b1_gh": 2.765936176634354,
  "slope": -0.042771881861531,
  "logdet": 748.1723235654733,
  "log_b1": 8.894018251255849
}