{
  "dim": 108,
  "seed": "0",
  "method": "LLL",
  "beta": 0,
  "steps_budget": 108,
  "steps_done": 1,
  "time_s": 8.188,
  "max_cos": 0.6490214774915402,
  "mean_cos": 0.17463989891857104,
  "accepted": 0,
  "calls": 0,
  "b1_gh": 3.847799397396813,
  "slope": -0.04251401813627544,
  "logdet": 748.5048698447112,
  "log_b1": 9.22721962453202
}