{
  "dim": 108,
  "seed": "1",
  "method": "ENUM",
  "beta": 30,
  "steps_budget": 108,
  "steps_done": 108,
  "time_s": 10.623,
  "max_cos": 0.6487381331663313,
  "mean_cos": 0.15356697177848957,
  "accepted": 85,
  "calls": 108,
  "b1_gh": 2.261018916834068,
  "slope": -0.03932572048553454,
  "logdet": 747.940364614476,
  "log_b1": 8.690306884300512
}