{
  "dim": 108,
  "seed": "2",
  "method": "BKZ",
  "beta": 20,
  "steps_budget": 108,
  "steps_done": 108,
  "time_s": 11.171,
  "max_cos": 0.6116980831743579,
  "mean_cos": 0.1530523891950799,
  "accepted": 108,
  "calls": 108,
  "b1_gh": 2.478052882486416,
  "slope": -0.03999454425622398,
  "logdet": 748.3717773488206,
  "log_b1": 8.785959010588975
}