{
  "dim": 108,
  "seed": "5",
  "method": "ENUM_SIEVE",
  "beta": 40,
  "steps_budget": 108,
  "steps_done": 108,
  "time_s": 3.408,
  "max_cos": 0.6480770119413503,
  "mean_cos": 0.1551303489963405,
  "accepted": 108,
  "calls": 108,
  "b1_gh": 2.7165618785750496,
  "slope": -0.039193660032612994,
  "logdet": 748.3264869027859,
  "log_b1": 8.877433596371452
}