{
  "dim": 108,
  "seed": "8",
  "method": "BKZ",
  "beta": 20,
  "steps_budget": 108,
  "steps_done": 108,
  "time_s": 11.718,
  "max_cos": 0.6328002799115012,
  "mean_cos": 0.153500960973848,
  "accepted": 108,
  "calls": 108,
  "b1_gh": 2.9118201585325076,
  "slope": -0.04205124588104822,
  "logdet": 748.4953269483667,
  "log_b1": 8.948408234271346
}