{
  "dim": 108,
  "seed": "5",
  "method": "BKZ",
  "beta": 20,
  "steps_budget": 108,
  "steps_done": 108,
  "time_s": 13.127,
  "max_cos": 0.6176022372930581,
  "mean_cos": 0.156028027783943,
  "accepted": 108,
  "calls": 108,
  "b1_gh": 2.5254537670307537,
  "slope": -0.03876078713769936,
  "logdet": 748.3264869027855,
  "log_b1": 8.804487287130996
}