{
  "dim": 108,
  "seed": "371",
  "method": "ENUM_SIEVE",
  "beta": 40,
  "steps_budget": 108,
  "steps_done": 108,
  "time_s": 3.414,
  "max_cos": 0.6594321648526857,
  "mean_cos": 0.15716979853945476,
  "accepted": 108,
  "calls": 108,
  "b1_gh": 2.6175802171305933,
  "slope": -0.039745890431519895,
  "logdet": 748.480809931653,
  "log_b1": 8.84174575752953
}