{
  "dim": 108,
  "seed": "0",
  "method": "BKZ",
  "beta": 20,
  "steps_budget": 108,
  "steps_done": 108,
  "time_s": 8.583,
  "max_cos": 0.6721577937527652,
  "mean_cos": 0.16208797046842352,
  "accepted": 108,
  "calls": 108,
  "b1_gh": 2.8587880352165196,
  "slope": -0.041444676144322595,
  "logdet": 748.5048698447091,
  "log_b1": 8.930115995849233
}