{
  "dim": 108,
  "seed": "13",
  "method": "ENUM",
  "beta": 30,
  "steps_budget": 108,
  "steps_done": 108,
  "time_s": 13.228,
  "max_cos": 0.599762526469778,
  "mean_cos": 0.15493800792926624,
  "accepted": 81,
  "calls": 108,
  "b1_gh": 2.5966018177742405,
  "slope": -0.04010876549064991,
  "logdet": 748.4098976096949,
  "log_b1": 8.833042449197823
}