{
  "dim": 108,
  "seed": "3",
  "method": "ENUM_SIEVE",
  "beta": 40,
  "steps_budget": 108,
  "steps_done": 108,
  "time_s": 3.391,
  "max_cos": 0.6241026675658771,
  "mean_cos": 0.1528981545314515,
  "accepted": 108,
  "calls": 108,
  "b1_gh": 2.597602792336438,
  "slope": -0.03921858467074105,
  "logdet": 748.1700523421455,
  "log_b1": 8.831207079454057
}