{
  "dim": 108,
  "seed": "1",
  "method": "LLL",
  "beta": 0,
  "steps_budget": 108,
  "steps_done": 1,
  "time_s": 8.308,
  "max_cos": 0.6670928797756599,
  "mean_cos": 0.16414771551674173,
  "accepted": 0,
  "calls": 0,
  "b1_gh": 3.0635225356719893,
  "slope": -0.0413895499498637,
  "logdet": 747.9403646144771,
  "log_b1": 8.994056733802422
}