{
  "dim": 108,
  "seed": "13",
  "method": "BKZ",
  "beta": 20,
  "steps_budget": 108,
  "steps_done": 108,
  "time_s": 11.023,
  "max_cos": 0.5681379742748267,
  "mean_cos": 0.154577971687398,
  "accepted": 108,
  "calls": 108,
  "b1_gh": 2.8054749183103502,
  "slope": -0.04031622307279864,
  "logdet": 748.4098976096959,
  "log_b1": 8.910411688178362
}