{
  "dim": 108,
  "seed": "371",
  "method": "LLL",
  "beta": 0,
  "steps_budget": 108,
  "steps_done": 1,
  "time_s": 8.499,
  "max_cos": 0.6358268667096109,
  "mean_cos": 0.17372646862121258,
  "accepted": 0,
  "calls": 0,
  "b1_gh": 3.589250420162286,
  "slope": -0.04379182726089514,
  "logdet": 748.4808099316535,
  "log_b1": 9.157438831855305
}