{
  "dim": 108,
  "seed": "3",
  "method": "ENUM",
  "beta": 30,
  "steps_budget": 108,
  "steps_done": 108,
  "time_s": 9.24,
  "max_cos": 0.6022415806011548,
  "mean_cos": 0.15198032505600717,
  "accepted": 82,
  "calls": 108,
  "b1_gh": 2.5971057668219153,
  "slope": -0.03967425180791591,
  "logdet": 748.1700523421463,
  "log_b1": 8.831015721070672
}