{
  "dim": 108,
  "seed": "8",
  "method": "ENUM",
  "beta": 30,
  "steps_budget": 108,
  "steps_done": 108,
  "time_s": 8.989,
  "max_cos": 0.6388932170443398,
  "mean_cos": 0.15500449816868922,
  "accepted": 76,
  "calls": 108,
  "b1_gh": 2.4353468851044546,
  "slope": -0.03960486689098796,
  "logdet": 748.4953269483672,
  "log_b1": 8.769719068926591
}