{
  "dim": 108,
  "seed": "2",
  "method": "ENUM",
  "beta": 30,
  "steps_budget": 108,
  "steps_done": 108,
  "time_s": 13.362,
  "max_cos": 0.618889923406246,
  "mean_cos": 0.15737358713857297,
  "accepted": 85,
  "calls": 108,
  "b1_gh": 2.7959980139342844,
  "slope": -0.04040384561375266,
  "logdet": 748.3717773488212,
  "log_b1": 8.90667500086357
}