{
  "dim": 108,
  "seed": "2",
  "method": "LLL",
  "beta": 0,
  "steps_budget": 108,
  "steps_done": 1,
  "time_s": 8.44,
  "max_cos": 0.6843001690183592,
  "mean_cos": 0.1668329285719862,
  "accepted": 0,
  "calls": 0,
  "b1_gh": 3.2541826429139955,
  "slope": -0.04153240107243489,
  "logdet": 748.3717773488202,
  "log_b1": 9.058427022776037
}