{
  "dim": 109,
  "seed": "1",
  "method": "LLL",
  "beta": 0,
  "steps_budget": 109,
  "steps_done": 1,
  "time_s": 8.736,
  "max_cos": 0.7241128441143816,
  "mean_cos": 0.16796634246030187,
  "accepted": 0,
  "calls": 0,
  "b1_gh": 3.649752186633695,
  "slope": -0.0424033597888913,
  "logdet": 755.3663541522052,
  "log_b1": 9.17814625776014
}