{
  "dim": 109,
  "seed": "8",
  "method": "BKZ",
  "beta": 20,
  "steps_budget": 109,
  "steps_done": 109,
  "time_s": 9.515,
  "max_cos": 0.6209105576573968,
  "mean_cos": 0.15939755585898308,
  "accepted": 109,
  "calls": 109,
  "b1_gh": 2.740601143467797,
  "slope": -0.03996375752461098,
  "logdet": 755.017427446342,
  "log_b1": 8.88846311586702
}