{
  "dim": 109,
  "seed": "0",
  "method": "ENUM_SIEVE",
  "beta": 40,
  "steps_budget": 109,
  "steps_done": 109,
  "time_s": 3.554,
  "max_cos": 0.6562401682010839,
  "mean_cos": 0.15915560665402692,
  "accepted": 109,
  "calls": 109,
  "b1_gh": 2.857073382580793,
  "slope": -0.040871876646191505,
  "logdet": 754.8551286783602,
  "log_b1": 8.92859465268804
}