{
  "dim": 109,
  "seed": "3",
  "method": "ENUM",
  "beta": 30,
  "steps_budget": 109,
  "steps_done": 109,
  "time_s": 10.836,
  "max_cos": 0.6098560732516541,
  "mean_cos": 0.1570403853176044,
  "accepted": 76,
  "calls": 109,
  "b1_gh": 2.5874826131631083,
  "slope": -0.040440837120858254,
  "logdet": 755.4527609894698,
  "log_b1": 8.834965148839686
}