{
  "dim": 109,
  "seed": "2",
  "method": "LLL",
  "beta": 0,
  "steps_budget": 109,
  "steps_done": 1,
  "time_s": 8.511,
  "max_cos": 0.713469022832713,
  "mean_cos": 0.17981954129477581,
  "accepted": 0,
  "calls": 0,
  "b1_gh": 4.208681194360831,
  "slope": -0.0429378882933264,
  "logdet": 755.1917229963055,
  "log_b1": 9.319034208970578
}