{
  "dim": 109,
  "seed": "3",
  "method": "BKZ",
  "beta": 20,
  "steps_budget": 109,
  "steps_done": 109,
  "time_s": 12.857,
  "max_cos": 0.6300232189525843,
  "mean_cos": 0.1555008717344539,
  "accepted": 109,
  "calls": 109,
  "b1_gh": 2.7442159692380845,
  "slope": -0.0406007816615943,
  "logdet": 755.4527609894708,
  "log_b1": 8.893775122578313
}