{
  "dim": 109,
  "seed": "0",
  "method": "BKZ",
  "beta": 20,
  "steps_budget": 109,
  "steps_done": 109,
  "time_s": 12.5,
  "max_cos": 0.6731132912798485,
  "mean_cos": 0.16109325197558672,
  "accepted": 109,
  "calls": 109,
  "b1_gh": 2.8349172881075972,
  "slope": -0.03963157221077512,
  "logdet": 754.8551286783606,
  "log_b1": 8.92080960606515
}