{
  "dim": 109,
  "seed": "2",
  "method": "ENUM_SIEVE",
  "beta": 40,
  "steps_budget": 109,
  "steps_done": 109,
  "time_s": 3.572,
  "max_cos": 0.6215196618889384,
  "mean_cos": 0.15940642326237217,
  "accepted": 109,
  "calls": 109,
  "b1_gh": 2.7306259971760225,
  "slope": -0.03993668061231892,
  "logdet": 755.1917229963045,
  "log_b1": 8.886415751753105
}