{
  "dim": 109,
  "seed": "13",
  "method": "BKZ",
  "beta": 20,
  "steps_budget": 109,
  "steps_done": 109,
  "time_s": 9.009,
  "max_cos": 0.6061458925616415,
  "mean_cos": 0.15807545423302152,
  "accepted": 109,
  "calls": 109,
  "b1_gh": 2.3935020215892022,
  "slope": -0.03994784730094293,
  "logdet": 755.5219731675948,
  "log_b1": 8.757672258398909
}