{
  "dim": 109,
  "seed": "1",
  "method": "ENUM_SIEVE",
  "beta": 40,
  "steps_budget": 109,
  "steps_done": 109,
  "time_s": 3.5,
  "max_cos": 0.6711964748274198,
  "mean_cos": 0.1513282422981938,
  "accepted": 109,
  "calls": 109,
  "b1_gh": 2.604318102161413,
  "slope": -0.0402022936411129,
  "logdet": 755.3663541522038,
  "log_b1": 8.84065786247727
}