{
  "dim": 109,
  "seed": "5",
  "method": "BKZ",
  "beta": 20,
  "steps_budget": 109,
  "steps_done": 109,
  "time_s": 9.587,
  "max_cos": 0.708705452820166,
  "mean_cos": 0.15258005717617842,
  "accepted": 109,
  "calls": 109,
  "b1_gh": 2.804327834144995,
  "slope": -0.03977260396647153,
  "logdet": 755.2882271777091,
  "log_b1": 8.913934104247328
}