{
  "dim": 109,
  "seed": "5",
  "method": "ENUM_SIEVE",
  "beta": 40,
  "steps_budget": 109,
  "steps_done": 109,
  "time_s": 3.6,
  "max_cos": 0.6020157972373661,
  "mean_cos": 0.15326674239402543,
  "accepted": 109,
  "calls": 109,
  "b1_gh": 2.544816075102732,
  "slope": -0.03979760719078212,
  "logdet": 755.2882271777083,
  "log_b1": 8.8168286035858
}