{
  "dim": 109,
  "seed": "9",
  "method": "LLL",
  "beta": 0,
  "steps_budget": 109,
  "steps_done": 1,
  "time_s": 9.068,
  "max_cos": 0.6671893839486929,
  "mean_cos": 0.16363069623827312,
  "accepted": 0,
  "calls": 0,
  "b1_gh": 3.2553417659312753,
  "slope": -0.0421872682907464,
  "logdet": 755.224891199821,
  "log_b1": 9.062486428654996
}