{
  "dim": 109,
  "seed": "0",
  "method": "ENUM",
  "beta": 30,
  "steps_budget": 109,
  "steps_done": 109,
  "time_s": 9.448,
  "max_cos": 0.6282423662464922,
  "mean_cos": 0.15982641757829183,
  "accepted": 82,
  "calls": 109,
  "b1_gh": 2.809198613662772,
  "slope": -0.0402273889982049,
  "logdet": 754.85512867836,
  "log_b1": 8.91169609638539
}