{
  "dim": 109,
  "seed": "0",
  "method": "LLL",
  "beta": 0,
  "steps_budget": 109,
  "steps_done": 1,
  "time_s": 13.115,
  "max_cos": 0.6855313253960549,
  "mean_cos": 0.17800593462625577,
  "accepted": 0,
  "calls": 0,
  "b1_gh": 4.460928469267955,
  "slope": -0.04491765667062881,
  "logdet": 754.8551286783612,
  "log_b1": 9.3741537659138
}