{
  "dim": 109,
  "seed": "13",
  "method": "LLL",
  "beta": 0,
  "steps_budget": 109,
  "steps_done": 1,
  "time_s": 11.958,
  "max_cos": 0.6117428222608903,
  "mean_cos": 0.16094902152092436,
  "accepted": 0,
  "calls": 0,
  "b1_gh": 3.2214284001272557,
  "slope": -0.042035584353830514,
  "logdet": 755.5219731675944,
  "log_b1": 9.054739547650298
}