{
  "dim": 109,
  "seed": "13",
  "method": "ENUM_SIEVE",
  "beta": 40,
  "steps_budget": 109,
  "steps_done": 109,
  "time_s": 3.546,
  "max_cos": 0.6240818367832224,
  "mean_cos": 0.1543145477060158,
  "accepted": 109,
  "calls": 109,
  "b1_gh": 2.74883073369044,
  "slope": -0.040780006765625126,
  "logdet": 755.521973167593,
  "log_b1": 8.896090317444093
}