{
  "dim": 109,
  "seed": "1",
  "method": "BKZ",
  "beta": 20,
  "steps_budget": 109,
  "steps_done": 109,
  "time_s": 9.098,
  "max_cos": 0.6297646925245584,
  "mean_cos": 0.16234890092838417,
  "accepted": 109,
  "calls": 109,
  "b1_gh": 2.8310646945470124,
  "slope": -0.039899299424377865,
  "logdet": 755.3663541522036,
  "log_b1": 8.924139844601232
}