{
  "dim": 109,
  "seed": "8",
  "method": "ENUM",
  "beta": 30,
  "steps_budget": 109,
  "steps_done": 109,
  "time_s": 10.002,
  "max_cos": 0.6142727893201994,
  "mean_cos": 0.15146130174375355,
  "accepted": 84,
  "calls": 109,
  "b1_gh": 2.4088395860191807,
  "slope": -0.03898138592937799,
  "logdet": 755.0174274463428,
  "log_b1": 8.759430956071817
}