{
  "dim": 109,
  "seed": "9",
  "method": "BKZ",
  "beta": 20,
  "steps_budget": 109,
  "steps_done": 109,
  "time_s": 14.052,
  "max_cos": 0.6500548091138324,
  "mean_cos": 0.15238555156314518,
  "accepted": 109,
  "calls": 109,
  "b1_gh": 2.5758423851692522,
  "slope": -0.039679463823379425,
  "logdet": 755.224891199819,
  "log_b1": 8.82836578178103
}