{
  "dim": 109,
  "seed": "2",
  "method": "BKZ",
  "beta": 20,
  "steps_budget": 109,
  "steps_done": 109,
  "time_s": 12.886,
  "max_cos": 0.628951562241121,
  "mean_cos": 0.1575803069359714,
  "accepted": 109,
  "calls": 109,
  "b1_gh": 2.6620316069256846,
  "slope": -0.039697007729475306,
  "logdet": 755.1917229963045,
  "log_b1": 8.860974459125242
}