{
  "dim": 109,
  "seed": "8",
  "method": "LLL",
  "beta": 0,
  "steps_budget": 109,
  "steps_done": 1,
  "time_s": 12.243,
  "max_cos": 0.6939486831794519,
  "mean_cos": 0.16494800352543632,
  "accepted": 0,
  "calls": 0,
  "b1_gh": 3.4957541477639476,
  "slope": -0.042215571454698196,
  "logdet": 755.0174274463428,
  "log_b1": 9.131834955558805
}