{
  "dim": 109,
  "seed": "13",
  "method": "ENUM",
  "beta": 30,
  "steps_budget": 109,
  "steps_done": 109,
  "time_s": 14.255,
  "max_cos": 0.6510412735734495,
  "mean_cos": 0.15432667344771267,
  "accepted": 86,
  "calls": 109,
  "b1_gh": 2.3809504315405707,
  "slope": -0.04012699670249442,
  "logdet": 755.5219731675938,
  "log_b1": 8.75241443288392
}