{
  "dim": 109,
  "seed": "53",
  "method": "ENUM",
  "beta": 30,
  "steps_budget": 109,
  "steps_done": 109,
  "time_s": 9.804,
  "max_cos": 0.6513840602201362,
  "mean_cos": 0.15665792547840773,
  "accepted": 82,
  "calls": 109,
  "b1_gh": 2.6761947565445783,
  "slope": -0.04046262295277639,
  "logdet": 755.4864627433826,
  "log_b1": 8.86898481881965
}