{
  "dim": 109,
  "seed": "5",
  "method": "ENUM",
  "beta": 30,
  "steps_budget": 109,
  "steps_done": 109,
  "time_s": 14.593,
  "max_cos": 0.6152085356765862,
  "mean_cos": 0.15279830553356502,
  "accepted": 80,
  "calls": 109,
  "b1_gh": 2.51018453769239,
  "slope": -0.03823404446957175,
  "logdet": 755.2882271777067,
  "log_b1": 8.803126496743818
}