{
  "dim": 109,
  "seed": "3",
  "method": "LLL",
  "beta": 0,
  "steps_budget": 109,
  "steps_done": 1,
  "time_s": 8.888,
  "max_cos": 0.6732245301817295,
  "mean_cos": 0.16389264895973535,
  "accepted": 0,
  "calls": 0,
  "b1_gh": 3.379827307964211,
  "slope": -0.0430980459154848,
  "logdet": 755.4527609894701,
  "log_b1": 9.102104325692657
}