{
  "dim": 109,
  "seed": "9",
  "method": "ENUM_SIEVE",
  "beta": 40,
  "steps_budget": 109,
  "steps_done": 109,
  "time_s": 3.551,
  "max_cos": 0.7286234289986131,
  "mean_cos": 0.1563579657370845,
  "accepted": 109,
  "calls": 109,
  "b1_gh": 2.687976897621756,
  "slope": -0.03948091487675274,
  "logdet": 755.2248911998194,
  "log_b1": 8.870977989281567
}