{
  "dim": 109,
  "seed": "9",
  "method": "ENUM",
  "beta": 30,
  "steps_budget": 109,
  "steps_done": 109,
  "time_s": 13.415,
  "max_cos": 0.6067286183699071,
  "mean_cos": 0.15800578018192626,
  "accepted": 79,
  "calls": 109,
  "b1_gh": 2.693682581713596,
  "slope": -0.04003320354504761,
  "logdet": 755.2248911998197,
  "log_b1": 8.87309840817896
}