{
  "dim": 109,
  "seed": "53",
  "method": "LLL",
  "beta": 0,
  "steps_budget": 109,
  "steps_done": 1,
  "time_s": 12.822,
  "max_cos": 0.7087507166847669,
  "mean_cos": 0.17357504195882498,
  "accepted": 0,
  "calls": 0,
  "b1_gh": 3.848429948609561,
  "slope": -0.04342506057390865,
  "logdet": 755.4864627433828,
  "log_b1": 9.232254159792571
}