{
  "dim": 109,
  "seed": "53",
  "method": "ENUM_SIEVE",
  "beta": 40,
  "steps_budget": 109,
  "steps_done": 109,
  "time_s": 3.5,
  "max_cos": 0.6100404317212589,
  "mean_cos": 0.1488387552216443,
  "accepted": 109,
  "calls": 109,
  "b1_gh": 2.476162912925135,
  "slope": -0.04002208553967188,
  "logdet": 755.4864627433834,
  "log_b1": 8.791299049701497
}