{
  "dim": 109,
  "seed": "8",
  "method": "ENUM_SIEVE",
  "beta": 40,
  "steps_budget": 109,
  "steps_done": 109,
  "time_s": 3.602,
  "max_cos": 0.641654132874253,
  "mean_cos": 0.15415708092720698,
  "accepted": 109,
  "calls": 109,
  "b1_gh": 2.348136907660544,
  "slope": -0.03961054665144013,
  "logdet": 755.0174274463427,
  "log_b1": 8.733908032573451
}