{
  "dim": 109,
  "seed": "1",
  "method": "ENUM",
  "beta": 30,
  "steps_budget": 109,
  "steps_done": 109,
  "time_s": 9.413,
  "max_cos": 0.5733923429576904,
  "mean_cos": 0.1562527106989679,
  "accepted": 80,
  "calls": 109,
  "b1_gh": 2.49412938232226,
  "slope": -0.0389178022253787,
  "logdet": 755.3663541522039,
  "log_b1": 8.7974267098906
}