{
  "dim": 109,
  "seed": "3",
  "method": "ENUM_SIEVE",
  "beta": 40,
  "steps_budget": 109,
  "steps_done": 109,
  "time_s": 3.564,
  "max_cos": 0.5879427291275967,
  "mean_cos": 0.15855174295645788,
  "accepted": 109,
  "calls": 109,
  "b1_gh": 2.731494576945234,
  "slope": -0.04014583810458192,
  "logdet": 755.4527609894703,
  "log_b1": 8.889128633296853
}