{
  "dim": 109,
  "seed": "2",
  "method": "ENUM",
  "beta": 30,
  "steps_budget": 109,
  "steps_done": 109,
  "time_s": 14.003,
  "max_cos": 0.6502374191855105,
  "mean_cos": 0.1569381879455501,
  "accepted": 92,
  "calls": 109,
  "b1_gh": 2.689313308819046,
  "slope": -0.0399020789881314,
  "logdet": 755.1917229963043,
  "log_b1": 8.871170751340719
}