{
  "dim": 109,
  "seed": "53",
  "method": "BKZ",
  "beta": 20,
  "steps_budget": 109,
  "steps_done": 109,
  "time_s": 9.709,
  "max_cos": 0.6751646000267143,
  "mean_cos": 0.15421965628441908,
  "accepted": 109,
  "calls": 109,
  "b1_gh": 2.543571933995637,
  "slope": -0.0399413801771317,
  "logdet": 755.4864627433834,
  "log_b1": 8.818158266605062
}