{
  "dim": 109,
  "seed": "5",
  "method": "LLL",
  "beta": 0,
  "steps_budget": 109,
  "steps_done": 1,
  "time_s": 12.259,
  "max_cos": 0.655644524205561,
  "mean_cos": 0.16822613136544462,
  "accepted": 0,
  "calls": 0,
  "b1_gh": 3.3603429679407895,
  "slope": -0.040621577401263556,
  "logdet": 755.2882271777099,
  "log_b1": 9.094813267867545
}