{
  "dim": 110,
  "seed": "3",
  "method": "LLL",
  "beta": 0,
  "steps_budget": 110,
  "steps_done": 1,
  "time_s": 9.846,
  "max_cos": 0.6535637564036912,
  "mean_cos": 0.16865113663038775,
  "accepted": 0,
  "calls": 0,
  "b1_gh": 3.32604368331613,
  "slope": -0.043740387591984876,
  "logdet": 762.351829981796,
  "log_b1": 9.090139257378489
}