{
  "dim": 110,
  "seed": "4",
  "method": "ENUM_SIEVE",
  "beta": 40,
  "steps_budget": 110,
  "steps_done": 110,
  "time_s": 3.66,
  "max_cos": 0.6272251995404162,
  "mean_cos": 0.15361272189336353,
  "accepted": 110,
  "calls": 110,
  "b1_gh": 2.559097833543134,
  "slope": -0.041182460668729666,
  "logdet": 762.1310116065077,
  "log_b1": 8.826003090637952
}