{
  "dim": 110,
  "seed": "1",
  "method": "ENUM",
  "beta": 30,
  "steps_budget": 110,
  "steps_done": 110,
  "time_s": 13.663,
  "max_cos": 0.5837167285284368,
  "mean_cos": 0.15661949839000855,
  "accepted": 88,
  "calls": 110,
  "b1_gh": 2.6870204716842485,
  "slope": -0.03940248382792278,
  "logdet": 761.934643313878,
  "log_b1": 8.872996085125287
}