{
  "dim": 110,
  "seed": "2",
  "method": "LLL",
  "beta": 0,
  "steps_budget": 110,
  "steps_done": 1,
  "time_s": 9.749,
  "max_cos": 0.633328781458959,
  "mean_cos": 0.16735219307268678,
  "accepted": 0,
  "calls": 0,
  "b1_gh": 3.5503768645766267,
  "slope": -0.04147302426459957,
  "logdet": 762.0500098600994,
  "log_b1": 9.152665680404978
}