{
  "dim": 110,
  "seed": "4",
  "method": "ENUM",
  "beta": 30,
  "steps_budget": 110,
  "steps_done": 110,
  "time_s": 13.842,
  "max_cos": 0.5658577114588754,
  "mean_cos": 0.15312818169744666,
  "accepted": 82,
  "calls": 110,
  "b1_gh": 2.5906623582689026,
  "slope": -0.039655917884801196,
  "logdet": 762.1310116065091,
  "log_b1": 8.838261882829
}