{
  "dim": 110,
  "seed": "42",
  "method": "ENUM",
  "beta": 30,
  "steps_budget": 110,
  "steps_done": 110,
  "time_s": 10.785,
  "max_cos": 0.5971542712158626,
  "mean_cos": 0.15408113300220264,
  "accepted": 88,
  "calls": 110,
  "b1_gh": 2.6406373723127836,
  "slope": -0.04051154228953964,
  "logdet": 762.2189859061967,
  "log_b1": 8.85816838631538
}