{
  "dim": 110,
  "seed": "5",
  "method": "ENUM",
  "beta": 30,
  "steps_budget": 110,
  "steps_done": 110,
  "time_s": 9.562,
  "max_cos": 0.5967190466067085,
  "mean_cos": 0.1511846751745098,
  "accepted": 85,
  "calls": 110,
  "b1_gh": 2.6826375310483277,
  "slope": -0.039397547114965084,
  "logdet": 761.933433774753,
  "log_b1": 8.871352604859972
}