{
  "dim": 110,
  "seed": "83",
  "method": "ENUM_SIEVE",
  "beta": 40,
  "steps_budget": 110,
  "steps_done": 110,
  "time_s": 3.661,
  "max_cos": 0.5959179128975323,
  "mean_cos": 0.1544718766131649,
  "accepted": 110,
  "calls": 110,
  "b1_gh": 2.759662039975682,
  "slope": -0.04086064937130597,
  "logdet": 762.2626785659792,
  "log_b1": 8.902653498335448
}