{
  "dim": 110,
  "seed": "0",
  "method": "ENUM",
  "beta": 30,
  "steps_budget": 110,
  "steps_done": 110,
  "time_s": 13.723,
  "max_cos": 0.6154020340434552,
  "mean_cos": 0.158458376870785,
  "accepted": 73,
  "calls": 110,
  "b1_gh": 2.7699725663280135,
  "slope": -0.03986524249432046,
  "logdet": 762.1775566934434,
  "log_b1": 8.90560885648072
}