{
  "dim": 110,
  "seed": "42",
  "method": "BKZ",
  "beta": 20,
  "steps_budget": 110,
  "steps_done": 110,
  "time_s": 9.508,
  "max_cos": 0.6610323583082909,
  "mean_cos": 0.16315950944350377,
  "accepted": 110,
  "calls": 110,
  "b1_gh": 2.8195080018257173,
  "slope": -0.04098680343288692,
  "logdet": 762.2189859061978,
  "log_b1": 8.923710471681195
}