{
  "dim": 110,
  "seed": "5",
  "method": "BKZ",
  "beta": 20,
  "steps_budget": 110,
  "steps_done": 110,
  "time_s": 8.599,
  "max_cos": 0.60585929604779,
  "mean_cos": 0.15681513281678688,
  "accepted": 110,
  "calls": 110,
  "b1_gh": 2.762158333616688,
  "slope": -0.038986863982199534,
  "logdet": 761.9334337747533,
  "log_b1": 8.900564519978497
}