{
  "dim": 110,
  "seed": "0",
  "method": "ENUM_SIEVE",
  "beta": 40,
  "steps_budget": 110,
  "steps_done": 110,
  "time_s": 3.689,
  "max_cos": 0.6436580061594388,
  "mean_cos": 0.15185033373471477,
  "accepted": 110,
  "calls": 110,
  "b1_gh": 2.657968263605116,
  "slope": -0.040162383234309026,
  "logdet": 762.1775566934422,
  "log_b1": 8.86433346045005
}