{
  "dim": 110,
  "seed": "3",
  "method": "ENUM_SIEVE",
  "beta": 40,
  "steps_budget": 110,
  "steps_done": 110,
  "time_s": 3.59,
  "max_cos": 0.625979734086083,
  "mean_cos": 0.16082649444104893,
  "accepted": 110,
  "calls": 110,
  "b1_gh": 2.810726877570412,
  "slope": -0.04048563076262569,
  "logdet": 762.3518299817947,
  "log_b1": 8.921798867991525
}