{
  "dim": 110,
  "seed": "83",
  "method": "BKZ",
  "beta": 20,
  "steps_budget": 110,
  "steps_done": 110,
  "time_s": 7.718,
  "max_cos": 0.6063890104749431,
  "mean_cos": 0.15104262109016212,
  "accepted": 110,
  "calls": 110,
  "b1_gh": 2.759662039975672,
  "slope": -0.0398627158582262,
  "logdet": 762.2626785659795,
  "log_b1": 8.902653498335448
}