{
  "dim": 110,
  "seed": "2",
  "method": "BKZ",
  "beta": 20,
  "steps_budget": 110,
  "steps_done": 110,
  "time_s": 12.714,
  "max_cos": 0.651878141627217,
  "mean_cos": 0.16181355157443514,
  "accepted": 110,
  "calls": 110,
  "b1_gh": 2.7591242373924953,
  "slope": -0.04051907793982924,
  "logdet": 762.0500098600988,
  "log_b1": 8.900525247600958
}