{
  "dim": 110,
  "seed": "3",
  "method": "BKZ",
  "beta": 20,
  "steps_budget": 110,
  "steps_done": 110,
  "time_s": 9.866,
  "max_cos": 0.623684532469271,
  "mean_cos": 0.1567443801042807,
  "accepted": 110,
  "calls": 110,
  "b1_gh": 2.9894170235994166,
  "slope": -0.04078913022236926,
  "logdet": 762.3518299817939,
  "log_b1": 8.9834341358122
}