{
  "dim": 110,
  "seed": "41",
  "method": "ENUM_SIEVE",
  "beta": 40,
  "steps_budget": 110,
  "steps_done": 110,
  "time_s": 3.679,
  "max_cos": 0.6526108483918243,
  "mean_cos": 0.15843949108197497,
  "accepted": 110,
  "calls": 110,
  "b1_gh": 2.6451180153295786,
  "slope": -0.03914779918078133,
  "logdet": 761.9740621807408,
  "log_b1": 8.85763717265469
}