{
  "dim": 110,
  "seed": "1",
  "method": "BKZ",
  "beta": 20,
  "steps_budget": 110,
  "steps_done": 110,
  "time_s": 10.053,
  "max_cos": 0.6408075647410234,
  "mean_cos": 0.1571268062777249,
  "accepted": 110,
  "calls": 110,
  "b1_gh": 2.7352789431255298,
  "slope": -0.039360321020067486,
  "logdet": 761.934643313879,
  "log_b1": 8.890796557579801
}