{
  "dim": 110,
  "seed": "3",
  "method": "ENUM",
  "beta": 30,
  "steps_budget": 110,
  "steps_done": 110,
  "time_s": 10.325,
  "max_cos": 0.6298111623967273,
  "mean_cos": 0.1583377491461135,
  "accepted": 86,
  "calls": 110,
  "b1_gh": 2.793882085853653,
  "slope": -0.03953829601227369,
  "logdet": 762.3518299817938,
  "log_b1": 8.91578780011947
}