{
  "dim": 110,
  "seed": "4",
  "method": "LLL",
  "beta": 0,
  "steps_budget": 110,
  "steps_done": 1,
  "time_s": 9.245,
  "max_cos": 0.664648028140729,
  "mean_cos": 0.16242987921424867,
  "accepted": 0,
  "calls": 0,
  "b1_gh": 3.1361454536151077,
  "slope": -0.04417764418931572,
  "logdet": 762.1310116065094,
  "log_b1": 9.0293427863344
}