{
  "dim": 110,
  "seed": "42",
  "method": "ENUM_SIEVE",
  "beta": 40,
  "steps_budget": 110,
  "steps_done": 110,
  "time_s": 3.684,
  "max_cos": 0.704539926409164,
  "mean_cos": 0.16034666327628636,
  "accepted": 110,
  "calls": 110,
  "b1_gh": 2.954634602395188,
  "slope": -0.04000866057774564,
  "logdet": 762.2189859061982,
  "log_b1": 8.970523058590574
}