{
  "dim": 110,
  "seed": "42",
  "method": "LLL",
  "beta": 0,
  "steps_budget": 110,
  "steps_done": 1,
  "time_s": 11.036,
  "max_cos": 0.6752184640745813,
  "mean_cos": 0.16264115596444664,
  "accepted": 0,
  "calls": 0,
  "b1_gh": 3.3528081267161878,
  "slope": -0.04296727388673488,
  "logdet": 762.2189859061967,
  "log_b1": 9.09694631087537
}