{
  "dim": 110,
  "seed": "1",
  "method": "LLL",
  "beta": 0,
  "steps_budget": 110,
  "steps_done": 1,
  "time_s": 12.778,
  "max_cos": 0.6866270704596094,
  "mean_cos": 0.16708673023312337,
  "accepted": 0,
  "calls": 0,
  "b1_gh": 3.5966190922025785,
  "slope": -0.04315831978193086,
  "logdet": 761.9346433138769,
  "log_b1": 9.164557399870581
}