{
  "dim": 110,
  "seed": "5",
  "method": "LLL",
  "beta": 0,
  "steps_budget": 110,
  "steps_done": 1,
  "time_s": 8.256,
  "max_cos": 0.6910586081478665,
  "mean_cos": 0.17585281417248486,
  "accepted": 0,
  "calls": 0,
  "b1_gh": 3.8128739479669704,
  "slope": -0.04155617651714312,
  "logdet": 761.9334337747553,
  "log_b1": 9.222935362758603
}