{
  "dim": 110,
  "seed": "0",
  "method": "LLL",
  "beta": 0,
  "steps_budget": 110,
  "steps_done": 1,
  "time_s": 13.956,
  "max_cos": 0.6746227134621966,
  "mean_cos": 0.17146010193545838,
  "accepted": 0,
  "calls": 0,
  "b1_gh": 3.612463575323975,
  "slope": -0.04233706226667482,
  "logdet": 762.177556693444,
  "log_b1": 9.17116141061564
}