{
  "dim": 110,
  "seed": "83",
  "method": "ENUM",
  "beta": 30,
  "steps_budget": 110,
  "steps_done": 110,
  "time_s": 8.726,
  "max_cos": 0.6455489278625549,
  "mean_cos": 0.15752567915841553,
  "accepted": 83,
  "calls": 110,
  "b1_gh": 2.747754136467862,
  "slope": -0.03949138431210731,
  "logdet": 762.2626785659802,
  "log_b1": 8.898329175755661
}