{
  "dim": 110,
  "seed": "0",
  "method": "BKZ",
  "beta": 20,
  "steps_budget": 110,
  "steps_done": 110,
  "time_s": 11.342,
  "max_cos": 0.6631484470504428,
  "mean_cos": 0.1548129641371429,
  "accepted": 110,
  "calls": 110,
  "b1_gh": 2.5830206560214095,
  "slope": -0.04031631868697175,
  "logdet": 762.1775566934414,
  "log_b1": 8.835730951176043
}