{
  "dim": 110,
  "seed": "2",
  "method": "ENUM",
  "beta": 30,
  "steps_budget": 110,
  "steps_done": 110,
  "time_s": 10.661,
  "max_cos": 0.6057560138446567,
  "mean_cos": 0.15365901797878911,
  "accepted": 84,
  "calls": 110,
  "b1_gh": 2.5307809912707717,
  "slope": -0.040206064499022524,
  "logdet": 762.050009860099,
  "log_b1": 8.81413987082213
}