{
  "dim": 110,
  "seed": "5",
  "method": "ENUM_SIEVE",
  "beta": 40,
  "steps_budget": 110,
  "steps_done": 110,
  "time_s": 3.7,
  "max_cos": 0.6313004397562008,
  "mean_cos": 0.15470689213124678,
  "accepted": 110,
  "calls": 110,
  "b1_gh": 2.7380120849129512,
  "slope": -0.040937481638105344,
  "logdet": 761.9334337747523,
  "log_b1": 8.89178428155281
}