{
  "dim": 110,
  "seed": "41",
  "method": "BKZ",
  "beta": 20,
  "steps_budget": 110,
  "steps_done": 110,
  "time_s": 11.338,
  "max_cos": 0.6393849495570229,
  "mean_cos": 0.15281574330455017,
  "accepted": 110,
  "calls": 110,
  "b1_gh": 2.7934540443404714,
  "slope": -0.04021127747567507,
  "logdet": 761.9740621807424,
  "log_b1": 8.91220032892431
}