{
  "dim": 110,
  "seed": "83",
  "method": "LLL",
  "beta": 0,
  "steps_budget": 110,
  "steps_done": 1,
  "time_s": 7.501,
  "max_cos": 0.6461189498871394,
  "mean_cos": 0.16436128560513766,
  "accepted": 0,
  "calls": 0,
  "b1_gh": 2.9219240524740893,
  "slope": -0.0412935371156698,
  "logdet": 762.2626785659788,
  "log_b1": 8.959787596754605
}