{
  "dim": 110,
  "seed": "41",
  "method": "LLL",
  "beta": 0,
  "steps_budget": 110,
  "steps_done": 1,
  "time_s": 12.424,
  "max_cos": 0.7380340190297422,
  "mean_cos": 0.17449997908676737,
  "accepted": 0,
  "calls": 0,
  "b1_gh": 3.804572862798885,
  "slope": -0.04321565334134709,
  "logdet": 761.9740621807387,
  "log_b1": 9.221125218259834
}