{
  "dim": 110,
  "seed": "2",
  "method": "ENUM_SIEVE",
  "beta": 40,
  "steps_budget": 110,
  "steps_done": 110,
  "time_s": 3.71,
  "max_cos": 0.6610892041737803,
  "mean_cos": 0.15493605663712012,
  "accepted": 110,
  "calls": 110,
  "b1_gh": 2.7591242373924807,
  "slope": -0.04083302037681948,
  "logdet": 762.0500098600994,
  "log_b1": 8.900525247600958
}