{
  "dim": 110,
  "seed": "1",
  "method": "ENUM_SIEVE",
  "beta": 40,
  "steps_budget": 110,
  "steps_done": 110,
  "time_s": 3.619,
  "max_cos": 0.6950326529387881,
  "mean_cos": 0.16225198655048378,
  "accepted": 110,
  "calls": 110,
  "b1_gh": 2.614706744521469,
  "slope": -0.0406531953049351,
  "logdet": 761.9346433138771,
  "log_b1": 8.845715084374504
}