{
  "dim": 110,
  "seed": "4",
  "method": "BKZ",
  "beta": 20,
  "steps_budget": 110,
  "steps_done": 110,
  "time_s": 9.986,
  "max_cos": 0.627936693843875,
  "mean_cos": 0.15853610118254235,
  "accepted": 110,
  "calls": 110,
  "b1_gh": 2.796755089332426,
  "slope": -0.03981295689927656,
  "logdet": 762.1310116065085,
  "log_b1": 8.914808151503424
}