{
  "dim": 110,
  "seed": "41",
  "method": "ENUM",
  "beta": 30,
  "steps_budget": 110,
  "steps_done": 110,
  "time_s": 10.126,
  "max_cos": 0.6079087120201243,
  "mean_cos": 0.15599824955797073,
  "accepted": 84,
  "calls": 110,
  "b1_gh": 2.8690280474317262,
  "slope": -0.040635720873489226,
  "logdet": 761.9740621807441,
  "log_b1": 8.93889480304979
}