{
  "dim": 70,
  "seed": "4592",
  "method": "BKZ",
  "beta": 20,
  "steps_budget": 70,
  "steps_done": 70,
  "time_s": 1.477,
  "max_cos": 0.5789214349243488,
  "mean_cos": 0.15964155760625567,
  "accepted": 70,
  "calls": 70,
  "b1_gh": 1.723235012855072,
  "slope": -0.04245150584598507,
  "logdet": 484.98207706986335,
  "log_b1": 8.216384869563086
}