{
  "dim": 70,
  "seed": "1815",
  "method": "BKZ",
  "beta": 20,
  "steps_budget": 70,
  "steps_done": 70,
  "time_s": 1.308,
  "max_cos": 0.5792380091407195,
  "mean_cos": 0.16287008441962106,
  "accepted": 70,
  "calls": 70,
  "b1_gh": 1.4689132942663823,
  "slope": -0.038757687089176776,
  "logdet": 485.15174820520093,
  "log_b1": 8.059128269007651
}