{
  "dim": 70,
  "seed": "3",
  "method": "BKZ",
  "beta": 20,
  "steps_budget": 70,
  "steps_done": 70,
  "time_s": 1.348,
  "max_cos": 0.6287791833912735,
  "mean_cos": 0.15539488916635977,
  "accepted": 70,
  "calls": 70,
  "b1_gh": 1.4352158289827819,
  "slope": -0.038738917130468196,
  "logdet": 484.8588521981779,
  "log_b1": 8.031736409904951
}