{
  "dim": 70,
  "seed": "2",
  "method": "BKZ",
  "beta": 20,
  "steps_budget": 70,
  "steps_done": 70,
  "time_s": 1.338,
  "max_cos": 0.6229886503595464,
  "mean_cos": 0.16211486121664803,
  "accepted": 70,
  "calls": 70,
  "b1_gh": 1.519664602236491,
  "slope": -0.039269139989888575,
  "logdet": 485.126258551566,
  "log_b1": 8.092730913379814
}