{
  "dim": 70,
  "seed": "8",
  "method": "BKZ",
  "beta": 20,
  "steps_budget": 70,
  "steps_done": 70,
  "time_s": 1.465,
  "max_cos": 0.5719787731157614,
  "mean_cos": 0.15918113508794823,
  "accepted": 70,
  "calls": 70,
  "b1_gh": 1.5190555892358315,
  "slope": -0.03789868065846351,
  "logdet": 484.9273050130789,
  "log_b1": 8.08948788477222
}