{
  "dim": 70,
  "seed": "17",
  "method": "BKZ",
  "beta": 20,
  "steps_budget": 70,
  "steps_done": 70,
  "time_s": 1.308,
  "max_cos": 0.6182390719464392,
  "mean_cos": 0.15921245808312576,
  "accepted": 70,
  "calls": 70,
  "b1_gh": 1.574480540819561,
  "slope": -0.0395332342486947,
  "logdet": 484.6963518397928,
  "log_b1": 8.12202513736319
}