{
  "dim": 70,
  "seed": "0",
  "method": "BKZ",
  "beta": 20,
  "steps_budget": 70,
  "steps_done": 70,
  "time_s": 1.322,
  "max_cos": 0.5730700944199562,
  "mean_cos": 0.16021144768993376,
  "accepted": 70,
  "calls": 70,
  "b1_gh": 1.4639159280179277,
  "slope": -0.03654264849215377,
  "logdet": 485.07623097314354,
  "log_b1": 8.054641567274361
}