{
  "dim": 70,
  "seed": "5",
  "method": "BKZ",
  "beta": 20,
  "steps_budget": 70,
  "steps_done": 70,
  "time_s": 1.447,
  "max_cos": 0.5659492442772167,
  "mean_cos": 0.1606320844211612,
  "accepted": 70,
  "calls": 70,
  "b1_gh": 1.5551305629306942,
  "slope": -0.03788454153421669,
  "logdet": 484.9065852369252,
  "log_b1": 8.112662574490004
}