{
  "dim": 70,
  "seed": "1",
  "method": "BKZ",
  "beta": 20,
  "steps_budget": 70,
  "steps_done": 70,
  "time_s": 1.312,
  "max_cos": 0.6201366794033228,
  "mean_cos": 0.16394363060452102,
  "accepted": 70,
  "calls": 70,
  "b1_gh": 1.5112774329755194,
  "slope": -0.038508877433984956,
  "logdet": 484.53985282642384,
  "log_b1": 8.078819309936971
}