{
  "dim": 70,
  "seed": "5",
  "method": "ENUM_SIEVE",
  "beta": 40,
  "steps_budget": 70,
  "steps_done": 70,
  "time_s": 0.789,
  "max_cos": 0.6408174838687656,
  "mean_cos": 0.1600160782691913,
  "accepted": 70,
  "calls": 70,
  "b1_gh": 1.4272414774398399,
  "slope": -0.03605671137096238,
  "logdet": 484.9065852369253,
  "log_b1": 8.026846613612872
}