{
  "dim": 70,
  "seed": "2",
  "method": "ENUM",
  "beta": 30,
  "steps_budget": 70,
  "steps_done": 70,
  "time_s": 2.203,
  "max_cos": 0.5581155630774378,
  "mean_cos": 0.16209419039937553,
  "accepted": 54,
  "calls": 70,
  "b1_gh": 1.5269512571675046,
  "slope": -0.038598808050059046,
  "logdet": 485.12625855156597,
  "log_b1": 8.097514364370257
}