{
  "dim": 70,
  "seed": "2",
  "method": "ENUM_SIEVE",
  "beta": 40,
  "steps_budget": 70,
  "steps_done": 70,
  "time_s": 0.814,
  "max_cos": 0.6099920498415217,
  "mean_cos": 0.1542524672838485,
  "accepted": 70,
  "calls": 70,
  "b1_gh": 1.3490593099054369,
  "slope": -0.035465742907187674,
  "logdet": 485.1262585515661,
  "log_b1": 7.973648801382921
}