{
  "dim": 70,
  "seed": "4592",
  "method": "ENUM",
  "beta": 30,
  "steps_budget": 70,
  "steps_done": 70,
  "time_s": 1.627,
  "max_cos": 0.590221477920685,
  "mean_cos": 0.1642067748706761,
  "accepted": 51,
  "calls": 70,
  "b1_gh": 1.5161868729837078,
  "slope": -0.037135536015312214,
  "logdet": 484.9820770698633,
  "log_b1": 8.088380070603364
}