{
  "dim": 70,
  "seed": "1",
  "method": "ENUM_SIEVE",
  "beta": 40,
  "steps_budget": 70,
  "steps_done": 70,
  "time_s": 0.848,
  "max_cos": 0.5622339724608798,
  "mean_cos": 0.1559637186859064,
  "accepted": 70,
  "calls": 70,
  "b1_gh": 1.4021913866652114,
  "slope": -0.03609525116157791,
  "logdet": 484.5398528264238,
  "log_b1": 8.003900323691044
}