{
  "dim": 70,
  "seed": "0",
  "method": "ENUM",
  "beta": 30,
  "steps_budget": 70,
  "steps_done": 70,
  "time_s": 2.407,
  "max_cos": 0.5972430962592408,
  "mean_cos": 0.1592045080400948,
  "accepted": 59,
  "calls": 70,
  "b1_gh": 1.4639159280179277,
  "slope": -0.03625633492236794,
  "logdet": 485.0762309731436,
  "log_b1": 8.054641567274361
}