{
  "dim": 70,
  "seed": "17",
  "method": "ENUM_SIEVE",
  "beta": 40,
  "steps_budget": 70,
  "steps_done": 70,
  "time_s": 0.899,
  "max_cos": 0.5506854428695173,
  "mean_cos": 0.15541128550165495,
  "accepted": 70,
  "calls": 70,
  "b1_gh": 1.3327831809201653,
  "slope": -0.03546563352955684,
  "logdet": 484.6963518397928,
  "log_b1": 7.955369107832496
}