{
  "dim": 70,
  "seed": "8",
  "method": "ENUM",
  "beta": 30,
  "steps_budget": 70,
  "steps_done": 70,
  "time_s": 1.562,
  "max_cos": 0.5588277802263092,
  "mean_cos": 0.15769372123358638,
  "accepted": 60,
  "calls": 70,
  "b1_gh": 1.415972252234298,
  "slope": -0.037110639607087235,
  "logdet": 484.9273050130789,
  "log_b1": 8.019215465086036
}