{
  "dim": 70,
  "seed": "1",
  "method": "ENUM",
  "beta": 30,
  "steps_budget": 70,
  "steps_done": 70,
  "time_s": 2.283,
  "max_cos": 0.6134284130134582,
  "mean_cos": 0.16123480322878234,
  "accepted": 54,
  "calls": 70,
  "b1_gh": 1.4704528587205352,
  "slope": -0.037098300470005854,
  "logdet": 484.5398528264239,
  "log_b1": 8.051434455152842
}