{
  "dim": 70,
  "seed": "5",
  "method": "ENUM",
  "beta": 30,
  "steps_budget": 70,
  "steps_done": 70,
  "time_s": 1.562,
  "max_cos": 0.5922389473575407,
  "mean_cos": 0.15803731542274782,
  "accepted": 56,
  "calls": 70,
  "b1_gh": 1.442814761207595,
  "slope": -0.036951267660430887,
  "logdet": 484.9065852369251,
  "log_b1": 8.03769897002406
}