{
  "dim": 70,
  "seed": "1815",
  "method": "ENUM",
  "beta": 30,
  "steps_budget": 70,
  "steps_done": 70,
  "time_s": 2.226,
  "max_cos": 0.573177336894366,
  "mean_cos": 0.157339991063883,
  "accepted": 49,
  "calls": 70,
  "b1_gh": 1.4440259003110147,
  "slope": -0.03653014073226023,
  "logdet": 485.15174820520093,
  "log_b1": 8.04204037401552
}