{
  "dim": 70,
  "seed": "0",
  "method": "ENUM_SIEVE",
  "beta": 40,
  "steps_budget": 70,
  "steps_done": 70,
  "time_s": 1.159,
  "max_cos": 0.5780304440451196,
  "mean_cos": 0.1550362739694275,
  "accepted": 70,
  "calls": 70,
  "b1_gh": 1.2521197371493757,
  "slope": -0.03492370672941767,
  "logdet": 485.07623097314377,
  "log_b1": 7.898364484407242
}