{
  "dim": 70,
  "seed": "1815",
  "method": "ENUM_SIEVE",
  "beta": 40,
  "steps_budget": 70,
  "steps_done": 70,
  "time_s": 0.851,
  "max_cos": 0.5881540412375384,
  "mean_cos": 0.1545022417962636,
  "accepted": 70,
  "calls": 70,
  "b1_gh": 1.3577707787032607,
  "slope": -0.036224260112481685,
  "logdet": 485.15174820520093,
  "log_b1": 7.980449618795015
}