{
  "dim": 70,
  "seed": "17",
  "method": "ENUM",
  "beta": 30,
  "steps_budget": 70,
  "steps_done": 70,
  "time_s": 2.243,
  "max_cos": 0.5780857780494292,
  "mean_cos": 0.158411949777442,
  "accepted": 60,
  "calls": 70,
  "b1_gh": 1.5118464999038959,
  "slope": -0.037248535288411114,
  "logdet": 484.6963518397928,
  "log_b1": 8.081431486215429
}