{
  "dim": 70,
  "seed": "8",
  "method": "ENUM_SIEVE",
  "beta": 40,
  "steps_budget": 70,
  "steps_done": 70,
  "time_s": 0.794,
  "max_cos": 0.6524351276411432,
  "mean_cos": 0.1585618422322087,
  "accepted": 70,
  "calls": 70,
  "b1_gh": 1.4003036325304625,
  "slope": -0.036383881005602164,
  "logdet": 484.927305013079,
  "log_b1": 8.008088159371209
}