{
  "dim": 70,
  "seed": "3",
  "method": "ENUM_SIEVE",
  "beta": 40,
  "steps_budget": 70,
  "steps_done": 70,
  "time_s": 0.786,
  "max_cos": 0.648105650963953,
  "mean_cos": 0.16021332847854455,
  "accepted": 70,
  "calls": 70,
  "b1_gh": 1.4969103152400436,
  "slope": -0.03701238219641458,
  "logdet": 484.8588521981779,
  "log_b1": 8.07382436251406
}