{
  "dim": 70,
  "seed": "4592",
  "method": "ENUM_SIEVE",
  "beta": 40,
  "steps_budget": 70,
  "steps_done": 70,
  "time_s": 0.779,
  "max_cos": 0.6483654991219876,
  "mean_cos": 0.15681680580414872,
  "accepted": 70,
  "calls": 70,
  "b1_gh": 1.3651730838789764,
  "slope": -0.03574312620195272,
  "logdet": 484.9820770698633,
  "log_b1": 7.983462745815152
}