{
  "dim": 70,
  "seed": "3",
  "method": "ENUM",
  "beta": 30,
  "steps_budget": 70,
  "steps_done": 70,
  "time_s": 2.214,
  "max_cos": 0.5926706764862337,
  "mean_cos": 0.16157613572790852,
  "accepted": 53,
  "calls": 70,
  "b1_gh": 1.529044758577673,
  "slope": -0.036765637119257295,
  "logdet": 484.8588521981778,
  "log_b1": 8.095064368154071
}