{
  "dim": 70,
  "seed": "17",
  "method": "LLL",
  "beta": 0,
  "steps_budget": 70,
  "steps_done": 1,
  "time_s": 1.888,
  "max_cos": 0.6588467394591222,
  "mean_cos": 0.17569085758867442,
  "accepted": 0,
  "calls": 0,
  "b1_gh": 2.067744992144921,
  "slope": -0.041423389675852025,
  "logdet": 484.69635183979284,
  "log_b1": 8.394558372540098
}