{
  "dim": 70,
  "seed": "0",
  "method": "LLL",
  "beta": 0,
  "steps_budget": 70,
  "steps_done": 1,
  "time_s": 1.856,
  "max_cos": 0.6779285954896651,
  "mean_cos": 0.16971024819359457,
  "accepted": 0,
  "calls": 0,
  "b1_gh": 1.463915928017925,
  "slope": -0.039475229334746266,
  "logdet": 485.07623097314365,
  "log_b1": 8.054641567274361
}