{
  "dim": 70,
  "seed": "4592",
  "method": "LLL",
  "beta": 0,
  "steps_budget": 70,
  "steps_done": 1,
  "time_s": 1.127,
  "max_cos": 0.6870077400335123,
  "mean_cos": 0.1794876829306957,
  "accepted": 0,
  "calls": 0,
  "b1_gh": 2.0087549743046704,
  "slope": -0.04393124412071941,
  "logdet": 484.98207706986346,
  "log_b1": 8.36969663822527
}