{
  "dim": 70,
  "seed": "8",
  "method": "LLL",
  "beta": 0,
  "steps_budget": 70,
  "steps_done": 1,
  "time_s": 1.343,
  "max_cos": 0.6320013436311028,
  "mean_cos": 0.18647902508928646,
  "accepted": 0,
  "calls": 0,
  "b1_gh": 1.854147436303726,
  "slope": -0.042319695513097055,
  "logdet": 484.92730501307886,
  "log_b1": 8.288824053225008
}