{
  "dim": 70,
  "seed": "3",
  "method": "LLL",
  "beta": 0,
  "steps_budget": 70,
  "steps_done": 1,
  "time_s": 1.83,
  "max_cos": 0.662598361484571,
  "mean_cos": 0.1672653081602646,
  "accepted": 0,
  "calls": 0,
  "b1_gh": 1.8391500910883891,
  "slope": -0.04133326854946675,
  "logdet": 484.85885219817794,
  "log_b1": 8.279724726422321
}