{
  "dim": 70,
  "seed": "5",
  "method": "LLL",
  "beta": 0,
  "steps_budget": 70,
  "steps_done": 1,
  "time_s": 1.35,
  "max_cos": 0.6345748546614639,
  "mean_cos": 0.1750258002180822,
  "accepted": 0,
  "calls": 0,
  "b1_gh": 1.9642161745643612,
  "slope": -0.04062339722060312,
  "logdet": 484.9065852369252,
  "log_b1": 8.346196341474684
}