{
  "dim": 70,
  "seed": "1815",
  "method": "LLL",
  "beta": 0,
  "steps_budget": 70,
  "steps_done": 1,
  "time_s": 1.143,
  "max_cos": 0.624152910358921,
  "mean_cos": 0.16015067277761688,
  "accepted": 0,
  "calls": 0,
  "b1_gh": 1.4689132942663823,
  "slope": -0.04097585246531868,
  "logdet": 485.15174820520093,
  "log_b1": 8.059128269007651
}