{
  "dim": 70,
  "seed": "2",
  "method": "LLL",
  "beta": 0,
  "steps_budget": 70,
  "steps_done": 1,
  "time_s": 1.802,
  "max_cos": 0.6399334539071777,
  "mean_cos": 0.16981662957665447,
  "accepted": 0,
  "calls": 0,
  "b1_gh": 1.9222300340286491,
  "slope": -0.045681098190715565,
  "logdet": 485.12625855156614,
  "log_b1": 8.327727247397998
}