{
  "dim": 70,
  "seed": "1",
  "method": "LLL",
  "beta": 0,
  "steps_budget": 70,
  "steps_done": 1,
  "time_s": 1.835,
  "max_cos": 0.7183446243308933,
  "mean_cos": 0.17821857548858455,
  "accepted": 0,
  "calls": 0,
  "b1_gh": 1.9603669865781448,
  "slope": -0.04179578737586613,
  "logdet": 484.539852826424,
  "log_b1": 8.338995728413959
}