{
  "dim": 71,
  "seed": "53",
  "method": "BKZ",
  "beta": 20,
  "steps_budget": 71,
  "steps_done": 71,
  "time_s": 2.252,
  "max_cos": 0.5652487783338814,
  "mean_cos": 0.16063984724684519,
  "accepted": 71,
  "calls": 71,
  "b1_gh": 1.4215719083513698,
  "slope": -0.037970496618314066,
  "logdet": 491.9029379308818,
  "log_b1": 8.030488447577754
}