{
  "dim": 71,
  "seed": "1000",
  "method": "BKZ",
  "beta": 20,
  "steps_budget": 71,
  "steps_done": 71,
  "time_s": 2.196,
  "max_cos": 0.5906053549125088,
  "mean_cos": 0.16001192746092754,
  "accepted": 71,
  "calls": 71,
  "b1_gh": 1.4723239601718525,
  "slope": -0.039237486892731835,
  "logdet": 491.72295779445056,
  "log_b1": 8.063032356732121
}