{
  "dim": 71,
  "seed": "31",
  "method": "BKZ",
  "beta": 20,
  "steps_budget": 71,
  "steps_done": 71,
  "time_s": 1.456,
  "max_cos": 0.6394359347863653,
  "mean_cos": 0.15995531336507351,
  "accepted": 71,
  "calls": 71,
  "b1_gh": 1.605662232850086,
  "slope": -0.04025636430895686,
  "logdet": 491.67921651195473,
  "log_b1": 8.14911048222061
}