{
  "dim": 71,
  "seed": "885",
  "method": "BKZ",
  "beta": 20,
  "steps_budget": 71,
  "steps_done": 71,
  "time_s": 1.381,
  "max_cos": 0.5978053407126757,
  "mean_cos": 0.1656463653373409,
  "accepted": 71,
  "calls": 71,
  "b1_gh": 1.7133547258677462,
  "slope": -0.04004188397028584,
  "logdet": 491.6977421953612,
  "log_b1": 8.214288406354454
}