{
  "dim": 71,
  "seed": "1",
  "method": "BKZ",
  "beta": 20,
  "steps_budget": 71,
  "steps_done": 71,
  "time_s": 2.3,
  "max_cos": 0.6390894581050213,
  "mean_cos": 0.1636615513998785,
  "accepted": 71,
  "calls": 71,
  "b1_gh": 1.5296552856187107,
  "slope": -0.040141247025841716,
  "logdet": 491.9197963209783,
  "log_b1": 8.104005059116938
}