{
  "dim": 71,
  "seed": "0",
  "method": "BKZ",
  "beta": 20,
  "steps_budget": 71,
  "steps_done": 71,
  "time_s": 2.283,
  "max_cos": 0.6139231806425225,
  "mean_cos": 0.15783230679853227,
  "accepted": 71,
  "calls": 71,
  "b1_gh": 1.444202476616367,
  "slope": -0.03781144178468696,
  "logdet": 492.01883375474995,
  "log_b1": 8.047914795952074
}