{
  "dim": 71,
  "seed": "5",
  "method": "BKZ",
  "beta": 20,
  "steps_budget": 71,
  "steps_done": 71,
  "time_s": 2.264,
  "max_cos": 0.5756113158399566,
  "mean_cos": 0.16512303768164016,
  "accepted": 71,
  "calls": 71,
  "b1_gh": 1.4360493622182782,
  "slope": -0.03797847460613343,
  "logdet": 491.7098751486709,
  "log_b1": 8.037901861223792
}