{
  "dim": 71,
  "seed": "2",
  "method": "BKZ",
  "beta": 20,
  "steps_budget": 71,
  "steps_done": 71,
  "time_s": 2.514,
  "max_cos": 0.5961601503116262,
  "mean_cos": 0.1576548817097301,
  "accepted": 71,
  "calls": 71,
  "b1_gh": 1.5270893421125917,
  "slope": -0.03837464611220842,
  "logdet": 491.66145041060133,
  "log_b1": 8.098687510605059
}