{
  "dim": 71,
  "seed": "3",
  "method": "BKZ",
  "beta": 20,
  "steps_budget": 71,
  "steps_done": 71,
  "time_s": 1.467,
  "max_cos": 0.6183231266416911,
  "mean_cos": 0.1633651020432076,
  "accepted": 71,
  "calls": 71,
  "b1_gh": 1.5300596977847407,
  "slope": -0.03745636379512749,
  "logdet": 491.7908116905544,
  "log_b1": 8.102452720481995
}