{
  "dim": 71,
  "seed": "1",
  "method": "ENUM_SIEVE",
  "beta": 40,
  "steps_budget": 71,
  "steps_done": 71,
  "time_s": 0.825,
  "max_cos": 0.5495464344391267,
  "mean_cos": 0.15131019832386236,
  "accepted": 71,
  "calls": 71,
  "b1_gh": 1.3226481351475,
  "slope": -0.03631158146590698,
  "logdet": 491.9197963209784,
  "log_b1": 7.958598542545618
}