{
  "dim": 71,
  "seed": "53",
  "method": "ENUM_SIEVE",
  "beta": 40,
  "steps_budget": 71,
  "steps_done": 71,
  "time_s": 0.828,
  "max_cos": 0.5996963428554937,
  "mean_cos": 0.15907910627528699,
  "accepted": 71,
  "calls": 71,
  "b1_gh": 1.315926439542262,
  "slope": -0.035369925715341415,
  "logdet": 491.9029379308818,
  "log_b1": 7.953266144836862
}