{
  "dim": 71,
  "seed": "5",
  "method": "ENUM_SIEVE",
  "beta": 40,
  "steps_budget": 71,
  "steps_done": 71,
  "time_s": 0.872,
  "max_cos": 0.5433815962030035,
  "mean_cos": 0.1548468057518883,
  "accepted": 71,
  "calls": 71,
  "b1_gh": 1.3297606510449116,
  "slope": -0.03567238321604971,
  "logdet": 491.70987514867096,
  "log_b1": 7.961004980803005
}