{
  "dim": 71,
  "seed": "1",
  "method": "ENUM",
  "beta": 30,
  "steps_budget": 71,
  "steps_done": 71,
  "time_s": 2.315,
  "max_cos": 0.6086146956635856,
  "mean_cos": 0.16200768560606693,
  "accepted": 55,
  "calls": 71,
  "b1_gh": 1.4487909565061627,
  "slope": -0.036908801829123206,
  "logdet": 491.9197963209786,
  "log_b1": 8.049692038123872
}