{
  "dim": 71,
  "seed": "885",
  "method": "ENUM",
  "beta": 30,
  "steps_budget": 71,
  "steps_done": 71,
  "time_s": 2.296,
  "max_cos": 0.5947792585695842,
  "mean_cos": 0.1556716425849587,
  "accepted": 53,
  "calls": 71,
  "b1_gh": 1.3638943959875947,
  "slope": -0.037928198321473275,
  "logdet": 491.6977421953612,
  "log_b1": 7.986179263845936
}