{
  "dim": 71,
  "seed": "3",
  "method": "ENUM",
  "beta": 30,
  "steps_budget": 71,
  "steps_done": 71,
  "time_s": 1.537,
  "max_cos": 0.5752364791339067,
  "mean_cos": 0.15696288422785257,
  "accepted": 54,
  "calls": 71,
  "b1_gh": 1.4788446085874976,
  "slope": -0.035747770108376466,
  "logdet": 491.7908116905545,
  "log_b1": 8.068407080700181
}