{
  "dim": 71,
  "seed": "1000",
  "method": "ENUM_SIEVE",
  "beta": 40,
  "steps_budget": 71,
  "steps_done": 71,
  "time_s": 0.845,
  "max_cos": 0.6028381778559451,
  "mean_cos": 0.1574109930338261,
  "accepted": 71,
  "calls": 71,
  "b1_gh": 1.391662574970705,
  "slope": -0.036937420939476794,
  "logdet": 491.7229577944506,
  "log_b1": 8.006689408490937
}