{
  "dim": 71,
  "seed": "53",
  "method": "ENUM",
  "beta": 30,
  "steps_budget": 71,
  "steps_done": 71,
  "time_s": 1.578,
  "max_cos": 0.5575948277217836,
  "mean_cos": 0.15322106290215537,
  "accepted": 57,
  "calls": 71,
  "b1_gh": 1.4215719083513698,
  "slope": -0.03710838118506423,
  "logdet": 491.9029379308819,
  "log_b1": 8.030488447577754
}