{
  "dim": 71,
  "seed": "0",
  "method": "ENUM_SIEVE",
  "beta": 40,
  "steps_budget": 71,
  "steps_done": 71,
  "time_s": 0.831,
  "max_cos": 0.631306894906388,
  "mean_cos": 0.1578546576239855,
  "accepted": 71,
  "calls": 71,
  "b1_gh": 1.3294170490417032,
  "slope": -0.03408916439717558,
  "logdet": 492.01883375475,
  "log_b1": 7.96509808320483
}