{
  "dim": 71,
  "seed": "1000",
  "method": "ENUM",
  "beta": 30,
  "steps_budget": 71,
  "steps_done": 71,
  "time_s": 2.329,
  "max_cos": 0.5905165779420349,
  "mean_cos": 0.1609692765325101,
  "accepted": 49,
  "calls": 71,
  "b1_gh": 1.524940325587786,
  "slope": -0.038560932112650985,
  "logdet": 491.7229577944505,
  "log_b1": 8.098145557532998
}