{
  "dim": 71,
  "seed": "2",
  "method": "ENUM",
  "beta": 30,
  "steps_budget": 71,
  "steps_done": 71,
  "time_s": 1.53,
  "max_cos": 0.6155132679759674,
  "mean_cos": 0.1573057390933793,
  "accepted": 49,
  "calls": 71,
  "b1_gh": 1.3707160745512994,
  "slope": -0.036346344556699765,
  "logdet": 491.6614504106014,
  "log_b1": 7.990657263263914
}