{
  "dim": 71,
  "seed": "31",
  "method": "ENUM_SIEVE",
  "beta": 40,
  "steps_budget": 71,
  "steps_done": 71,
  "time_s": 0.879,
  "max_cos": 0.5569396768117731,
  "mean_cos": 0.16088445859623063,
  "accepted": 71,
  "calls": 71,
  "b1_gh": 1.3602798737685324,
  "slope": -0.03623502046683026,
  "logdet": 491.67921651195473,
  "log_b1": 7.983264672711895
}