{
  "dim": 71,
  "seed": "885",
  "method": "ENUM_SIEVE",
  "beta": 40,
  "steps_budget": 71,
  "steps_done": 71,
  "time_s": 0.821,
  "max_cos": 0.6211474988223219,
  "mean_cos": 0.159036304384554,
  "accepted": 71,
  "calls": 71,
  "b1_gh": 1.3245471488993596,
  "slope": -0.036196991959510094,
  "logdet": 491.6977421953612,
  "log_b1": 7.956905756322833
}