{
  "dim": 71,
  "seed": "3",
  "method": "ENUM_SIEVE",
  "beta": 40,
  "steps_budget": 71,
  "steps_done": 71,
  "time_s": 0.88,
  "max_cos": 0.6061793770072137,
  "mean_cos": 0.15409523508666656,
  "accepted": 71,
  "calls": 71,
  "b1_gh": 1.4607818988713706,
  "slope": -0.036409586557613845,
  "logdet": 491.79081169055445,
  "log_b1": 8.05611780721709
}