{
  "dim": 71,
  "seed": "2",
  "method": "ENUM_SIEVE",
  "beta": 40,
  "steps_budget": 71,
  "steps_done": 71,
  "time_s": 0.875,
  "max_cos": 0.5187698918147681,
  "mean_cos": 0.1563957525510388,
  "accepted": 71,
  "calls": 71,
  "b1_gh": 1.459173848449352,
  "slope": -0.03739121700131891,
  "logdet": 491.66145041060133,
  "log_b1": 8.053194396156538
}