{
  "dim": 71,
  "seed": "5",
  "method": "ENUM",
  "beta": 30,
  "steps_budget": 71,
  "steps_done": 71,
  "time_s": 2.391,
  "max_cos": 0.6005347243279017,
  "mean_cos": 0.15887685732575085,
  "accepted": 52,
  "calls": 71,
  "b1_gh": 1.4550362648299129,
  "slope": -0.03793853872792458,
  "logdet": 491.7098751486709,
  "log_b1": 8.051036840979323
}