{
  "dim": 71,
  "seed": "0",
  "method": "ENUM",
  "beta": 30,
  "steps_budget": 71,
  "steps_done": 71,
  "time_s": 2.42,
  "max_cos": 0.5909611514226762,
  "mean_cos": 0.16647389138021218,
  "accepted": 50,
  "calls": 71,
  "b1_gh": 1.4942732092173872,
  "slope": -0.037914518535419675,
  "logdet": 492.01883375475,
  "log_b1": 8.081997487001708
}