{
  "dim": 71,
  "seed": "31",
  "method": "ENUM",
  "beta": 30,
  "steps_budget": 71,
  "steps_done": 71,
  "time_s": 1.552,
  "max_cos": 0.5844566450978645,
  "mean_cos": 0.1557527334232645,
  "accepted": 53,
  "calls": 71,
  "b1_gh": 1.4967136832328363,
  "slope": -0.03899928062455178,
  "logdet": 491.6792165119547,
  "log_b1": 8.078846031379397
}