{
  "dim": 71,
  "seed": "1000",
  "method": "LLL",
  "beta": 0,
  "steps_budget": 71,
  "steps_done": 1,
  "time_s": 2.033,
  "max_cos": 0.6314730304448446,
  "mean_cos": 0.1780940735306289,
  "accepted": 0,
  "calls": 0,
  "b1_gh": 1.9794378664231762,
  "slope": -0.04079823733899131,
  "logdet": 491.7229577944505,
  "log_b1": 8.359003177552028
}