{
  "dim": 71,
  "seed": "3",
  "method": "LLL",
  "beta": 0,
  "steps_budget": 71,
  "steps_done": 1,
  "time_s": 1.358,
  "max_cos": 0.6587858902617257,
  "mean_cos": 0.17267189290598575,
  "accepted": 0,
  "calls": 0,
  "b1_gh": 1.7910396665801163,
  "slope": -0.04158730489346629,
  "logdet": 491.7908116905544,
  "log_b1": 8.259942238239788
}