{
  "dim": 71,
  "seed": "885",
  "method": "LLL",
  "beta": 0,
  "steps_budget": 71,
  "steps_done": 1,
  "time_s": 1.3,
  "max_cos": 0.6375635388871065,
  "mean_cos": 0.1759155292706352,
  "accepted": 0,
  "calls": 0,
  "b1_gh": 1.7246825870718077,
  "slope": -0.042582794981966994,
  "logdet": 491.6977421953612,
  "log_b1": 8.220878155775674
}