{
  "dim": 71,
  "seed": "1",
  "method": "LLL",
  "beta": 0,
  "steps_budget": 71,
  "steps_done": 1,
  "time_s": 2.001,
  "max_cos": 0.5722989255411866,
  "mean_cos": 0.16219980149847682,
  "accepted": 0,
  "calls": 0,
  "b1_gh": 1.5981493209892217,
  "slope": -0.04137470720000351,
  "logdet": 491.9197963209784,
  "log_b1": 8.14780893801433
}