{
  "dim": 71,
  "seed": "2",
  "method": "LLL",
  "beta": 0,
  "steps_budget": 71,
  "steps_done": 1,
  "time_s": 2.075,
  "max_cos": 0.5812890818258423,
  "mean_cos": 0.17161633875907453,
  "accepted": 0,
  "calls": 0,
  "b1_gh": 1.9209262524110768,
  "slope": -0.04114170133154283,
  "logdet": 491.6614504106012,
  "log_b1": 8.328131470662216
}