{
  "dim": 71,
  "seed": "31",
  "method": "LLL",
  "beta": 0,
  "steps_budget": 71,
  "steps_done": 1,
  "time_s": 1.348,
  "max_cos": 0.6047866615240024,
  "mean_cos": 0.1731457349666664,
  "accepted": 0,
  "calls": 0,
  "b1_gh": 2.007473794393503,
  "slope": -0.04165013001838994,
  "logdet": 491.67921651195456,
  "log_b1": 8.372451317502279
}