{
  "dim": 71,
  "seed": "0",
  "method": "LLL",
  "beta": 0,
  "steps_budget": 71,
  "steps_done": 1,
  "time_s": 2.025,
  "max_cos": 0.6348280766681448,
  "mean_cos": 0.17681510750216156,
  "accepted": 0,
  "calls": 0,
  "b1_gh": 1.9536247879988728,
  "slope": -0.04127428675292503,
  "logdet": 492.01883375474995,
  "log_b1": 8.350044058711248
}