{
  "dim": 71,
  "seed": "53",
  "method": "LLL",
  "beta": 0,
  "steps_budget": 71,
  "steps_done": 1,
  "time_s": 1.362,
  "max_cos": 0.6419158683998732,
  "mean_cos": 0.16518620653124733,
  "accepted": 0,
  "calls": 0,
  "b1_gh": 1.6333318578053508,
  "slope": -0.03865333222862324,
  "logdet": 491.90293793088193,
  "log_b1": 8.169347223563978
}