{
  "dim": 71,
  "seed": "5",
  "method": "LLL",
  "beta": 0,
  "steps_budget": 71,
  "steps_done": 1,
  "time_s": 1.325,
  "max_cos": 0.5910376678114615,
  "mean_cos": 0.16764199141690692,
  "accepted": 0,
  "calls": 0,
  "b1_gh": 1.8413610792347364,
  "slope": -0.04136756999997328,
  "logdet": 491.70987514867096,
  "log_b1": 8.286511031525283
}