{
  "dim": 72,
  "seed": "5499",
  "method": "BKZ",
  "beta": 20,
  "steps_budget": 72,
  "steps_done": 72,
  "time_s": 1.535,
  "max_cos": 0.6588558877773332,
  "mean_cos": 0.16031303552169576,
  "accepted": 72,
  "calls": 72,
  "b1_gh": 1.6521745711836715,
  "slope": -0.038659794568538894,
  "logdet": 498.8803490873236,
  "log_b1": 8.188061338518619
}