{
  "dim": 72,
  "seed": "6214",
  "method": "BKZ",
  "beta": 20,
  "steps_budget": 72,
  "steps_done": 72,
  "time_s": 2.284,
  "max_cos": 0.659882117357156,
  "mean_cos": 0.16229709128759945,
  "accepted": 72,
  "calls": 72,
  "b1_gh": 1.6490986890558958,
  "slope": -0.04138337428807012,
  "logdet": 498.4610004223409,
  "log_b1": 8.180373598966888
}