{
  "dim": 72,
  "seed": "4058",
  "method": "BKZ",
  "beta": 20,
  "steps_budget": 72,
  "steps_done": 72,
  "time_s": 2.509,
  "max_cos": 0.6044429827351472,
  "mean_cos": 0.15571145134374176,
  "accepted": 72,
  "calls": 72,
  "b1_gh": 1.5942397453968125,
  "slope": -0.037752132707128426,
  "logdet": 498.5675106385753,
  "log_b1": 8.148020991868304
}