{
  "dim": 72,
  "seed": "7260",
  "method": "BKZ",
  "beta": 20,
  "steps_budget": 72,
  "steps_done": 72,
  "time_s": 2.322,
  "max_cos": 0.5571088509208214,
  "mean_cos": 0.1618030616626769,
  "accepted": 72,
  "calls": 72,
  "b1_gh": 1.6642067265668128,
  "slope": -0.03803226383849611,
  "logdet": 499.0058684705864,
  "log_b1": 8.197060890539145
}