{
  "dim": 72,
  "seed": "5555",
  "method": "BKZ",
  "beta": 20,
  "steps_budget": 72,
  "steps_done": 72,
  "time_s": 2.417,
  "max_cos": 0.603403334710339,
  "mean_cos": 0.1605171953193702,
  "accepted": 72,
  "calls": 72,
  "b1_gh": 1.5374201387739101,
  "slope": -0.037636745029925214,
  "logdet": 498.4035014856646,
  "log_b1": 8.109451890105694
}