{
  "dim": 72,
  "seed": "16",
  "method": "BKZ",
  "beta": 20,
  "steps_budget": 72,
  "steps_done": 72,
  "time_s": 1.511,
  "max_cos": 0.6281695635767268,
  "mean_cos": 0.1607195705865588,
  "accepted": 72,
  "calls": 72,
  "b1_gh": 1.6751366210399623,
  "slope": -0.03976443636317035,
  "logdet": 498.8094202920188,
  "log_b1": 8.200878600967219
}