{
  "dim": 72,
  "seed": "5076",
  "method": "BKZ",
  "beta": 20,
  "steps_budget": 72,
  "steps_done": 72,
  "time_s": 1.474,
  "max_cos": 0.6306787363535983,
  "mean_cos": 0.15932521929124296,
  "accepted": 72,
  "calls": 72,
  "b1_gh": 1.607180161294149,
  "slope": -0.03831962238668379,
  "logdet": 498.45107077482635,
  "log_b1": 8.154487988386414
}