{
  "dim": 72,
  "seed": "4056",
  "method": "BKZ",
  "beta": 20,
  "steps_budget": 72,
  "steps_done": 72,
  "time_s": 1.529,
  "max_cos": 0.5886785382194863,
  "mean_cos": 0.16453657076040676,
  "accepted": 72,
  "calls": 72,
  "b1_gh": 1.643509561799627,
  "slope": -0.039221197261237135,
  "logdet": 498.81925976328966,
  "log_b1": 8.18195446559413
}