{
  "dim": 72,
  "seed": "1077",
  "method": "BKZ",
  "beta": 20,
  "steps_budget": 72,
  "steps_done": 72,
  "time_s": 2.312,
  "max_cos": 0.6086547390897084,
  "mean_cos": 0.16489608954439047,
  "accepted": 72,
  "calls": 72,
  "b1_gh": 1.5339295933945145,
  "slope": -0.037812565688381025,
  "logdet": 498.49599424830694,
  "log_b1": 8.108463539216173
}