{
  "dim": 72,
  "seed": "16",
  "method": "ENUM",
  "beta": 30,
  "steps_budget": 72,
  "steps_done": 72,
  "time_s": 2.499,
  "max_cos": 0.6070437632077635,
  "mean_cos": 0.15762754461611342,
  "accepted": 57,
  "calls": 72,
  "b1_gh": 1.543512337430137,
  "slope": -0.03658463728935189,
  "logdet": 498.80942029201873,
  "log_b1": 8.119044432296585
}