{
  "dim": 72,
  "seed": "6214",
  "method": "ENUM_SIEVE",
  "beta": 40,
  "steps_budget": 72,
  "steps_done": 72,
  "time_s": 0.833,
  "max_cos": 0.5534738307643741,
  "mean_cos": 0.15487986293206732,
  "accepted": 72,
  "calls": 72,
  "b1_gh": 1.4523067147598285,
  "slope": -0.03644760823726117,
  "logdet": 498.4610004223409,
  "log_b1": 8.053297839515698
}