{
  "dim": 72,
  "seed": "6214",
  "method": "ENUM",
  "beta": 30,
  "steps_budget": 72,
  "steps_done": 72,
  "time_s": 2.43,
  "max_cos": 0.6756688626078821,
  "mean_cos": 0.16206381136194634,
  "accepted": 54,
  "calls": 72,
  "b1_gh": 1.5669246722366177,
  "slope": -0.037849414423288,
  "logdet": 498.4610004223408,
  "log_b1": 8.129259600255066
}