{
  "dim": 72,
  "seed": "5555",
  "method": "ENUM_SIEVE",
  "beta": 40,
  "steps_budget": 72,
  "steps_done": 72,
  "time_s": 0.852,
  "max_cos": 0.680235791199473,
  "mean_cos": 0.15480983497519019,
  "accepted": 72,
  "calls": 72,
  "b1_gh": 1.347289787154433,
  "slope": -0.036136839273471416,
  "logdet": 498.4035014856646,
  "log_b1": 7.977441122536757
}