{
  "dim": 72,
  "seed": "5499",
  "method": "ENUM",
  "beta": 30,
  "steps_budget": 72,
  "steps_done": 72,
  "time_s": 1.602,
  "max_cos": 0.5951695426261084,
  "mean_cos": 0.15856281524043106,
  "accepted": 53,
  "calls": 72,
  "b1_gh": 1.434496436710902,
  "slope": -0.03751077187607649,
  "logdet": 498.8803490873236,
  "log_b1": 8.046782868815853
}