{
  "dim": 72,
  "seed": "16",
  "method": "ENUM_SIEVE",
  "beta": 40,
  "steps_budget": 72,
  "steps_done": 72,
  "time_s": 0.842,
  "max_cos": 0.5849268802402895,
  "mean_cos": 0.15799406763208348,
  "accepted": 72,
  "calls": 72,
  "b1_gh": 1.4553287008718139,
  "slope": -0.035733349396160866,
  "logdet": 498.8094202920188,
  "log_b1": 8.060215660577896
}