{
  "dim": 72,
  "seed": "7260",
  "method": "ENUM",
  "beta": 30,
  "steps_budget": 72,
  "steps_done": 72,
  "time_s": 2.463,
  "max_cos": 0.6172532077742776,
  "mean_cos": 0.16092680003515705,
  "accepted": 56,
  "calls": 72,
  "b1_gh": 1.5178566435095342,
  "slope": -0.037947555994952836,
  "logdet": 499.0058684705864,
  "log_b1": 8.105011557914148
}