{
  "dim": 72,
  "seed": "5555",
  "method": "ENUM",
  "beta": 30,
  "steps_budget": 72,
  "steps_done": 72,
  "time_s": 2.476,
  "max_cos": 0.6673887546612851,
  "mean_cos": 0.16098954202256854,
  "accepted": 52,
  "calls": 72,
  "b1_gh": 1.4057624726401876,
  "slope": -0.03701008746648765,
  "logdet": 498.40350148566455,
  "log_b1": 8.019925953755607
}