{
  "dim": 72,
  "seed": "5076",
  "method": "ENUM_SIEVE",
  "beta": 40,
  "steps_budget": 72,
  "steps_done": 72,
  "time_s": 0.826,
  "max_cos": 0.6088756288696564,
  "mean_cos": 0.1547828392693542,
  "accepted": 72,
  "calls": 72,
  "b1_gh": 1.454231255904966,
  "slope": -0.03535452014119478,
  "logdet": 498.45107077482635,
  "log_b1": 8.054484212130982
}