{
  "dim": 72,
  "seed": "1077",
  "method": "ENUM_SIEVE",
  "beta": 40,
  "steps_budget": 72,
  "steps_done": 72,
  "time_s": 0.849,
  "max_cos": 0.6511289874462959,
  "mean_cos": 0.1599730752480893,
  "accepted": 72,
  "calls": 72,
  "b1_gh": 1.446834294325684,
  "slope": -0.036345572861689705,
  "logdet": 498.49599424830694,
  "log_b1": 8.05000865910574
}