{
  "dim": 72,
  "seed": "5499",
  "method": "ENUM_SIEVE",
  "beta": 40,
  "steps_budget": 72,
  "steps_done": 72,
  "time_s": 0.849,
  "max_cos": 0.6562427228372039,
  "mean_cos": 0.15765907914040544,
  "accepted": 72,
  "calls": 72,
  "b1_gh": 1.432857272372494,
  "slope": -0.035374198530611564,
  "logdet": 498.8803490873236,
  "log_b1": 8.045639539681554
}