{
  "dim": 72,
  "seed": "4056",
  "method": "ENUM",
  "beta": 30,
  "steps_budget": 72,
  "steps_done": 72,
  "time_s": 2.474,
  "max_cos": 0.6392624277256457,
  "mean_cos": 0.160633800192373,
  "accepted": 58,
  "calls": 72,
  "b1_gh": 1.4642561427729999,
  "slope": -0.03720582659747325,
  "logdet": 498.8192597632896,
  "log_b1": 8.066467894685408
}