{
  "dim": 72,
  "seed": "4056",
  "method": "ENUM_SIEVE",
  "beta": 40,
  "steps_budget": 72,
  "steps_done": 72,
  "time_s": 0.837,
  "max_cos": 0.7032611669442468,
  "mean_cos": 0.15990272805173011,
  "accepted": 72,
  "calls": 72,
  "b1_gh": 1.4149456573361834,
  "slope": -0.035495759374209346,
  "logdet": 498.81925976328955,
  "log_b1": 8.032211659187954
}