{
  "dim": 72,
  "seed": "5076",
  "method": "ENUM",
  "beta": 30,
  "steps_budget": 72,
  "steps_done": 72,
  "time_s": 1.605,
  "max_cos": 0.583176167961808,
  "mean_cos": 0.16237090592949724,
  "accepted": 56,
  "calls": 72,
  "b1_gh": 1.4869735665827786,
  "slope": -0.037822251982208156,
  "logdet": 498.4510707748264,
  "log_b1": 8.076749688569025
}