{
  "dim": 72,
  "seed": "4058",
  "method": "ENUM",
  "beta": 30,
  "steps_budget": 72,
  "steps_done": 72,
  "time_s": 1.605,
  "max_cos": 0.6462990243994653,
  "mean_cos": 0.15880585635697922,
  "accepted": 61,
  "calls": 72,
  "b1_gh": 1.3831114860473541,
  "slope": -0.036498569608517724,
  "logdet": 498.5675106385753,
  "log_b1": 8.005959679100187
}