{
  "dim": 72,
  "seed": "7260",
  "method": "ENUM_SIEVE",
  "beta": 40,
  "steps_budget": 72,
  "steps_done": 72,
  "time_s": 0.839,
  "max_cos": 0.6170870260404625,
  "mean_cos": 0.16012834959992578,
  "accepted": 72,
  "calls": 72,
  "b1_gh": 1.4606819863861535,
  "slope": -0.03709146617004219,
  "logdet": 499.0058684705864,
  "log_b1": 8.066615761760588
}