{
  "dim": 72,
  "seed": "4058",
  "method": "ENUM_SIEVE",
  "beta": 40,
  "steps_budget": 72,
  "steps_done": 72,
  "time_s": 0.834,
  "max_cos": 0.5875357719632067,
  "mean_cos": 0.15455764070818132,
  "accepted": 72,
  "calls": 72,
  "b1_gh": 1.4501607001167423,
  "slope": -0.03708347965725433,
  "logdet": 498.56751063857536,
  "log_b1": 8.053298395876883
}