{
  "dim": 72,
  "seed": "1077",
  "method": "ENUM",
  "beta": 30,
  "steps_budget": 72,
  "steps_done": 72,
  "time_s": 2.45,
  "max_cos": 0.5656696389612448,
  "mean_cos": 0.15490935610317977,
  "accepted": 57,
  "calls": 72,
  "b1_gh": 1.4025977616113372,
  "slope": -0.03682782834180592,
  "logdet": 498.49599424830694,
  "log_b1": 8.018956795954582
}