{
  "dim": 72,
  "seed": "7260",
  "method": "LLL",
  "beta": 0,
  "steps_budget": 72,
  "steps_done": 1,
  "time_s": 2.149,
  "max_cos": 0.6516124260795193,
  "mean_cos": 0.1775982857159131,
  "accepted": 0,
  "calls": 0,
  "b1_gh": 2.154936456908082,
  "slope": -0.04194151964584507,
  "logdet": 499.0058684705864,
  "log_b1": 8.45547355790841
}