{
  "dim": 72,
  "seed": "4056",
  "method": "LLL",
  "beta": 0,
  "steps_budget": 72,
  "steps_done": 1,
  "time_s": 2.155,
  "max_cos": 0.6502917942101464,
  "mean_cos": 0.17724917786012506,
  "accepted": 0,
  "calls": 0,
  "b1_gh": 1.9250555798994806,
  "slope": -0.04389005985265879,
  "logdet": 498.8192597632896,
  "log_b1": 8.340075373537639
}