{
  "dim": 72,
  "seed": "6214",
  "method": "LLL",
  "beta": 0,
  "steps_budget": 72,
  "steps_done": 1,
  "time_s": 2.118,
  "max_cos": 0.6637056888001489,
  "mean_cos": 0.1724277480866937,
  "accepted": 0,
  "calls": 0,
  "b1_gh": 1.8736568347678295,
  "slope": -0.04285591146641014,
  "logdet": 498.4610004223408,
  "log_b1": 8.308036757286988
}