{
  "dim": 72,
  "seed": "5499",
  "method": "LLL",
  "beta": 0,
  "steps_budget": 72,
  "steps_done": 1,
  "time_s": 1.421,
  "max_cos": 0.607241723609356,
  "mean_cos": 0.16632077265833822,
  "accepted": 0,
  "calls": 0,
  "b1_gh": 1.7772646019252036,
  "slope": -0.041622433342394606,
  "logdet": 498.88034908732357,
  "log_b1": 8.261044438189211
}