{
  "dim": 72,
  "seed": "4058",
  "method": "LLL",
  "beta": 0,
  "steps_budget": 72,
  "steps_done": 1,
  "time_s": 2.134,
  "max_cos": 0.6421396753408501,
  "mean_cos": 0.17602699132466415,
  "accepted": 0,
  "calls": 0,
  "b1_gh": 1.8609253531993153,
  "slope": -0.04038186874514588,
  "logdet": 498.56751063857524,
  "log_b1": 8.302697883650833
}