{
  "dim": 72,
  "seed": "5555",
  "method": "LLL",
  "beta": 0,
  "steps_budget": 72,
  "steps_done": 1,
  "time_s": 1.41,
  "max_cos": 0.7386460675729122,
  "mean_cos": 0.17484423754504122,
  "accepted": 0,
  "calls": 0,
  "b1_gh": 1.6670930499863552,
  "slope": -0.04007468228382147,
  "logdet": 498.4035014856646,
  "log_b1": 8.190427534055967
}