{
  "dim": 72,
  "seed": "16",
  "method": "LLL",
  "beta": 0,
  "steps_budget": 72,
  "steps_done": 1,
  "time_s": 1.42,
  "max_cos": 0.6384636284321203,
  "mean_cos": 0.1647180058902794,
  "accepted": 0,
  "calls": 0,
  "b1_gh": 1.957512569527648,
  "slope": -0.04327295099131364,
  "logdet": 498.8094202920188,
  "log_b1": 8.356658444293279
}