{
  "dim": 72,
  "seed": "1077",
  "method": "LLL",
  "beta": 0,
  "steps_budget": 72,
  "steps_done": 1,
  "time_s": 1.401,
  "max_cos": 0.6579646357854675,
  "mean_cos": 0.16518725566306403,
  "accepted": 0,
  "calls": 0,
  "b1_gh": 1.6764077617759863,
  "slope": -0.04190773142654362,
  "logdet": 498.49599424830694,
  "log_b1": 8.19728400180474
}