{
  "dim": 72,
  "seed": "5076",
  "method": "LLL",
  "beta": 0,
  "steps_budget": 72,
  "steps_done": 1,
  "time_s": 1.399,
  "max_cos": 0.7431814001513104,
  "mean_cos": 0.18351714555227405,
  "accepted": 0,
  "calls": 0,
  "b1_gh": 2.2725387693698273,
  "slope": -0.04156823570396736,
  "logdet": 498.45107077482635,
  "log_b1": 8.500904404741485
}