{
  "dim": 73,
  "seed": "2",
  "method": "BKZ",
  "beta": 20,
  "steps_budget": 73,
  "steps_done": 73,
  "time_s": 2.428,
  "max_cos": 0.5795795484306815,
  "mean_cos": 0.16168295111578376,
  "accepted": 73,
  "calls": 73,
  "b1_gh": 1.5639682587034558,
  "slope": -0.03896763016203341,
  "logdet": 505.9654044009253,
  "log_b1": 8.141809070125472
}