{
  "dim": 73,
  "seed": "1",
  "method": "BKZ",
  "beta": 20,
  "steps_budget": 73,
  "steps_done": 73,
  "time_s": 2.476,
  "max_cos": 0.6677237925785151,
  "mean_cos": 0.16154754461431953,
  "accepted": 73,
  "calls": 73,
  "b1_gh": 1.5126248348448843,
  "slope": -0.03730445190592328,
  "logdet": 505.9619250421691,
  "log_b1": 8.108381503657855
}