{
  "dim": 73,
  "seed": "3",
  "method": "BKZ",
  "beta": 20,
  "steps_budget": 73,
  "steps_done": 73,
  "time_s": 2.438,
  "max_cos": 0.5967199733937799,
  "mean_cos": 0.15887261745271364,
  "accepted": 73,
  "calls": 73,
  "b1_gh": 1.5281057981974884,
  "slope": -0.038702307849966824,
  "logdet": 505.5018855643179,
  "log_b1": 8.112262078056142
}