{
  "dim": 73,
  "seed": "179",
  "method": "BKZ",
  "beta": 20,
  "steps_budget": 73,
  "steps_done": 73,
  "time_s": 2.648,
  "max_cos": 0.6309648238698985,
  "mean_cos": 0.16380552822887343,
  "accepted": 73,
  "calls": 73,
  "b1_gh": 1.5781413197357352,
  "slope": -0.03737456167508178,
  "logdet": 505.9193217629404,
  "log_b1": 8.150199228788246
}