{
  "dim": 73,
  "seed": "74",
  "method": "BKZ",
  "beta": 20,
  "steps_budget": 73,
  "steps_done": 73,
  "time_s": 1.547,
  "max_cos": 0.624855992242694,
  "mean_cos": 0.16053140839575478,
  "accepted": 73,
  "calls": 73,
  "b1_gh": 1.5742076597828538,
  "slope": -0.039519320239965634,
  "logdet": 505.77570711055586,
  "log_b1": 8.145736202676275
}