{
  "dim": 73,
  "seed": "8",
  "method": "BKZ",
  "beta": 20,
  "steps_budget": 73,
  "steps_done": 73,
  "time_s": 1.613,
  "max_cos": 0.5698766542023539,
  "mean_cos": 0.16103400700715356,
  "accepted": 73,
  "calls": 73,
  "b1_gh": 1.5145809611851708,
  "slope": -0.03673592414636044,
  "logdet": 505.9149484838521,
  "log_b1": 8.109030353633969
}