{
  "dim": 73,
  "seed": "13",
  "method": "BKZ",
  "beta": 20,
  "steps_budget": 73,
  "steps_done": 73,
  "time_s": 1.616,
  "max_cos": 0.6090560652882933,
  "mean_cos": 0.1619433925441829,
  "accepted": 73,
  "calls": 73,
  "b1_gh": 1.5805750023592577,
  "slope": -0.03753477009848549,
  "logdet": 505.39975519823815,
  "log_b1": 8.144622810317914
}