{
  "dim": 73,
  "seed": "0",
  "method": "BKZ",
  "beta": 20,
  "steps_budget": 73,
  "steps_done": 73,
  "time_s": 2.399,
  "max_cos": 0.6070873512935653,
  "mean_cos": 0.16365395097058946,
  "accepted": 73,
  "calls": 73,
  "b1_gh": 1.6420177938056166,
  "slope": -0.038423102623032716,
  "logdet": 505.50608168426396,
  "log_b1": 8.184216478783425
}