{
  "dim": 73,
  "seed": "5",
  "method": "BKZ",
  "beta": 20,
  "steps_budget": 73,
  "steps_done": 73,
  "time_s": 2.433,
  "max_cos": 0.5925575393380017,
  "mean_cos": 0.15926294830132487,
  "accepted": 73,
  "calls": 73,
  "b1_gh": 1.5900087808713168,
  "slope": -0.04009503385647706,
  "logdet": 505.92286424182254,
  "log_b1": 8.157739520026887
}