{
  "dim": 73,
  "seed": "179",
  "method": "ENUM_SIEVE",
  "beta": 40,
  "steps_budget": 73,
  "steps_done": 73,
  "time_s": 0.867,
  "max_cos": 0.6619006902083358,
  "mean_cos": 0.15784246906786728,
  "accepted": 73,
  "calls": 73,
  "b1_gh": 1.3725153355967359,
  "slope": -0.037342419946859565,
  "logdet": 505.9193217629404,
  "log_b1": 8.010596521957245
}