{
  "dim": 73,
  "seed": "2",
  "method": "ENUM_SIEVE",
  "beta": 40,
  "steps_budget": 73,
  "steps_done": 73,
  "time_s": 0.856,
  "max_cos": 0.6504946058991433,
  "mean_cos": 0.15679524642064002,
  "accepted": 73,
  "calls": 73,
  "b1_gh": 1.3562137162016323,
  "slope": -0.035504129347539604,
  "logdet": 505.9654044009253,
  "log_b1": 7.999279508072647
}