{
  "dim": 73,
  "seed": "8",
  "method": "ENUM_SIEVE",
  "beta": 40,
  "steps_budget": 73,
  "steps_done": 73,
  "time_s": 0.889,
  "max_cos": 0.6847518083576809,
  "mean_cos": 0.15533122684993508,
  "accepted": 73,
  "calls": 73,
  "b1_gh": 1.4371525742691464,
  "slope": -0.03765902615808964,
  "logdet": 505.91494848385196,
  "log_b1": 8.056555323222032
}