{
  "dim": 73,
  "seed": "1",
  "method": "ENUM",
  "beta": 30,
  "steps_budget": 73,
  "steps_done": 73,
  "time_s": 1.701,
  "max_cos": 0.6712991207796685,
  "mean_cos": 0.1613221039811586,
  "accepted": 55,
  "calls": 73,
  "b1_gh": 1.4321420122051123,
  "slope": -0.03740289260767519,
  "logdet": 505.9619250421691,
  "log_b1": 8.0537062948619
}