{
  "dim": 73,
  "seed": "1",
  "method": "ENUM_SIEVE",
  "beta": 40,
  "steps_budget": 73,
  "steps_done": 73,
  "time_s": 0.887,
  "max_cos": 0.5543558846886707,
  "mean_cos": 0.1523130658511842,
  "accepted": 73,
  "calls": 73,
  "b1_gh": 1.380078913397374,
  "slope": -0.03527488051404813,
  "logdet": 505.9619250421691,
  "log_b1": 8.0166757418617
}