{
  "dim": 73,
  "seed": "0",
  "method": "ENUM",
  "beta": 30,
  "steps_budget": 73,
  "steps_done": 73,
  "time_s": 1.653,
  "max_cos": 0.6219481370584151,
  "mean_cos": 0.15810701767709257,
  "accepted": 58,
  "calls": 73,
  "b1_gh": 1.5307430419973542,
  "slope": -0.037235028628655506,
  "logdet": 505.5060816842641,
  "log_b1": 8.114043897025507
}