{
  "dim": 73,
  "seed": "5",
  "method": "ENUM_SIEVE",
  "beta": 40,
  "steps_budget": 73,
  "steps_done": 73,
  "time_s": 0.866,
  "max_cos": 0.5939736260282389,
  "mean_cos": 0.15671807379472752,
  "accepted": 73,
  "calls": 73,
  "b1_gh": 1.4781872619090153,
  "slope": -0.036289988379614654,
  "logdet": 505.9228642418225,
  "log_b1": 8.084816495282206
}