{
  "dim": 73,
  "seed": "74",
  "method": "ENUM_SIEVE",
  "beta": 40,
  "steps_budget": 73,
  "steps_done": 73,
  "time_s": 0.854,
  "max_cos": 0.5342532553382964,
  "mean_cos": 0.15960617585137377,
  "accepted": 73,
  "calls": 73,
  "b1_gh": 1.430332097723494,
  "slope": -0.03622011556668865,
  "logdet": 505.7757071105559,
  "log_b1": 8.049890783615623
}