{
  "dim": 73,
  "seed": "0",
  "method": "ENUM_SIEVE",
  "beta": 40,
  "steps_budget": 73,
  "steps_done": 73,
  "time_s": 0.895,
  "max_cos": 0.6359572607300282,
  "mean_cos": 0.16036961470031558,
  "accepted": 73,
  "calls": 73,
  "b1_gh": 1.5489681778069653,
  "slope": -0.03573274208487224,
  "logdet": 505.506081684264,
  "log_b1": 8.125879648668464
}