{
  "dim": 73,
  "seed": "13",
  "method": "ENUM",
  "beta": 30,
  "steps_budget": 73,
  "steps_done": 73,
  "time_s": 1.719,
  "max_cos": 0.5787365275010414,
  "mean_cos": 0.16178513451608892,
  "accepted": 51,
  "calls": 73,
  "b1_gh": 1.630327346341631,
  "slope": -0.036448899495379765,
  "logdet": 505.39975519823827,
  "log_b1": 8.17561492457234
}