{
  "dim": 73,
  "seed": "3",
  "method": "ENUM",
  "beta": 30,
  "steps_budget": 73,
  "steps_done": 73,
  "time_s": 1.701,
  "max_cos": 0.6295513136720543,
  "mean_cos": 0.16117567123687246,
  "accepted": 56,
  "calls": 73,
  "b1_gh": 1.4679106050562198,
  "slope": -0.03706791797380732,
  "logdet": 505.50188556431794,
  "log_b1": 8.07207318265056
}