{
  "dim": 73,
  "seed": "5",
  "method": "ENUM",
  "beta": 30,
  "steps_budget": 73,
  "steps_done": 73,
  "time_s": 1.692,
  "max_cos": 0.6191076937180109,
  "mean_cos": 0.16083849417539883,
  "accepted": 54,
  "calls": 73,
  "b1_gh": 1.5020327572383414,
  "slope": -0.03852695952779106,
  "logdet": 505.92286424182254,
  "log_b1": 8.100819343433669
}