{
  "dim": 73,
  "seed": "3",
  "method": "ENUM_SIEVE",
  "beta": 40,
  "steps_budget": 73,
  "steps_done": 73,
  "time_s": 0.871,
  "max_cos": 0.5922321550447835,
  "mean_cos": 0.15721427732033613,
  "accepted": 73,
  "calls": 73,
  "b1_gh": 1.3076478107598701,
  "slope": -0.03640501075105803,
  "logdet": 505.5018855643179,
  "log_b1": 7.95646310900049
}