{
  "dim": 73,
  "seed": "2",
  "method": "ENUM",
  "beta": 30,
  "steps_budget": 73,
  "steps_done": 73,
  "time_s": 2.751,
  "max_cos": 0.6104029389857857,
  "mean_cos": 0.16005589389523922,
  "accepted": 53,
  "calls": 73,
  "b1_gh": 1.4053042311267157,
  "slope": -0.03726288290260072,
  "logdet": 505.96540440092537,
  "log_b1": 8.034836537110174
}