{
  "dim": 73,
  "seed": "13",
  "method": "ENUM_SIEVE",
  "beta": 40,
  "steps_budget": 73,
  "steps_done": 73,
  "time_s": 0.892,
  "max_cos": 0.5783677982362614,
  "mean_cos": 0.15121334111144263,
  "accepted": 73,
  "calls": 73,
  "b1_gh": 1.4198586442686043,
  "slope": -0.034948921542229734,
  "logdet": 505.39975519823815,
  "log_b1": 8.037391424308437
}