{
  "dim": 73,
  "seed": "179",
  "method": "ENUM",
  "beta": 30,
  "steps_budget": 73,
  "steps_done": 73,
  "time_s": 1.702,
  "max_cos": 0.6550710325329978,
  "mean_cos": 0.16394640687636314,
  "accepted": 55,
  "calls": 73,
  "b1_gh": 1.5110307064913273,
  "slope": -0.03805052936709683,
  "logdet": 505.91932176294046,
  "log_b1": 8.106743459192023
}