{
  "dim": 73,
  "seed": "8",
  "method": "ENUM",
  "beta": 30,
  "steps_budget": 73,
  "steps_done": 73,
  "time_s": 2.649,
  "max_cos": 0.609867451838312,
  "mean_cos": 0.16289270964776784,
  "accepted": 47,
  "calls": 73,
  "b1_gh": 1.5092859710831732,
  "slope": -0.035156505792538616,
  "logdet": 505.9149484838521,
  "log_b1": 8.105528218366446
}