{
  "dim": 73,
  "seed": "74",
  "method": "ENUM",
  "beta": 30,
  "steps_budget": 73,
  "steps_done": 73,
  "time_s": 2.554,
  "max_cos": 0.5873518967766506,
  "mean_cos": 0.16276361777316412,
  "accepted": 54,
  "calls": 73,
  "b1_gh": 1.5270375557089764,
  "slope": -0.03701444447124171,
  "logdet": 505.77570711055586,
  "log_b1": 8.115313750509642
}