{
  "dim": 73,
  "seed": "1",
  "method": "LLL",
  "beta": 0,
  "steps_budget": 73,
  "steps_done": 1,
  "time_s": 1.456,
  "max_cos": 0.6466830359269716,
  "mean_cos": 0.17520248098151422,
  "accepted": 0,
  "calls": 0,
  "b1_gh": 1.7552308913845702,
  "slope": -0.039148262260460566,
  "logdet": 505.9619250421691,
  "log_b1": 8.257135471013015
}