{
  "dim": 73,
  "seed": "74",
  "method": "LLL",
  "beta": 0,
  "steps_budget": 73,
  "steps_done": 1,
  "time_s": 1.456,
  "max_cos": 0.7000983741123002,
  "mean_cos": 0.17714082416221916,
  "accepted": 0,
  "calls": 0,
  "b1_gh": 2.2747482172701026,
  "slope": -0.045218416193287515,
  "logdet": 505.77570711055586,
  "log_b1": 8.513853502686874
}