{
  "dim": 73,
  "seed": "3",
  "method": "LLL",
  "beta": 0,
  "steps_budget": 73,
  "steps_done": 1,
  "time_s": 1.482,
  "max_cos": 0.6991557206475602,
  "mean_cos": 0.16776266614666574,
  "accepted": 0,
  "calls": 0,
  "b1_gh": 2.0405296909107355,
  "slope": -0.04126029751427768,
  "logdet": 505.5018855643179,
  "log_b1": 8.401442576610222
}