{
  "dim": 73,
  "seed": "8",
  "method": "LLL",
  "beta": 0,
  "steps_budget": 73,
  "steps_done": 1,
  "time_s": 2.312,
  "max_cos": 0.6649615339013208,
  "mean_cos": 0.1772820015181454,
  "accepted": 0,
  "calls": 0,
  "b1_gh": 1.8028120426896066,
  "slope": -0.03935286650228818,
  "logdet": 505.91494848385196,
  "log_b1": 8.283239238012788
}