{
  "dim": 73,
  "seed": "0",
  "method": "LLL",
  "beta": 0,
  "steps_budget": 73,
  "steps_done": 1,
  "time_s": 1.427,
  "max_cos": 0.6254158427568197,
  "mean_cos": 0.17265603334445845,
  "accepted": 0,
  "calls": 0,
  "b1_gh": 2.1468222908203196,
  "slope": -0.04496019385715496,
  "logdet": 505.506081684264,
  "log_b1": 8.452279375690093
}