{
  "dim": 73,
  "seed": "5",
  "method": "LLL",
  "beta": 0,
  "steps_budget": 73,
  "steps_done": 1,
  "time_s": 2.264,
  "max_cos": 0.6343165163957587,
  "mean_cos": 0.16782378605741674,
  "accepted": 0,
  "calls": 0,
  "b1_gh": 1.770355098496849,
  "slope": -0.041177170153602,
  "logdet": 505.92286424182254,
  "log_b1": 8.26518012833322
}