{
  "dim": 73,
  "seed": "2",
  "method": "LLL",
  "beta": 0,
  "steps_budget": 73,
  "steps_done": 1,
  "time_s": 1.437,
  "max_cos": 0.7166896855385302,
  "mean_cos": 0.18235298427521432,
  "accepted": 0,
  "calls": 0,
  "b1_gh": 1.8532018669217944,
  "slope": -0.04158950984052918,
  "logdet": 505.9654044009253,
  "log_b1": 8.311497605119165
}