{
  "dim": 73,
  "seed": "179",
  "method": "LLL",
  "beta": 0,
  "steps_budget": 73,
  "steps_done": 1,
  "time_s": 1.456,
  "max_cos": 0.6086853214962542,
  "mean_cos": 0.17124939555539584,
  "accepted": 0,
  "calls": 0,
  "b1_gh": 1.9331847163167935,
  "slope": -0.03897038141377404,
  "logdet": 505.9193217629404,
  "log_b1": 8.353120209200368
}