{
  "dim": 73,
  "seed": "13",
  "method": "LLL",
  "beta": 0,
  "steps_budget": 73,
  "steps_done": 1,
  "time_s": 1.493,
  "max_cos": 0.644857169026393,
  "mean_cos": 0.17331241265549913,
  "accepted": 0,
  "calls": 0,
  "b1_gh": 1.9231437561493965,
  "slope": -0.0419599092842511,
  "logdet": 505.3997551982382,
  "log_b1": 8.340795323940517
}