{
  "dim": 74,
  "seed": "503",
  "method": "BKZ",
  "beta": 20,
  "steps_budget": 74,
  "steps_done": 74,
  "time_s": 2.607,
  "max_cos": 0.5921616182110961,
  "mean_cos": 0.1581807478942838,
  "accepted": 74,
  "calls": 74,
  "b1_gh": 1.6490230800661831,
  "slope": -0.039266356631170875,
  "logdet": 512.5015998627754,
  "log_b1": 8.195820966112633
}