{
  "dim": 74,
  "seed": "4190",
  "method": "BKZ",
  "beta": 20,
  "steps_budget": 74,
  "steps_done": 74,
  "time_s": 1.703,
  "max_cos": 0.6173646093993889,
  "mean_cos": 0.16492544319084243,
  "accepted": 74,
  "calls": 74,
  "b1_gh": 1.578780230459519,
  "slope": -0.03669498927322131,
  "logdet": 512.406660665494,
  "log_b1": 8.151007506956605
}