{
  "dim": 74,
  "seed": "5466",
  "method": "BKZ",
  "beta": 20,
  "steps_budget": 74,
  "steps_done": 74,
  "time_s": 2.595,
  "max_cos": 0.5849394851084374,
  "mean_cos": 0.162839180570623,
  "accepted": 74,
  "calls": 74,
  "b1_gh": 1.7373717921664718,
  "slope": -0.039570270345450034,
  "logdet": 512.5999435450672,
  "log_b1": 8.249340401964297
}