{
  "dim": 74,
  "seed": "1575",
  "method": "BKZ",
  "beta": 20,
  "steps_budget": 74,
  "steps_done": 74,
  "time_s": 2.761,
  "max_cos": 0.5572706220731269,
  "mean_cos": 0.15110367609747719,
  "accepted": 74,
  "calls": 74,
  "b1_gh": 1.5703528407398006,
  "slope": -0.038425422138041995,
  "logdet": 512.8460520412195,
  "log_b1": 8.15159301883455
}