{
  "dim": 74,
  "seed": "69",
  "method": "BKZ",
  "beta": 20,
  "steps_budget": 74,
  "steps_done": 74,
  "time_s": 1.701,
  "max_cos": 0.6789968959367936,
  "mean_cos": 0.16171666193328788,
  "accepted": 74,
  "calls": 74,
  "b1_gh": 1.5045045992564139,
  "slope": -0.03821280407810974,
  "logdet": 512.7837706051407,
  "log_b1": 8.10791471845486
}