{
  "dim": 74,
  "seed": "6608",
  "method": "BKZ",
  "beta": 20,
  "steps_budget": 74,
  "steps_done": 74,
  "time_s": 1.66,
  "max_cos": 0.6115793532913929,
  "mean_cos": 0.16623635165734826,
  "accepted": 74,
  "calls": 74,
  "b1_gh": 1.5613789089605457,
  "slope": -0.03899150920214322,
  "logdet": 512.251994993334,
  "log_b1": 8.137834234293418
}