{
  "dim": 74,
  "seed": "8100",
  "method": "BKZ",
  "beta": 20,
  "steps_budget": 74,
  "steps_done": 74,
  "time_s": 1.691,
  "max_cos": 0.6327688341887703,
  "mean_cos": 0.1619308395961764,
  "accepted": 74,
  "calls": 74,
  "b1_gh": 1.5944482337257977,
  "slope": -0.03758997596765503,
  "logdet": 512.6475172924553,
  "log_b1": 8.164137524808742
}