{
  "dim": 74,
  "seed": "240",
  "method": "BKZ",
  "beta": 20,
  "steps_budget": 74,
  "steps_done": 74,
  "time_s": 1.649,
  "max_cos": 0.6219285379549581,
  "mean_cos": 0.16481085907998644,
  "accepted": 74,
  "calls": 74,
  "b1_gh": 1.6124663304090248,
  "slope": -0.03700798253549928,
  "logdet": 512.3953453966747,
  "log_b1": 8.171966944171327
}