{
  "dim": 74,
  "seed": "144",
  "method": "BKZ",
  "beta": 20,
  "steps_budget": 74,
  "steps_done": 74,
  "time_s": 2.558,
  "max_cos": 0.6993749144534357,
  "mean_cos": 0.16406480496836545,
  "accepted": 74,
  "calls": 74,
  "b1_gh": 1.6160068872520934,
  "slope": -0.0390937840382965,
  "logdet": 512.2725925866387,
  "log_b1": 8.172501455314034
}