{
  "dim": 74,
  "seed": "503",
  "method": "ENUM_SIEVE",
  "beta": 40,
  "steps_budget": 74,
  "steps_done": 74,
  "time_s": 0.935,
  "max_cos": 0.6016441427655543,
  "mean_cos": 0.15604569819077926,
  "accepted": 74,
  "calls": 74,
  "b1_gh": 1.3751709540575876,
  "slope": -0.03641728892638256,
  "logdet": 512.5015998627754,
  "log_b1": 8.014215979845426
}