{
  "dim": 74,
  "seed": "5466",
  "method": "ENUM_SIEVE",
  "beta": 40,
  "steps_budget": 74,
  "steps_done": 74,
  "time_s": 0.963,
  "max_cos": 0.5944149285144995,
  "mean_cos": 0.15533613412496794,
  "accepted": 74,
  "calls": 74,
  "b1_gh": 1.4701134567761442,
  "slope": -0.03678125589507225,
  "logdet": 512.5999435450672,
  "log_b1": 8.08230647420385
}