{
  "dim": 74,
  "seed": "1575",
  "method": "ENUM",
  "beta": 30,
  "steps_budget": 74,
  "steps_done": 74,
  "time_s": 1.787,
  "max_cos": 0.5921549928933932,
  "mean_cos": 0.15680293427508016,
  "accepted": 58,
  "calls": 74,
  "b1_gh": 1.5617607110495892,
  "slope": -0.03871113709892202,
  "logdet": 512.8460520412195,
  "log_b1": 8.146106531131494
}