{
  "dim": 74,
  "seed": "240",
  "method": "ENUM_SIEVE",
  "beta": 40,
  "steps_budget": 74,
  "steps_done": 74,
  "time_s": 0.943,
  "max_cos": 0.5633055904443052,
  "mean_cos": 0.15633107406345315,
  "accepted": 74,
  "calls": 74,
  "b1_gh": 1.4975120375948328,
  "slope": -0.03574918178850816,
  "logdet": 512.3953453966747,
  "log_b1": 8.098007144503846
}