{
  "dim": 74,
  "seed": "144",
  "method": "ENUM",
  "beta": 30,
  "steps_budget": 74,
  "steps_done": 74,
  "time_s": 1.74,
  "max_cos": 0.6026803320869921,
  "mean_cos": 0.15920270387563773,
  "accepted": 62,
  "calls": 74,
  "b1_gh": 1.4680912169701374,
  "slope": -0.03798522986955792,
  "logdet": 512.2725925866388,
  "log_b1": 8.076506298473333
}