{
  "dim": 74,
  "seed": "5466",
  "method": "ENUM",
  "beta": 30,
  "steps_budget": 74,
  "steps_done": 74,
  "time_s": 1.792,
  "max_cos": 0.6578700166339938,
  "mean_cos": 0.15868268494931687,
  "accepted": 59,
  "calls": 74,
  "b1_gh": 1.4965344811408112,
  "slope": -0.03726751762296491,
  "logdet": 512.5999435450672,
  "log_b1": 8.100118984146329
}