{
  "dim": 74,
  "seed": "6608",
  "method": "ENUM",
  "beta": 30,
  "steps_budget": 74,
  "steps_done": 74,
  "time_s": 2.752,
  "max_cos": 0.6381649022367006,
  "mean_cos": 0.1616194124463975,
  "accepted": 54,
  "calls": 74,
  "b1_gh": 1.5259199841374211,
  "slope": -0.03631664993626853,
  "logdet": 512.251994993334,
  "log_b1": 8.114862383908365
}