{
  "dim": 74,
  "seed": "4190",
  "method": "ENUM_SIEVE",
  "beta": 40,
  "steps_budget": 74,
  "steps_done": 74,
  "time_s": 0.895,
  "max_cos": 0.6011490984993558,
  "mean_cos": 0.15433854560427826,
  "accepted": 74,
  "calls": 74,
  "b1_gh": 1.3727743770842158,
  "slope": -0.03618323466376693,
  "logdet": 512.406660665494,
  "log_b1": 8.01118874897212
}