{
  "dim": 74,
  "seed": "6608",
  "method": "ENUM_SIEVE",
  "beta": 40,
  "steps_budget": 74,
  "steps_done": 74,
  "time_s": 0.905,
  "max_cos": 0.6329539206175967,
  "mean_cos": 0.16184831562341073,
  "accepted": 74,
  "calls": 74,
  "b1_gh": 1.460296991900232,
  "slope": -0.035805215179503365,
  "logdet": 512.2519949933339,
  "log_b1": 8.070904721598449
}