{
  "dim": 74,
  "seed": "144",
  "method": "ENUM_SIEVE",
  "beta": 40,
  "steps_budget": 74,
  "steps_done": 74,
  "time_s": 0.93,
  "max_cos": 0.6002753725538877,
  "mean_cos": 0.1571859762578213,
  "accepted": 74,
  "calls": 74,
  "b1_gh": 1.5500636520196274,
  "slope": -0.03817136693788131,
  "logdet": 512.2725925866387,
  "log_b1": 8.13083922921788
}