{
  "dim": 74,
  "seed": "1575",
  "method": "ENUM_SIEVE",
  "beta": 40,
  "steps_budget": 74,
  "steps_done": 74,
  "time_s": 0.935,
  "max_cos": 0.5530995704271844,
  "mean_cos": 0.15331772450727563,
  "accepted": 74,
  "calls": 74,
  "b1_gh": 1.510574677580634,
  "slope": -0.03724440111465578,
  "logdet": 512.8460520412194,
  "log_b1": 8.11278284500313
}