{
  "dim": 74,
  "seed": "503",
  "method": "ENUM",
  "beta": 30,
  "steps_budget": 74,
  "steps_done": 74,
  "time_s": 2.753,
  "max_cos": 0.6193652792992744,
  "mean_cos": 0.16297904203639318,
  "accepted": 55,
  "calls": 74,
  "b1_gh": 1.513219539605052,
  "slope": -0.036417773292915616,
  "logdet": 512.5015998627754,
  "log_b1": 8.109877452695905
}