{
  "dim": 74,
  "seed": "4190",
  "method": "ENUM",
  "beta": 30,
  "steps_budget": 74,
  "steps_done": 74,
  "time_s": 2.725,
  "max_cos": 0.5557612779030682,
  "mean_cos": 0.15638494804501607,
  "accepted": 59,
  "calls": 74,
  "b1_gh": 1.5109138024420858,
  "slope": -0.037246014752356685,
  "logdet": 512.406660665494,
  "log_b1": 8.107069599073336
}