{
  "dim": 74,
  "seed": "8100",
  "method": "ENUM_SIEVE",
  "beta": 40,
  "steps_budget": 74,
  "steps_done": 74,
  "time_s": 0.919,
  "max_cos": 0.6057788870656146,
  "mean_cos": 0.16103833713944068,
  "accepted": 74,
  "calls": 74,
  "b1_gh": 1.3178780229484492,
  "slope": -0.03576855252295254,
  "logdet": 512.6475172924552,
  "log_b1": 7.973632668106875
}