{
  "dim": 74,
  "seed": "69",
  "method": "ENUM_SIEVE",
  "beta": 40,
  "steps_budget": 74,
  "steps_done": 74,
  "time_s": 0.989,
  "max_cos": 0.5836139434555675,
  "mean_cos": 0.15746462673598172,
  "accepted": 74,
  "calls": 74,
  "b1_gh": 1.4203350715899175,
  "slope": -0.036186007927235246,
  "logdet": 512.7837706051408,
  "log_b1": 8.050343854057614
}