{
  "dim": 74,
  "seed": "240",
  "method": "ENUM",
  "beta": 30,
  "steps_budget": 74,
  "steps_done": 74,
  "time_s": 1.78,
  "max_cos": 0.592111081938963,
  "mean_cos": 0.15543331951811046,
  "accepted": 50,
  "calls": 74,
  "b1_gh": 1.5718974741072809,
  "slope": -0.03754038123716316,
  "logdet": 512.3953453966745,
  "log_b1": 8.146485526914589
}