{
  "dim": 74,
  "seed": "69",
  "method": "ENUM",
  "beta": 30,
  "steps_budget": 74,
  "steps_done": 74,
  "time_s": 1.785,
  "max_cos": 0.5875679956987105,
  "mean_cos": 0.16092835008832707,
  "accepted": 57,
  "calls": 74,
  "b1_gh": 1.6372421052821524,
  "slope": -0.03837594882562542,
  "logdet": 512.7837706051408,
  "log_b1": 8.192464227538116
}