{
  "dim": 74,
  "seed": "8100",
  "method": "ENUM",
  "beta": 30,
  "steps_budget": 74,
  "steps_done": 74,
  "time_s": 1.74,
  "max_cos": 0.5917359142097322,
  "mean_cos": 0.15921360854464742,
  "accepted": 60,
  "calls": 74,
  "b1_gh": 1.6183312772612823,
  "slope": -0.038217772703702454,
  "logdet": 512.6475172924552,
  "log_b1": 8.179005325976396
}