{
  "dim": 74,
  "seed": "503",
  "method": "LLL",
  "beta": 0,
  "steps_budget": 74,
  "steps_done": 1,
  "time_s": 2.427,
  "max_cos": 0.6764852080302508,
  "mean_cos": 0.1699109459016518,
  "accepted": 0,
  "calls": 0,
  "b1_gh": 1.9914863819994548,
  "slope": -0.0415595666118215,
  "logdet": 512.5015998627754,
  "log_b1": 8.3845192117857
}