{
  "dim": 74,
  "seed": "240",
  "method": "LLL",
  "beta": 0,
  "steps_budget": 74,
  "steps_done": 1,
  "time_s": 1.551,
  "max_cos": 0.6408778759399654,
  "mean_cos": 0.176497967685644,
  "accepted": 0,
  "calls": 0,
  "b1_gh": 2.148274557956497,
  "slope": -0.04101929578635715,
  "logdet": 512.3953453966745,
  "log_b1": 8.45886704382403
}