{
  "dim": 74,
  "seed": "1575",
  "method": "LLL",
  "beta": 0,
  "steps_budget": 74,
  "steps_done": 1,
  "time_s": 1.574,
  "max_cos": 0.6384388706270588,
  "mean_cos": 0.1648873145410011,
  "accepted": 0,
  "calls": 0,
  "b1_gh": 1.5703528407398006,
  "slope": -0.039787542264334744,
  "logdet": 512.8460520412195,
  "log_b1": 8.15159301883455
}