{
  "dim": 74,
  "seed": "5466",
  "method": "LLL",
  "beta": 0,
  "steps_budget": 74,
  "steps_done": 1,
  "time_s": 2.583,
  "max_cos": 0.6619602862781349,
  "mean_cos": 0.16832126536582262,
  "accepted": 0,
  "calls": 0,
  "b1_gh": 1.9043484344551247,
  "slope": -0.040950952740630556,
  "logdet": 512.5999435450669,
  "log_b1": 8.341106815827105
}