{
  "dim": 74,
  "seed": "8100",
  "method": "LLL",
  "beta": 0,
  "steps_budget": 74,
  "steps_done": 1,
  "time_s": 2.411,
  "max_cos": 0.6041953764539649,
  "mean_cos": 0.16738354736802466,
  "accepted": 0,
  "calls": 0,
  "b1_gh": 1.7050499904398677,
  "slope": -0.04046713098041958,
  "logdet": 512.6475172924552,
  "log_b1": 8.23120421360113
}