{
  "dim": 74,
  "seed": "69",
  "method": "LLL",
  "beta": 0,
  "steps_budget": 74,
  "steps_done": 1,
  "time_s": 2.418,
  "max_cos": 0.6936436933817466,
  "mean_cos": 0.17612674259689726,
  "accepted": 0,
  "calls": 0,
  "b1_gh": 1.967630881884312,
  "slope": -0.041542603795151616,
  "logdet": 512.7837706051408,
  "log_b1": 8.376281265391976
}