{
  "dim": 74,
  "seed": "144",
  "method": "LLL",
  "beta": 0,
  "steps_budget": 74,
  "steps_done": 1,
  "time_s": 2.39,
  "max_cos": 0.6916326120602274,
  "mean_cos": 0.17585357817947175,
  "accepted": 0,
  "calls": 0,
  "b1_gh": 2.008649187782853,
  "slope": -0.04336482807713144,
  "logdet": 512.2725925866387,
  "log_b1": 8.390005683578536
}