{
  "dim": 74,
  "seed": "6608",
  "method": "LLL",
  "beta": 0,
  "steps_budget": 74,
  "steps_done": 1,
  "time_s": 2.433,
  "max_cos": 0.6070007200190639,
  "mean_cos": 0.17001630617236135,
  "accepted": 0,
  "calls": 0,
  "b1_gh": 1.8432543404569184,
  "slope": -0.039488576203888404,
  "logdet": 512.251994993334,
  "log_b1": 8.303797560124881
}