{
  "dim": 74,
  "seed": "4190",
  "method": "LLL",
  "beta": 0,
  "steps_budget": 74,
  "steps_done": 1,
  "time_s": 1.555,
  "max_cos": 0.5924603566974918,
  "mean_cos": 0.1710221859951213,
  "accepted": 0,
  "calls": 0,
  "b1_gh": 1.9863645777837942,
  "slope": -0.043060470129836215,
  "logdet": 512.4066606654939,
  "log_b1": 8.380661086790742
}