{
  "dim": 75,
  "seed": "1000",
  "method": "BKZ",
  "beta": 20,
  "steps_budget": 75,
  "steps_done": 75,
  "time_s": 1.785,
  "max_cos": 0.6443818680631278,
  "mean_cos": 0.16169430702887924,
  "accepted": 75,
  "calls": 75,
  "b1_gh": 1.4042749377012729,
  "slope": -0.036526738646209,
  "logdet": 519.7811680498895,
  "log_b1": 8.046186624158068
}