{
  "dim": 75,
  "seed": "1237",
  "method": "BKZ",
  "beta": 20,
  "steps_budget": 75,
  "steps_done": 75,
  "time_s": 2.72,
  "max_cos": 0.6153422706589596,
  "mean_cos": 0.1620158384926935,
  "accepted": 75,
  "calls": 75,
  "b1_gh": 1.7604775099392773,
  "slope": -0.03893917024432802,
  "logdet": 519.3579929004968,
  "log_b1": 8.266608262543773
}