{
  "dim": 75,
  "seed": "776",
  "method": "BKZ",
  "beta": 20,
  "steps_budget": 75,
  "steps_done": 75,
  "time_s": 1.814,
  "max_cos": 0.587000309432276,
  "mean_cos": 0.16224600783805193,
  "accepted": 75,
  "calls": 75,
  "b1_gh": 1.5255970474088927,
  "slope": -0.03744641587619387,
  "logdet": 519.7602190404136,
  "log_b1": 8.128772032964013
}