{
  "dim": 75,
  "seed": "3660",
  "method": "BKZ",
  "beta": 20,
  "steps_budget": 75,
  "steps_done": 75,
  "time_s": 2.751,
  "max_cos": 0.5729812912074835,
  "mean_cos": 0.1566837188715517,
  "accepted": 75,
  "calls": 75,
  "b1_gh": 1.6137547089868027,
  "slope": -0.036487947525824065,
  "logdet": 519.6723190805582,
  "log_b1": 8.18377777477524
}