{
  "dim": 75,
  "seed": "1206",
  "method": "BKZ",
  "beta": 20,
  "steps_budget": 75,
  "steps_done": 75,
  "time_s": 1.793,
  "max_cos": 0.5989602468239124,
  "mean_cos": 0.15770481146133833,
  "accepted": 75,
  "calls": 75,
  "b1_gh": 1.6500003489373911,
  "slope": -0.03667824437383318,
  "logdet": 519.71096924384,
  "log_b1": 8.206505028461034
}