{
  "dim": 75,
  "seed": "2840",
  "method": "BKZ",
  "beta": 20,
  "steps_budget": 75,
  "steps_done": 75,
  "time_s": 1.787,
  "max_cos": 0.6469732240649464,
  "mean_cos": 0.15658052611242076,
  "accepted": 75,
  "calls": 75,
  "b1_gh": 1.6883199948815415,
  "slope": -0.037546208847666164,
  "logdet": 519.8398102111619,
  "log_b1": 8.231181357270668
}