{
  "dim": 75,
  "seed": "6",
  "method": "BKZ",
  "beta": 20,
  "steps_budget": 75,
  "steps_done": 75,
  "time_s": 1.752,
  "max_cos": 0.583980420842453,
  "mean_cos": 0.15952242725389343,
  "accepted": 75,
  "calls": 75,
  "b1_gh": 1.5999206561970263,
  "slope": -0.03903420428641705,
  "logdet": 519.6902600292116,
  "log_b1": 8.175407444348906
}