{
  "dim": 75,
  "seed": "38",
  "method": "BKZ",
  "beta": 20,
  "steps_budget": 75,
  "steps_done": 75,
  "time_s": 2.779,
  "max_cos": 0.5990494706441117,
  "mean_cos": 0.16407322211645953,
  "accepted": 75,
  "calls": 75,
  "b1_gh": 1.5801380043627067,
  "slope": -0.03833708158860788,
  "logdet": 519.2121089589856,
  "log_b1": 8.156590246364559
}