{
  "dim": 75,
  "seed": "1822",
  "method": "BKZ",
  "beta": 20,
  "steps_budget": 75,
  "steps_done": 75,
  "time_s": 2.754,
  "max_cos": 0.5592049083627425,
  "mean_cos": 0.16097823143336146,
  "accepted": 75,
  "calls": 75,
  "b1_gh": 1.6116206543994627,
  "slope": -0.038140604470266605,
  "logdet": 519.8076595944553,
  "log_b1": 8.184259024082223
}