{
  "dim": 75,
  "seed": "3660",
  "method": "ENUM",
  "beta": 30,
  "steps_budget": 75,
  "steps_done": 75,
  "time_s": 1.894,
  "max_cos": 0.646459139148585,
  "mean_cos": 0.16102126399970682,
  "accepted": 61,
  "calls": 75,
  "b1_gh": 1.5972079919882642,
  "slope": -0.037160329909651714,
  "logdet": 519.6723190805582,
  "log_b1": 8.173471293504573
}