{
  "dim": 75,
  "seed": "776",
  "method": "ENUM_SIEVE",
  "beta": 40,
  "steps_budget": 75,
  "steps_done": 75,
  "time_s": 0.94,
  "max_cos": 0.6017862854457457,
  "mean_cos": 0.15602047884202966,
  "accepted": 75,
  "calls": 75,
  "b1_gh": 1.535689440876846,
  "slope": -0.03919013382183723,
  "logdet": 519.7602190404135,
  "log_b1": 8.135365620379485
}