{
  "dim": 75,
  "seed": "776",
  "method": "ENUM",
  "beta": 30,
  "steps_budget": 75,
  "steps_done": 75,
  "time_s": 1.908,
  "max_cos": 0.5831780199837834,
  "mean_cos": 0.1565915919865084,
  "accepted": 55,
  "calls": 75,
  "b1_gh": 1.6242102275054593,
  "slope": -0.0386092304786484,
  "logdet": 519.7602190404137,
  "log_b1": 8.191407876821575
}