{
  "dim": 75,
  "seed": "1822",
  "method": "ENUM",
  "beta": 30,
  "steps_budget": 75,
  "steps_done": 75,
  "time_s": 1.881,
  "max_cos": 0.6640091232349675,
  "mean_cos": 0.15287158405774207,
  "accepted": 53,
  "calls": 75,
  "b1_gh": 1.6140935211625802,
  "slope": -0.036765305576867184,
  "logdet": 519.8076595944553,
  "log_b1": 8.185792245634387
}