{
  "dim": 75,
  "seed": "6",
  "method": "ENUM_SIEVE",
  "beta": 40,
  "steps_budget": 75,
  "steps_done": 75,
  "time_s": 0.94,
  "max_cos": 0.5644107721489969,
  "mean_cos": 0.15231798158210696,
  "accepted": 75,
  "calls": 75,
  "b1_gh": 1.4118444359925324,
  "slope": -0.035200890452170834,
  "logdet": 519.6902600292116,
  "log_b1": 8.050350366401407
}