{
  "dim": 75,
  "seed": "1822",
  "method": "ENUM_SIEVE",
  "beta": 40,
  "steps_budget": 75,
  "steps_done": 75,
  "time_s": 1.009,
  "max_cos": 0.5622132848237961,
  "mean_cos": 0.1558777269133409,
  "accepted": 75,
  "calls": 75,
  "b1_gh": 1.5158472031524377,
  "slope": -0.03717764551532688,
  "logdet": 519.8076595944552,
  "log_b1": 8.122993226409525
}