{
  "dim": 75,
  "seed": "1206",
  "method": "ENUM_SIEVE",
  "beta": 40,
  "steps_budget": 75,
  "steps_done": 75,
  "time_s": 0.946,
  "max_cos": 0.602374130348463,
  "mean_cos": 0.15350055229737258,
  "accepted": 75,
  "calls": 75,
  "b1_gh": 1.4708862880678215,
  "slope": -0.037123580819940806,
  "logdet": 519.71096924384,
  "log_b1": 8.091594665233481
}