{
  "dim": 75,
  "seed": "1206",
  "method": "ENUM",
  "beta": 30,
  "steps_budget": 75,
  "steps_done": 75,
  "time_s": 2.848,
  "max_cos": 0.5734770478975127,
  "mean_cos": 0.15813827793873605,
  "accepted": 62,
  "calls": 75,
  "b1_gh": 1.5871619276104973,
  "slope": -0.03769320325327015,
  "logdet": 519.7109692438399,
  "log_b1": 8.167676999191572
}