{
  "dim": 75,
  "seed": "2840",
  "method": "ENUM_SIEVE",
  "beta": 40,
  "steps_budget": 75,
  "steps_done": 75,
  "time_s": 0.992,
  "max_cos": 0.5767043769859131,
  "mean_cos": 0.1583272367517791,
  "accepted": 75,
  "calls": 75,
  "b1_gh": 1.4724570684846607,
  "slope": -0.03694492957859878,
  "logdet": 519.8398102111619,
  "log_b1": 8.094379889225982
}