{
  "dim": 75,
  "seed": "1000",
  "method": "ENUM_SIEVE",
  "beta": 40,
  "steps_budget": 75,
  "steps_done": 75,
  "time_s": 0.993,
  "max_cos": 0.5816795335072538,
  "mean_cos": 0.15242460160338503,
  "accepted": 75,
  "calls": 75,
  "b1_gh": 1.4588470043940596,
  "slope": -0.035903775361321166,
  "logdet": 519.7811680498896,
  "log_b1": 8.084311913859008
}