{
  "dim": 75,
  "seed": "1237",
  "method": "ENUM",
  "beta": 30,
  "steps_budget": 75,
  "steps_done": 75,
  "time_s": 1.891,
  "max_cos": 0.5375859896965426,
  "mean_cos": 0.15364386757172668,
  "accepted": 57,
  "calls": 75,
  "b1_gh": 1.5741853306801266,
  "slope": -0.03726332355442164,
  "logdet": 519.3579929004967,
  "log_b1": 8.15476106592244
}