{
  "dim": 75,
  "seed": "1237",
  "method": "ENUM_SIEVE",
  "beta": 40,
  "steps_budget": 75,
  "steps_done": 75,
  "time_s": 0.945,
  "max_cos": 0.558596353415143,
  "mean_cos": 0.15978628692853727,
  "accepted": 75,
  "calls": 75,
  "b1_gh": 1.4230371522615881,
  "slope": -0.036571368692485305,
  "logdet": 519.3579929004968,
  "log_b1": 8.053816604999577
}