{
  "dim": 75,
  "seed": "38",
  "method": "ENUM_SIEVE",
  "beta": 40,
  "steps_budget": 75,
  "steps_done": 75,
  "time_s": 0.946,
  "max_cos": 0.6079684749271002,
  "mean_cos": 0.15374390204293392,
  "accepted": 75,
  "calls": 75,
  "b1_gh": 1.301941330792077,
  "slope": -0.03721495284169114,
  "logdet": 519.2121089589857,
  "log_b1": 7.962934540542165
}