{
  "dim": 75,
  "seed": "2840",
  "method": "ENUM",
  "beta": 30,
  "steps_budget": 75,
  "steps_done": 75,
  "time_s": 2.876,
  "max_cos": 0.6048592931933492,
  "mean_cos": 0.16141485192718108,
  "accepted": 58,
  "calls": 75,
  "b1_gh": 1.7259729457197777,
  "slope": -0.03759820405754729,
  "logdet": 519.8398102111619,
  "log_b1": 8.25323832662003
}