{
  "dim": 75,
  "seed": "38",
  "method": "ENUM",
  "beta": 30,
  "steps_budget": 75,
  "steps_done": 75,
  "time_s": 2.856,
  "max_cos": 0.5928166151308358,
  "mean_cos": 0.16154725505310452,
  "accepted": 53,
  "calls": 75,
  "b1_gh": 1.5052856003500954,
  "slope": -0.03804135358791167,
  "logdet": 519.2121089589857,
  "log_b1": 8.10806070647835
}