{
  "dim": 75,
  "seed": "6",
  "method": "ENUM",
  "beta": 30,
  "steps_budget": 75,
  "steps_done": 75,
  "time_s": 1.845,
  "max_cos": 0.6131879422861738,
  "mean_cos": 0.15988030626559965,
  "accepted": 51,
  "calls": 75,
  "b1_gh": 1.6079536103253618,
  "slope": -0.0391071434458826,
  "logdet": 519.6902600292116,
  "log_b1": 8.180415727250125
}