{
  "dim": 75,
  "seed": "3660",
  "method": "ENUM_SIEVE",
  "beta": 40,
  "steps_budget": 75,
  "steps_done": 75,
  "time_s": 0.988,
  "max_cos": 0.6327818078713199,
  "mean_cos": 0.16117316870780254,
  "accepted": 75,
  "calls": 75,
  "b1_gh": 1.457488790986518,
  "slope": -0.03765889993541133,
  "logdet": 519.672319080558,
  "log_b1": 8.081929142198584
}