{
  "dim": 75,
  "seed": "1000",
  "method": "ENUM",
  "beta": 30,
  "steps_budget": 75,
  "steps_done": 75,
  "time_s": 2.967,
  "max_cos": 0.5817034460427583,
  "mean_cos": 0.15682041745699557,
  "accepted": 56,
  "calls": 75,
  "b1_gh": 1.4879620120587422,
  "slope": -0.035840325910671454,
  "logdet": 519.7811680498895,
  "log_b1": 8.104072919706622
}