{
  "dim": 75,
  "seed": "6",
  "method": "LLL",
  "beta": 0,
  "steps_budget": 75,
  "steps_done": 1,
  "time_s": 1.584,
  "max_cos": 0.6903005065868925,
  "mean_cos": 0.1680742815844505,
  "accepted": 0,
  "calls": 0,
  "b1_gh": 2.0837188411206715,
  "slope": -0.04257587197822272,
  "logdet": 519.6902600292115,
  "log_b1": 8.43960760790929
}