{
  "dim": 75,
  "seed": "1000",
  "method": "LLL",
  "beta": 0,
  "steps_budget": 75,
  "steps_done": 1,
  "time_s": 1.658,
  "max_cos": 0.615774439567536,
  "mean_cos": 0.16494508865531396,
  "accepted": 0,
  "calls": 0,
  "b1_gh": 1.9336556989382734,
  "slope": -0.03966216909586542,
  "logdet": 519.7811680498895,
  "log_b1": 8.36607786896672
}