{
  "dim": 75,
  "seed": "1206",
  "method": "LLL",
  "beta": 0,
  "steps_budget": 75,
  "steps_done": 1,
  "time_s": 1.608,
  "max_cos": 0.6179764041695023,
  "mean_cos": 0.16937244256656,
  "accepted": 0,
  "calls": 0,
  "b1_gh": 2.0741461135876924,
  "slope": -0.04443624927930046,
  "logdet": 519.7109692438398,
  "log_b1": 8.435279086535914
}