{
  "dim": 75,
  "seed": "776",
  "method": "LLL",
  "beta": 0,
  "steps_budget": 75,
  "steps_done": 1,
  "time_s": 1.677,
  "max_cos": 0.7040580676098126,
  "mean_cos": 0.17839985971057654,
  "accepted": 0,
  "calls": 0,
  "b1_gh": 2.132727320345184,
  "slope": -0.04143571409186082,
  "logdet": 519.7602190404137,
  "log_b1": 8.463787785779875
}