{
  "dim": 75,
  "seed": "1237",
  "method": "LLL",
  "beta": 0,
  "steps_budget": 75,
  "steps_done": 1,
  "time_s": 1.659,
  "max_cos": 0.6404854968468215,
  "mean_cos": 0.16852293079680108,
  "accepted": 0,
  "calls": 0,
  "b1_gh": 1.9508427606104064,
  "slope": -0.0416911653124736,
  "logdet": 519.3579929004968,
  "log_b1": 8.369284641965848
}