{
  "dim": 75,
  "seed": "1822",
  "method": "LLL",
  "beta": 0,
  "steps_budget": 75,
  "steps_done": 1,
  "time_s": 1.693,
  "max_cos": 0.6772233384013149,
  "mean_cos": 0.17203545341749135,
  "accepted": 0,
  "calls": 0,
  "b1_gh": 1.8303403388402884,
  "slope": -0.040113572862516204,
  "logdet": 519.8076595944552,
  "log_b1": 8.31152066081624
}