{
  "dim": 75,
  "seed": "38",
  "method": "LLL",
  "beta": 0,
  "steps_budget": 75,
  "steps_done": 1,
  "time_s": 2.505,
  "max_cos": 0.6762575704578164,
  "mean_cos": 0.16851384010074513,
  "accepted": 0,
  "calls": 0,
  "b1_gh": 2.236853182552758,
  "slope": -0.04369027131497701,
  "logdet": 519.2121089589857,
  "log_b1": 8.504148107558361
}