{
  "dim": 75,
  "seed": "2840",
  "method": "LLL",
  "beta": 0,
  "steps_budget": 75,
  "steps_done": 1,
  "time_s": 2.549,
  "max_cos": 0.6209293682703502,
  "mean_cos": 0.1702194264634289,
  "accepted": 0,
  "calls": 0,
  "b1_gh": 1.956794527583374,
  "slope": -0.04476491466233681,
  "logdet": 519.8398102111619,
  "log_b1": 8.37875509796731
}