{
  "dim": 75,
  "seed": "3660",
  "method": "LLL",
  "beta": 0,
  "steps_budget": 75,
  "steps_done": 1,
  "time_s": 2.617,
  "max_cos": 0.6250480705728759,
  "mean_cos": 0.16948771184202202,
  "accepted": 0,
  "calls": 0,
  "b1_gh": 1.7793744818080899,
  "slope": -0.039886463618741846,
  "logdet": 519.6723190805583,
  "log_b1": 8.281476081389755
}