{
  "dim": 76,
  "seed": "813",
  "method": "BKZ",
  "beta": 20,
  "steps_budget": 76,
  "steps_done": 76,
  "time_s": 1.971,
  "max_cos": 0.5794339478888565,
  "mean_cos": 0.15145542657094066,
  "accepted": 76,
  "calls": 76,
  "b1_gh": 1.4687992319653174,
  "slope": -0.03673926576090077,
  "logdet": 526.4454913944915,
  "log_b1": 8.09383935412568
}