{
  "dim": 76,
  "seed": "0",
  "method": "BKZ",
  "beta": 20,
  "steps_budget": 76,
  "steps_done": 76,
  "time_s": 2.899,
  "max_cos": 0.6137956350273865,
  "mean_cos": 0.17002780401531747,
  "accepted": 76,
  "calls": 76,
  "b1_gh": 1.7408878485154036,
  "slope": -0.037544851999299994,
  "logdet": 526.6395716549582,
  "log_b1": 8.266343064635562
}