{
  "dim": 76,
  "seed": "436",
  "method": "BKZ",
  "beta": 20,
  "steps_budget": 76,
  "steps_done": 76,
  "time_s": 2.843,
  "max_cos": 0.591498298243886,
  "mean_cos": 0.15900099574122617,
  "accepted": 76,
  "calls": 76,
  "b1_gh": 1.677010957635978,
  "slope": -0.0396731601440161,
  "logdet": 526.6824493596168,
  "log_b1": 8.22952502099341
}