{
  "dim": 76,
  "seed": "309",
  "method": "BKZ",
  "beta": 20,
  "steps_budget": 76,
  "steps_done": 76,
  "time_s": 2.879,
  "max_cos": 0.6601474694441191,
  "mean_cos": 0.15949498420655436,
  "accepted": 76,
  "calls": 76,
  "b1_gh": 1.3644858928954928,
  "slope": -0.0379587125165378,
  "logdet": 526.5851516097729,
  "log_b1": 8.022009493003415
}