{
  "dim": 76,
  "seed": "4782",
  "method": "BKZ",
  "beta": 20,
  "steps_budget": 76,
  "steps_done": 76,
  "time_s": 1.858,
  "max_cos": 0.6390231483189779,
  "mean_cos": 0.16122125389216552,
  "accepted": 76,
  "calls": 76,
  "b1_gh": 1.6724284591210403,
  "slope": -0.04024578791861026,
  "logdet": 526.7336510341187,
  "log_b1": 8.227462447636636
}