{
  "dim": 76,
  "seed": "57",
  "method": "BKZ",
  "beta": 20,
  "steps_budget": 76,
  "steps_done": 76,
  "time_s": 1.892,
  "max_cos": 0.6459366706340277,
  "mean_cos": 0.15890400679556005,
  "accepted": 76,
  "calls": 76,
  "b1_gh": 1.5790543942998247,
  "slope": -0.037867146833493986,
  "logdet": 526.6092448631555,
  "log_b1": 8.168374970299736
}