{
  "dim": 76,
  "seed": "866",
  "method": "BKZ",
  "beta": 20,
  "steps_budget": 76,
  "steps_done": 76,
  "time_s": 2.931,
  "max_cos": 0.6124213749146723,
  "mean_cos": 0.15599320800097738,
  "accepted": 76,
  "calls": 76,
  "b1_gh": 1.6246150485806843,
  "slope": -0.03794147766248409,
  "logdet": 526.5062799796291,
  "log_b1": 8.195464880482563
}