{
  "dim": 76,
  "seed": "164",
  "method": "BKZ",
  "beta": 20,
  "steps_budget": 76,
  "steps_done": 76,
  "time_s": 2.887,
  "max_cos": 0.6154669089904624,
  "mean_cos": 0.15888622960631957,
  "accepted": 76,
  "calls": 76,
  "b1_gh": 1.6789489682235157,
  "slope": -0.03853725625349127,
  "logdet": 526.2300787080671,
  "log_b1": 8.224727742172512
}