{
  "dim": 76,
  "seed": "531",
  "method": "BKZ",
  "beta": 20,
  "steps_budget": 76,
  "steps_done": 76,
  "time_s": 2.878,
  "max_cos": 0.5804437056384112,
  "mean_cos": 0.15468694519205667,
  "accepted": 76,
  "calls": 76,
  "b1_gh": 1.483536486524621,
  "slope": -0.03874553943911761,
  "logdet": 526.7783058783905,
  "log_b1": 8.108202029427064
}