{
  "dim": 76,
  "seed": "57",
  "method": "ENUM",
  "beta": 30,
  "steps_budget": 76,
  "steps_done": 76,
  "time_s": 2.061,
  "max_cos": 0.5726348026130141,
  "mean_cos": 0.15645699910616326,
  "accepted": 58,
  "calls": 76,
  "b1_gh": 1.505565540732487,
  "slope": -0.03605843165153145,
  "logdet": 526.6092448631555,
  "log_b1": 8.12071738923297
}