{
  "dim": 76,
  "seed": "866",
  "method": "ENUM_SIEVE",
  "beta": 40,
  "steps_budget": 76,
  "steps_done": 76,
  "time_s": 1.018,
  "max_cos": 0.6017952368353184,
  "mean_cos": 0.15556873281463018,
  "accepted": 76,
  "calls": 76,
  "b1_gh": 1.4680872498350026,
  "slope": -0.03700710203775338,
  "logdet": 526.5062799796291,
  "log_b1": 8.094154348864274
}