{
  "dim": 76,
  "seed": "309",
  "method": "ENUM",
  "beta": 30,
  "steps_budget": 76,
  "steps_done": 76,
  "time_s": 3.041,
  "max_cos": 0.6146792008710081,
  "mean_cos": 0.15851226442145994,
  "accepted": 57,
  "calls": 76,
  "b1_gh": 1.3644858928954904,
  "slope": -0.035747126922117504,
  "logdet": 526.585151609773,
  "log_b1": 8.022009493003415
}