{
  "dim": 76,
  "seed": "866",
  "method": "ENUM",
  "beta": 30,
  "steps_budget": 76,
  "steps_done": 76,
  "time_s": 2.06,
  "max_cos": 0.5822504187583275,
  "mean_cos": 0.15957989965845015,
  "accepted": 61,
  "calls": 76,
  "b1_gh": 1.5344191680314414,
  "slope": -0.037750328613632006,
  "logdet": 526.5062799796291,
  "log_b1": 8.138345903214455
}