{
  "dim": 76,
  "seed": "4782",
  "method": "ENUM_SIEVE",
  "beta": 40,
  "steps_budget": 76,
  "steps_done": 76,
  "time_s": 1.029,
  "max_cos": 0.6174164883771153,
  "mean_cos": 0.1651307579873173,
  "accepted": 76,
  "calls": 76,
  "b1_gh": 1.4997241283828564,
  "slope": -0.035757617017557156,
  "logdet": 526.7336510341187,
  "log_b1": 8.118466887129186
}