{
  "dim": 76,
  "seed": "57",
  "method": "ENUM_SIEVE",
  "beta": 40,
  "steps_budget": 76,
  "steps_done": 76,
  "time_s": 0.995,
  "max_cos": 0.6216951826552714,
  "mean_cos": 0.15689185248101029,
  "accepted": 76,
  "calls": 76,
  "b1_gh": 1.5215949284867685,
  "slope": -0.037865945106178536,
  "logdet": 526.6092448631553,
  "log_b1": 8.131307866834636
}