{
  "dim": 76,
  "seed": "436",
  "method": "ENUM",
  "beta": 30,
  "steps_budget": 76,
  "steps_done": 76,
  "time_s": 3.012,
  "max_cos": 0.5951258076827604,
  "mean_cos": 0.1618052365512347,
  "accepted": 60,
  "calls": 76,
  "b1_gh": 1.6306664686124646,
  "slope": -0.03756500892530304,
  "logdet": 526.6824493596168,
  "log_b1": 8.201500811804173
}