{
  "dim": 76,
  "seed": "0",
  "method": "ENUM",
  "beta": 30,
  "steps_budget": 76,
  "steps_done": 76,
  "time_s": 1.961,
  "max_cos": 0.667592658804818,
  "mean_cos": 0.1590585323447093,
  "accepted": 57,
  "calls": 76,
  "b1_gh": 1.5530267089455732,
  "slope": -0.036104202945271974,
  "logdet": 526.6395716549586,
  "log_b1": 8.15215356608832
}