{
  "dim": 76,
  "seed": "813",
  "method": "ENUM",
  "beta": 30,
  "steps_budget": 76,
  "steps_done": 76,
  "time_s": 3.152,
  "max_cos": 0.5945664946073317,
  "mean_cos": 0.15473998818546522,
  "accepted": 57,
  "calls": 76,
  "b1_gh": 1.5536853701846893,
  "slope": -0.037323477030560506,
  "logdet": 526.4454913944913,
  "log_b1": 8.150023903099294
}