{
  "dim": 76,
  "seed": "436",
  "method": "ENUM_SIEVE",
  "beta": 40,
  "steps_budget": 76,
  "steps_done": 76,
  "time_s": 1.029,
  "max_cos": 0.6128728041727619,
  "mean_cos": 0.1512391210199296,
  "accepted": 76,
  "calls": 76,
  "b1_gh": 1.2846722262885497,
  "slope": -0.03758116377028845,
  "logdet": 526.6824493596167,
  "log_b1": 7.963015613094642
}