{
  "dim": 76,
  "seed": "4782",
  "method": "ENUM",
  "beta": 30,
  "steps_budget": 76,
  "steps_done": 76,
  "time_s": 1.985,
  "max_cos": 0.6064633953123769,
  "mean_cos": 0.15208550851187888,
  "accepted": 49,
  "calls": 76,
  "b1_gh": 1.4295019991198867,
  "slope": -0.03740820246042486,
  "logdet": 526.7336510341187,
  "log_b1": 8.070511841600943
}