{
  "dim": 76,
  "seed": "164",
  "method": "ENUM",
  "beta": 30,
  "steps_budget": 76,
  "steps_done": 76,
  "time_s": 3.145,
  "max_cos": 0.6399010325691227,
  "mean_cos": 0.15510460224374711,
  "accepted": 53,
  "calls": 76,
  "b1_gh": 1.6574009911729013,
  "slope": -0.038567043563949265,
  "logdet": 526.230078708067,
  "log_b1": 8.211810466149613
}