{
  "dim": 76,
  "seed": "164",
  "method": "ENUM_SIEVE",
  "beta": 40,
  "steps_budget": 76,
  "steps_done": 76,
  "time_s": 1.031,
  "max_cos": 0.5858296686106143,
  "mean_cos": 0.15919365241996786,
  "accepted": 76,
  "calls": 76,
  "b1_gh": 1.5117826721419547,
  "slope": -0.03699837374450676,
  "logdet": 526.2300787080671,
  "log_b1": 8.119849290758781
}