{
  "dim": 76,
  "seed": "813",
  "method": "ENUM_SIEVE",
  "beta": 40,
  "steps_budget": 76,
  "steps_done": 76,
  "time_s": 1.001,
  "max_cos": 0.6521376205088911,
  "mean_cos": 0.15216323148675145,
  "accepted": 76,
  "calls": 76,
  "b1_gh": 1.501277049665461,
  "slope": -0.03822035209224067,
  "logdet": 526.4454913944915,
  "log_b1": 8.115710248486119
}