{
  "dim": 76,
  "seed": "0",
  "method": "ENUM_SIEVE",
  "beta": 40,
  "steps_budget": 76,
  "steps_done": 76,
  "time_s": 0.988,
  "max_cos": 0.5731592955659045,
  "mean_cos": 0.15565599032316613,
  "accepted": 76,
  "calls": 76,
  "b1_gh": 1.4759167283187578,
  "slope": -0.039016370032902876,
  "logdet": 526.6395716549583,
  "log_b1": 8.101227131237442
}