{
  "dim": 76,
  "seed": "531",
  "method": "ENUM",
  "beta": 30,
  "steps_budget": 76,
  "steps_done": 76,
  "time_s": 1.954,
  "max_cos": 0.6021537156730192,
  "mean_cos": 0.15820600375517127,
  "accepted": 57,
  "calls": 76,
  "b1_gh": 1.4835364865246183,
  "slope": -0.03641892117336357,
  "logdet": 526.7783058783906,
  "log_b1": 8.108202029427064
}