{
  "dim": 76,
  "seed": "309",
  "method": "ENUM_SIEVE",
  "beta": 40,
  "steps_budget": 76,
  "steps_done": 76,
  "time_s": 1.005,
  "max_cos": 0.5969695147000862,
  "mean_cos": 0.15414470465106128,
  "accepted": 76,
  "calls": 76,
  "b1_gh": 1.3644858928954904,
  "slope": -0.036250982386161215,
  "logdet": 526.585151609773,
  "log_b1": 8.022009493003415
}