{
  "dim": 76,
  "seed": "531",
  "method": "ENUM_SIEVE",
  "beta": 40,
  "steps_budget": 76,
  "steps_done": 76,
  "time_s": 0.99,
  "max_cos": 0.6338696783497919,
  "mean_cos": 0.15949888032113038,
  "accepted": 76,
  "calls": 76,
  "b1_gh": 1.483536486524621,
  "slope": -0.03577686653421933,
  "logdet": 526.7783058783905,
  "log_b1": 8.108202029427064
}