{
  "dim": 76,
  "seed": "309",
  "method": "LLL",
  "beta": 0,
  "steps_budget": 76,
  "steps_done": 1,
  "time_s": 1.733,
  "max_cos": 0.6857216781299862,
  "mean_cos": 0.169174657441282,
  "accepted": 0,
  "calls": 0,
  "b1_gh": 1.3644858928954904,
  "slope": -0.038510323587776646,
  "logdet": 526.585151609773,
  "log_b1": 8.022009493003415
}