{
  "dim": 76,
  "seed": "0",
  "method": "LLL",
  "beta": 0,
  "steps_budget": 76,
  "steps_done": 1,
  "time_s": 1.686,
  "max_cos": 0.6547499772653183,
  "mean_cos": 0.17149459963058866,
  "accepted": 0,
  "calls": 0,
  "b1_gh": 1.8648865333761222,
  "slope": -0.04328376253321223,
  "logdet": 526.6395716549584,
  "log_b1": 8.335148035011029
}