{
  "dim": 76,
  "seed": "813",
  "method": "LLL",
  "beta": 0,
  "steps_budget": 76,
  "steps_done": 1,
  "time_s": 1.761,
  "max_cos": 0.6645632349509835,
  "mean_cos": 0.1649510548257854,
  "accepted": 0,
  "calls": 0,
  "b1_gh": 2.0036112001569104,
  "slope": -0.04213157940848517,
  "logdet": 526.4454913944913,
  "log_b1": 8.404345288643283
}