{
  "dim": 76,
  "seed": "531",
  "method": "LLL",
  "beta": 0,
  "steps_budget": 76,
  "steps_done": 1,
  "time_s": 2.707,
  "max_cos": 0.6417291461383474,
  "mean_cos": 0.1720792972526553,
  "accepted": 0,
  "calls": 0,
  "b1_gh": 1.9321921262254427,
  "slope": -0.04007408058991157,
  "logdet": 526.7783058783906,
  "log_b1": 8.372428449149345
}