{
  "dim": 76,
  "seed": "57",
  "method": "LLL",
  "beta": 0,
  "steps_budget": 76,
  "steps_done": 1,
  "time_s": 1.75,
  "max_cos": 0.6299277770343368,
  "mean_cos": 0.1658793719423075,
  "accepted": 0,
  "calls": 0,
  "b1_gh": 1.9022411291341221,
  "slope": -0.04224250626060499,
  "logdet": 526.6092448631557,
  "log_b1": 8.354581519753872
}