{
  "dim": 76,
  "seed": "4782",
  "method": "LLL",
  "beta": 0,
  "steps_budget": 76,
  "steps_done": 1,
  "time_s": 1.734,
  "max_cos": 0.6069227047565601,
  "mean_cos": 0.171104451645776,
  "accepted": 0,
  "calls": 0,
  "b1_gh": 1.953138381466837,
  "slope": -0.041854541406619115,
  "logdet": 526.7336510341187,
  "log_b1": 8.38262321557696
}