{
  "dim": 76,
  "seed": "866",
  "method": "LLL",
  "beta": 0,
  "steps_budget": 76,
  "steps_done": 1,
  "time_s": 1.823,
  "max_cos": 0.7313678770998343,
  "mean_cos": 0.17193113355106426,
  "accepted": 0,
  "calls": 0,
  "b1_gh": 2.027689203427832,
  "slope": -0.041532094847893074,
  "logdet": 526.5062799796291,
  "log_b1": 8.417090807182518
}