{
  "dim": 76,
  "seed": "164",
  "method": "LLL",
  "beta": 0,
  "steps_budget": 76,
  "steps_done": 1,
  "time_s": 2.692,
  "max_cos": 0.681856720085792,
  "mean_cos": 0.17993127791392155,
  "accepted": 0,
  "calls": 0,
  "b1_gh": 1.9886575016950427,
  "slope": -0.04135018098332596,
  "logdet": 526.2300787080671,
  "log_b1": 8.394019547500815
}