{
  "dim": 76,
  "seed": "436",
  "method": "LLL",
  "beta": 0,
  "steps_budget": 76,
  "steps_done": 1,
  "time_s": 2.655,
  "max_cos": 0.6584993936631292,
  "mean_cos": 0.17625968088183355,
  "accepted": 0,
  "calls": 0,
  "b1_gh": 2.0431309464317424,
  "slope": -0.04177280378839254,
  "logdet": 526.6824493596168,
  "log_b1": 8.426995413054534
}