{
  "dim": 77,
  "seed": "6871",
  "method": "BKZ",
  "beta": 20,
  "steps_budget": 77,
  "steps_done": 77,
  "time_s": 3.023,
  "max_cos": 0.62527729373421,
  "mean_cos": 0.15950057151420613,
  "accepted": 77,
  "calls": 77,
  "b1_gh": 1.7880580833983648,
  "slope": -0.03935397124454112,
  "logdet": 533.4819013640463,
  "log_b1": 8.298098669865334
}