{
  "dim": 77,
  "seed": "2955",
  "method": "BKZ",
  "beta": 20,
  "steps_budget": 77,
  "steps_done": 77,
  "time_s": 2.0,
  "max_cos": 0.6212680056328345,
  "mean_cos": 0.1549606451561213,
  "accepted": 77,
  "calls": 77,
  "b1_gh": 1.6525619007866108,
  "slope": -0.03933567973460403,
  "logdet": 533.7025497236557,
  "log_b1": 8.222160822545845
}