{
  "dim": 77,
  "seed": "0",
  "method": "BKZ",
  "beta": 20,
  "steps_budget": 77,
  "steps_done": 77,
  "time_s": 3.079,
  "max_cos": 0.5755865232445531,
  "mean_cos": 0.16082317622015035,
  "accepted": 77,
  "calls": 77,
  "b1_gh": 1.780872197324438,
  "slope": -0.04156234544977477,
  "logdet": 533.1468003625199,
  "log_b1": 8.289719790251539
}