{
  "dim": 77,
  "seed": "190",
  "method": "BKZ",
  "beta": 20,
  "steps_budget": 77,
  "steps_done": 77,
  "time_s": 3.225,
  "max_cos": 0.6034248185585321,
  "mean_cos": 0.1555151871087749,
  "accepted": 77,
  "calls": 77,
  "b1_gh": 1.5963748628415553,
  "slope": -0.036114753159674,
  "logdet": 533.7201366536659,
  "log_b1": 8.187797821235367
}