{
  "dim": 77,
  "seed": "1",
  "method": "BKZ",
  "beta": 20,
  "steps_budget": 77,
  "steps_done": 77,
  "time_s": 3.092,
  "max_cos": 0.6336957260374864,
  "mean_cos": 0.16095934916929044,
  "accepted": 77,
  "calls": 77,
  "b1_gh": 1.7241767052120447,
  "slope": -0.03865733191539753,
  "logdet": 533.5620723101911,
  "log_b1": 8.262759353850063
}