{
  "dim": 77,
  "seed": "100",
  "method": "BKZ",
  "beta": 20,
  "steps_budget": 77,
  "steps_done": 77,
  "time_s": 3.089,
  "max_cos": 0.6170028770967101,
  "mean_cos": 0.15630422959585577,
  "accepted": 77,
  "calls": 77,
  "b1_gh": 1.6343666702781041,
  "slope": -0.037766290140693284,
  "logdet": 533.6362012692929,
  "log_b1": 8.210227775071647
}