{
  "dim": 77,
  "seed": "3",
  "method": "BKZ",
  "beta": 20,
  "steps_budget": 77,
  "steps_done": 77,
  "time_s": 2.037,
  "max_cos": 0.6403190129721811,
  "mean_cos": 0.15850417324826369,
  "accepted": 77,
  "calls": 77,
  "b1_gh": 1.6903191039369028,
  "slope": -0.03746814545779263,
  "logdet": 533.4914441345016,
  "log_b1": 8.242009770611864
}