{
  "dim": 77,
  "seed": "584",
  "method": "BKZ",
  "beta": 20,
  "steps_budget": 77,
  "steps_done": 77,
  "time_s": 2.022,
  "max_cos": 0.65366688497556,
  "mean_cos": 0.1639688121064163,
  "accepted": 77,
  "calls": 77,
  "b1_gh": 1.679849535189523,
  "slope": -0.03763693381709116,
  "logdet": 533.5671646757812,
  "log_b1": 8.23678005127336
}