{
  "dim": 77,
  "seed": "2",
  "method": "BKZ",
  "beta": 20,
  "steps_budget": 77,
  "steps_done": 77,
  "time_s": 3.037,
  "max_cos": 0.5694510154717884,
  "mean_cos": 0.15596125240222172,
  "accepted": 77,
  "calls": 77,
  "b1_gh": 1.5194333533274582,
  "slope": -0.03667191857325828,
  "logdet": 533.7046885763925,
  "log_b1": 8.13819932042936
}