{
  "dim": 77,
  "seed": "190",
  "method": "ENUM",
  "beta": 30,
  "steps_budget": 77,
  "steps_done": 77,
  "time_s": 2.091,
  "max_cos": 0.5821477288371317,
  "mean_cos": 0.15875370882980683,
  "accepted": 65,
  "calls": 77,
  "b1_gh": 1.4899802793019505,
  "slope": -0.036604125653506125,
  "logdet": 533.720136653666,
  "log_b1": 8.118825357821732
}