{
  "dim": 77,
  "seed": "6871",
  "method": "ENUM",
  "beta": 30,
  "steps_budget": 77,
  "steps_done": 77,
  "time_s": 3.171,
  "max_cos": 0.565046425069635,
  "mean_cos": 0.15737449613013738,
  "accepted": 62,
  "calls": 77,
  "b1_gh": 1.4805762166077157,
  "slope": -0.03864032932492703,
  "logdet": 533.481901364046,
  "log_b1": 8.109399856069873
}