{
  "dim": 77,
  "seed": "0",
  "method": "ENUM",
  "beta": 30,
  "steps_budget": 77,
  "steps_done": 77,
  "time_s": 2.118,
  "max_cos": 0.6268507914930253,
  "mean_cos": 0.15937004294015208,
  "accepted": 57,
  "calls": 77,
  "b1_gh": 1.5843851211559967,
  "slope": -0.03944293182999954,
  "logdet": 533.14680036252,
  "log_b1": 8.17281294334409
}