{
  "dim": 77,
  "seed": "100",
  "method": "ENUM_SIEVE",
  "beta": 40,
  "steps_budget": 77,
  "steps_done": 77,
  "time_s": 1.041,
  "max_cos": 0.5733601245965606,
  "mean_cos": 0.15301613708401932,
  "accepted": 77,
  "calls": 77,
  "b1_gh": 1.5052992628108357,
  "slope": -0.036971785271554786,
  "logdet": 533.6362012692927,
  "log_b1": 8.12796412754798
}