{
  "dim": 77,
  "seed": "584",
  "method": "ENUM",
  "beta": 30,
  "steps_budget": 77,
  "steps_done": 77,
  "time_s": 2.096,
  "max_cos": 0.60145723150879,
  "mean_cos": 0.1564087334524348,
  "accepted": 59,
  "calls": 77,
  "b1_gh": 1.4736772320984726,
  "slope": -0.03653935621971883,
  "logdet": 533.5671646757811,
  "log_b1": 8.105836619892132
}