{
  "dim": 77,
  "seed": "190",
  "method": "ENUM_SIEVE",
  "beta": 40,
  "steps_budget": 77,
  "steps_done": 77,
  "time_s": 1.017,
  "max_cos": 0.5735951081745253,
  "mean_cos": 0.15203970971223427,
  "accepted": 77,
  "calls": 77,
  "b1_gh": 1.4745943686411127,
  "slope": -0.03787599094185681,
  "logdet": 533.7201366536657,
  "log_b1": 8.108445420979821
}