{
  "dim": 77,
  "seed": "584",
  "method": "ENUM_SIEVE",
  "beta": 40,
  "steps_budget": 77,
  "steps_done": 77,
  "time_s": 1.033,
  "max_cos": 0.6950212500141211,
  "mean_cos": 0.15707286072017768,
  "accepted": 77,
  "calls": 77,
  "b1_gh": 1.4578414158103812,
  "slope": -0.037789729817250824,
  "logdet": 533.5671646757812,
  "log_b1": 8.09503268362146
}