{
  "dim": 77,
  "seed": "2955",
  "method": "ENUM",
  "beta": 30,
  "steps_budget": 77,
  "steps_done": 77,
  "time_s": 2.127,
  "max_cos": 0.5796993948190051,
  "mean_cos": 0.16045922501945473,
  "accepted": 63,
  "calls": 77,
  "b1_gh": 1.6391258830262028,
  "slope": -0.03789460565242192,
  "logdet": 533.7025497236556,
  "log_b1": 8.213997173218667
}