{
  "dim": 77,
  "seed": "2955",
  "method": "ENUM_SIEVE",
  "beta": 40,
  "steps_budget": 77,
  "steps_done": 77,
  "time_s": 1.05,
  "max_cos": 0.5644706937170889,
  "mean_cos": 0.1581567356537367,
  "accepted": 77,
  "calls": 77,
  "b1_gh": 1.5117192232023273,
  "slope": -0.03734064016070077,
  "logdet": 533.7025497236555,
  "log_b1": 8.13308163320422
}