{
  "dim": 77,
  "seed": "0",
  "method": "ENUM_SIEVE",
  "beta": 40,
  "steps_budget": 77,
  "steps_done": 77,
  "time_s": 1.05,
  "max_cos": 0.6258745029564966,
  "mean_cos": 0.15565877737844186,
  "accepted": 77,
  "calls": 77,
  "b1_gh": 1.4916099519306014,
  "slope": -0.03533945423571375,
  "logdet": 533.1468003625199,
  "log_b1": 8.112472588744511
}