{
  "dim": 77,
  "seed": "1",
  "method": "ENUM",
  "beta": 30,
  "steps_budget": 77,
  "steps_done": 77,
  "time_s": 2.15,
  "max_cos": 0.5958991398600378,
  "mean_cos": 0.15834898237885106,
  "accepted": 63,
  "calls": 77,
  "b1_gh": 1.6204885246400897,
  "slope": -0.03946099853617626,
  "logdet": 533.5620723101911,
  "log_b1": 8.200737351842779
}