{
  "dim": 77,
  "seed": "6871",
  "method": "ENUM_SIEVE",
  "beta": 40,
  "steps_budget": 77,
  "steps_done": 77,
  "time_s": 1.051,
  "max_cos": 0.5597356128545964,
  "mean_cos": 0.15090063430596765,
  "accepted": 77,
  "calls": 77,
  "b1_gh": 1.4928458485939002,
  "slope": -0.03708954812209283,
  "logdet": 533.481901364046,
  "log_b1": 8.117652772311214
}