{
  "dim": 77,
  "seed": "1",
  "method": "ENUM_SIEVE",
  "beta": 40,
  "steps_budget": 77,
  "steps_done": 77,
  "time_s": 1.032,
  "max_cos": 0.5728867982165176,
  "mean_cos": 0.1611334751983796,
  "accepted": 77,
  "calls": 77,
  "b1_gh": 1.5778177795253894,
  "slope": -0.03848511581211347,
  "logdet": 533.562072310191,
  "log_b1": 8.174052429808203
}