{
  "dim": 77,
  "seed": "3",
  "method": "ENUM",
  "beta": 30,
  "steps_budget": 77,
  "steps_done": 77,
  "time_s": 3.355,
  "max_cos": 0.6675781816775822,
  "mean_cos": 0.15978790119913136,
  "accepted": 60,
  "calls": 77,
  "b1_gh": 1.617254508332308,
  "slope": -0.036524266736923175,
  "logdet": 533.4914441345018,
  "log_b1": 8.19782240419473
}