{
  "dim": 77,
  "seed": "100",
  "method": "ENUM",
  "beta": 30,
  "steps_budget": 77,
  "steps_done": 77,
  "time_s": 3.406,
  "max_cos": 0.5991556211895267,
  "mean_cos": 0.15645551927692314,
  "accepted": 63,
  "calls": 77,
  "b1_gh": 1.4898034061771448,
  "slope": -0.037106182624405286,
  "logdet": 533.636201269293,
  "log_b1": 8.117616572482094
}