{
  "dim": 77,
  "seed": "2",
  "method": "ENUM",
  "beta": 30,
  "steps_budget": 77,
  "steps_done": 77,
  "time_s": 2.082,
  "max_cos": 0.5890263815097901,
  "mean_cos": 0.15628100374767137,
  "accepted": 60,
  "calls": 77,
  "b1_gh": 1.4336574643268065,
  "slope": -0.03641031508904656,
  "logdet": 533.7046885763924,
  "log_b1": 8.080090695308103
}