{
  "dim": 77,
  "seed": "2",
  "method": "ENUM_SIEVE",
  "beta": 40,
  "steps_budget": 77,
  "steps_done": 77,
  "time_s": 1.03,
  "max_cos": 0.6474727458763387,
  "mean_cos": 0.15584782756551163,
  "accepted": 77,
  "calls": 77,
  "b1_gh": 1.397687538055652,
  "slope": -0.03646867826358229,
  "logdet": 533.7046885763924,
  "log_b1": 8.054680961371975
}