{
  "dim": 77,
  "seed": "3",
  "method": "ENUM_SIEVE",
  "beta": 40,
  "steps_budget": 77,
  "steps_done": 77,
  "time_s": 1.034,
  "max_cos": 0.6274048243826331,
  "mean_cos": 0.15756224429769478,
  "accepted": 77,
  "calls": 77,
  "b1_gh": 1.5540127886410695,
  "slope": -0.036717499484297436,
  "logdet": 533.4914441345016,
  "log_b1": 8.157932922013702
}