{
  "dim": 77,
  "seed": "1",
  "method": "LLL",
  "beta": 0,
  "steps_budget": 77,
  "steps_done": 1,
  "time_s": 2.813,
  "max_cos": 0.7153098950042636,
  "mean_cos": 0.181165752508751,
  "accepted": 0,
  "calls": 0,
  "b1_gh": 2.4689614681406185,
  "slope": -0.045603346437896285,
  "logdet": 533.562072310191,
  "log_b1": 8.621807293618147
}