{
  "dim": 77,
  "seed": "2955",
  "method": "LLL",
  "beta": 0,
  "steps_budget": 77,
  "steps_done": 1,
  "time_s": 1.872,
  "max_cos": 0.7014194194267364,
  "mean_cos": 0.1680257606829816,
  "accepted": 0,
  "calls": 0,
  "b1_gh": 1.8028930541358397,
  "slope": -0.04168451881839368,
  "logdet": 533.7025497236556,
  "log_b1": 8.309226698583474
}