{
  "dim": 77,
  "seed": "2",
  "method": "LLL",
  "beta": 0,
  "steps_budget": 77,
  "steps_done": 1,
  "time_s": 1.837,
  "max_cos": 0.6438724326015157,
  "mean_cos": 0.1675601193475445,
  "accepted": 0,
  "calls": 0,
  "b1_gh": 1.605789077126163,
  "slope": -0.03997635413788768,
  "logdet": 533.7046885763925,
  "log_b1": 8.193477121546511
}