{
  "dim": 77,
  "seed": "0",
  "method": "LLL",
  "beta": 0,
  "steps_budget": 77,
  "steps_done": 1,
  "time_s": 1.92,
  "max_cos": 0.6444979146019653,
  "mean_cos": 0.16680180724325977,
  "accepted": 0,
  "calls": 0,
  "b1_gh": 1.8928901805777107,
  "slope": -0.04213595129539851,
  "logdet": 533.1468003625201,
  "log_b1": 8.350721404575445
}