{
  "dim": 77,
  "seed": "3",
  "method": "LLL",
  "beta": 0,
  "steps_budget": 77,
  "steps_done": 1,
  "time_s": 1.865,
  "max_cos": 0.632657107148209,
  "mean_cos": 0.169232620194491,
  "accepted": 0,
  "calls": 0,
  "b1_gh": 1.9235378825965392,
  "slope": -0.03935463834790436,
  "logdet": 533.4914441345015,
  "log_b1": 8.371258578237011
}