{
  "dim": 77,
  "seed": "100",
  "method": "LLL",
  "beta": 0,
  "steps_budget": 77,
  "steps_done": 1,
  "time_s": 2.979,
  "max_cos": 0.6086389555985725,
  "mean_cos": 0.16996431981408985,
  "accepted": 0,
  "calls": 0,
  "b1_gh": 1.8667435508056602,
  "slope": -0.03933983791612776,
  "logdet": 533.6362012692929,
  "log_b1": 8.343167899549245
}