{
  "dim": 77,
  "seed": "190",
  "method": "LLL",
  "beta": 0,
  "steps_budget": 77,
  "steps_done": 1,
  "time_s": 2.873,
  "max_cos": 0.685156450748298,
  "mean_cos": 0.17144487640288694,
  "accepted": 0,
  "calls": 0,
  "b1_gh": 1.7312544313598883,
  "slope": -0.040583287112109546,
  "logdet": 533.720136653666,
  "log_b1": 8.268908723900267
}