{
  "dim": 77,
  "seed": "6871",
  "method": "LLL",
  "beta": 0,
  "steps_budget": 77,
  "steps_done": 1,
  "time_s": 2.817,
  "max_cos": 0.6260341171578213,
  "mean_cos": 0.17301256695749867,
  "accepted": 0,
  "calls": 0,
  "b1_gh": 2.173024353475156,
  "slope": -0.0433194662432647,
  "logdet": 533.4819013640462,
  "log_b1": 8.493088417036645
}