{
  "dim": 77,
  "seed": "584",
  "method": "LLL",
  "beta": 0,
  "steps_budget": 77,
  "steps_done": 1,
  "time_s": 2.865,
  "max_cos": 0.7244529674063241,
  "mean_cos": 0.16998401019549633,
  "accepted": 0,
  "calls": 0,
  "b1_gh": 1.9654350971596812,
  "slope": -0.039466505408311724,
  "logdet": 533.5671646757811,
  "log_b1": 8.393789468557925
}