{
  "dim": 78,
  "seed": "84",
  "method": "BKZ",
  "beta": 20,
  "steps_budget": 78,
  "steps_done": 78,
  "time_s": 2.072,
  "max_cos": 0.6585624916245625,
  "mean_cos": 0.15564775735993264,
  "accepted": 78,
  "calls": 78,
  "b1_gh": 1.6588427073014596,
  "slope": -0.039596203557420065,
  "logdet": 540.4056962144942,
  "log_b1": 8.229107258127009
}