{
  "dim": 78,
  "seed": "3",
  "method": "BKZ",
  "beta": 20,
  "steps_budget": 78,
  "steps_done": 78,
  "time_s": 2.032,
  "max_cos": 0.6649492436653051,
  "mean_cos": 0.15925964154884664,
  "accepted": 78,
  "calls": 78,
  "b1_gh": 1.7118645990183659,
  "slope": -0.04257151364306161,
  "logdet": 540.0340475856086,
  "log_b1": 8.255805522388846
}