{
  "dim": 78,
  "seed": "42",
  "method": "BKZ",
  "beta": 20,
  "steps_budget": 78,
  "steps_done": 78,
  "time_s": 2.058,
  "max_cos": 0.63916520458937,
  "mean_cos": 0.1610714064222216,
  "accepted": 78,
  "calls": 78,
  "b1_gh": 1.7660267345387495,
  "slope": -0.037848495221896226,
  "logdet": 540.55302487854,
  "log_b1": 8.29360813273063
}