{
  "dim": 78,
  "seed": "0",
  "method": "BKZ",
  "beta": 20,
  "steps_budget": 78,
  "steps_done": 78,
  "time_s": 2.115,
  "max_cos": 0.6311097554004816,
  "mean_cos": 0.16124857762773198,
  "accepted": 78,
  "calls": 78,
  "b1_gh": 1.749552255231233,
  "slope": -0.038539306169653446,
  "logdet": 540.6403065075154,
  "log_b1": 8.285354788481895
}