{
  "dim": 78,
  "seed": "2",
  "method": "BKZ",
  "beta": 20,
  "steps_budget": 78,
  "steps_done": 78,
  "time_s": 3.238,
  "max_cos": 0.5832827053960674,
  "mean_cos": 0.15720628958371313,
  "accepted": 78,
  "calls": 78,
  "b1_gh": 1.7062696697541369,
  "slope": -0.038083875072271345,
  "logdet": 540.1351930891768,
  "log_b1": 8.253828582326406
}