{
  "dim": 78,
  "seed": "8978",
  "method": "BKZ",
  "beta": 20,
  "steps_budget": 78,
  "steps_done": 78,
  "time_s": 3.154,
  "max_cos": 0.6209956425120022,
  "mean_cos": 0.16137834955185748,
  "accepted": 78,
  "calls": 78,
  "b1_gh": 1.6597366287936626,
  "slope": -0.04156496765055865,
  "logdet": 540.0542366938076,
  "log_b1": 8.225140104303781
}