{
  "dim": 78,
  "seed": "8916",
  "method": "BKZ",
  "beta": 20,
  "steps_budget": 78,
  "steps_done": 78,
  "time_s": 3.322,
  "max_cos": 0.6101247081134278,
  "mean_cos": 0.16254915595281014,
  "accepted": 78,
  "calls": 78,
  "b1_gh": 1.7256475513245209,
  "slope": -0.03854415291315326,
  "logdet": 540.6320312644101,
  "log_b1": 8.27149116668952
}