{
  "dim": 78,
  "seed": "9",
  "method": "BKZ",
  "beta": 20,
  "steps_budget": 78,
  "steps_done": 78,
  "time_s": 3.154,
  "max_cos": 0.7131641577162061,
  "mean_cos": 0.1587948722147935,
  "accepted": 78,
  "calls": 78,
  "b1_gh": 1.7893301716668053,
  "slope": -0.039794334174198955,
  "logdet": 540.2947953426763,
  "log_b1": 8.303406601165337
}