{
  "dim": 78,
  "seed": "1",
  "method": "BKZ",
  "beta": 20,
  "steps_budget": 78,
  "steps_done": 78,
  "time_s": 3.169,
  "max_cos": 0.6659866030785739,
  "mean_cos": 0.1640863527955904,
  "accepted": 78,
  "calls": 78,
  "b1_gh": 1.6251617782367926,
  "slope": -0.037536880373708004,
  "logdet": 540.485852256881,
  "log_b1": 8.209622071400243
}