{
  "dim": 78,
  "seed": "9",
  "method": "ENUM",
  "beta": 30,
  "steps_budget": 78,
  "steps_done": 78,
  "time_s": 2.173,
  "max_cos": 0.6615183114728005,
  "mean_cos": 0.15223705093751294,
  "accepted": 59,
  "calls": 78,
  "b1_gh": 1.5252392093454652,
  "slope": -0.03625630651534614,
  "logdet": 540.2947953426761,
  "log_b1": 8.143716513463401
}