{
  "dim": 78,
  "seed": "0",
  "method": "ENUM",
  "beta": 30,
  "steps_budget": 78,
  "steps_done": 78,
  "time_s": 2.216,
  "max_cos": 0.58243466097393,
  "mean_cos": 0.1616665756077025,
  "accepted": 58,
  "calls": 78,
  "b1_gh": 1.5610416808310252,
  "slope": -0.03935374041552361,
  "logdet": 540.6403065075153,
  "log_b1": 8.171348229978296
}