{
  "dim": 78,
  "seed": "0",
  "method": "ENUM_SIEVE",
  "beta": 40,
  "steps_budget": 78,
  "steps_done": 78,
  "time_s": 1.088,
  "max_cos": 0.6624720578372892,
  "mean_cos": 0.15595828855150382,
  "accepted": 78,
  "calls": 78,
  "b1_gh": 1.5626158045125607,
  "slope": -0.037391604420275164,
  "logdet": 540.6403065075152,
  "log_b1": 8.172356102206393
}