{
  "dim": 78,
  "seed": "1",
  "method": "ENUM_SIEVE",
  "beta": 40,
  "steps_budget": 78,
  "steps_done": 78,
  "time_s": 1.059,
  "max_cos": 0.5809393120903534,
  "mean_cos": 0.1493103319182483,
  "accepted": 78,
  "calls": 78,
  "b1_gh": 1.4919622151502805,
  "slope": -0.0373568763889048,
  "logdet": 540.4858522568811,
  "log_b1": 8.124106881230457
}