{
  "dim": 78,
  "seed": "8916",
  "method": "ENUM_SIEVE",
  "beta": 40,
  "steps_budget": 78,
  "steps_done": 78,
  "time_s": 1.071,
  "max_cos": 0.6223331040707336,
  "mean_cos": 0.15317239416873668,
  "accepted": 78,
  "calls": 78,
  "b1_gh": 1.623548477729972,
  "slope": -0.04061287106131591,
  "logdet": 540.6320312644103,
  "log_b1": 8.210502966703253
}