{
  "dim": 78,
  "seed": "84",
  "method": "ENUM_SIEVE",
  "beta": 40,
  "steps_budget": 78,
  "steps_done": 78,
  "time_s": 1.085,
  "max_cos": 0.577755434915094,
  "mean_cos": 0.15544293878815857,
  "accepted": 78,
  "calls": 78,
  "b1_gh": 1.5750435980610598,
  "slope": -0.03915336890180551,
  "logdet": 540.4056962144944,
  "log_b1": 8.177270016369896
}