{
  "dim": 78,
  "seed": "8978",
  "method": "ENUM",
  "beta": 30,
  "steps_budget": 78,
  "steps_done": 78,
  "time_s": 3.453,
  "max_cos": 0.6770151107297577,
  "mean_cos": 0.1574950211178007,
  "accepted": 64,
  "calls": 78,
  "b1_gh": 1.5205928308812384,
  "slope": -0.03906180162369535,
  "logdet": 540.0542366938075,
  "log_b1": 8.137581451012588
}