{
  "dim": 78,
  "seed": "42",
  "method": "ENUM_SIEVE",
  "beta": 40,
  "steps_budget": 78,
  "steps_done": 78,
  "time_s": 1.083,
  "max_cos": 0.563508580778553,
  "mean_cos": 0.15298584334279317,
  "accepted": 78,
  "calls": 78,
  "b1_gh": 1.5318131249208524,
  "slope": -0.03714735176869046,
  "logdet": 540.5530248785399,
  "log_b1": 8.151327974948973
}