{
  "dim": 78,
  "seed": "8978",
  "method": "ENUM_SIEVE",
  "beta": 40,
  "steps_budget": 78,
  "steps_done": 78,
  "time_s": 1.082,
  "max_cos": 0.6318978363188414,
  "mean_cos": 0.15344189995464438,
  "accepted": 78,
  "calls": 78,
  "b1_gh": 1.6204521978951658,
  "slope": -0.04084320800883526,
  "logdet": 540.0542366938078,
  "log_b1": 8.20118641667265
}