{
  "dim": 78,
  "seed": "42",
  "method": "ENUM",
  "beta": 30,
  "steps_budget": 78,
  "steps_done": 78,
  "time_s": 2.206,
  "max_cos": 0.6485524867509237,
  "mean_cos": 0.15459136650939065,
  "accepted": 62,
  "calls": 78,
  "b1_gh": 1.5588016256505746,
  "slope": -0.036780949333902746,
  "logdet": 540.55302487854,
  "log_b1": 8.16879322956083
}