{
  "dim": 78,
  "seed": "2",
  "method": "ENUM_SIEVE",
  "beta": 40,
  "steps_budget": 78,
  "steps_done": 78,
  "time_s": 1.067,
  "max_cos": 0.5599985838154464,
  "mean_cos": 0.15151772128992622,
  "accepted": 78,
  "calls": 78,
  "b1_gh": 1.515274730366564,
  "slope": -0.03813287432641706,
  "logdet": 540.1351930891769,
  "log_b1": 8.135115837077828
}