{
  "dim": 78,
  "seed": "2",
  "method": "ENUM",
  "beta": 30,
  "steps_budget": 78,
  "steps_done": 78,
  "time_s": 3.386,
  "max_cos": 0.6559427828015378,
  "mean_cos": 0.15211181640210344,
  "accepted": 59,
  "calls": 78,
  "b1_gh": 1.5997652267589326,
  "slope": -0.038590569711232835,
  "logdet": 540.1351930891769,
  "log_b1": 8.189375959584376
}