{
  "dim": 78,
  "seed": "8916",
  "method": "ENUM",
  "beta": 30,
  "steps_budget": 78,
  "steps_done": 78,
  "time_s": 2.201,
  "max_cos": 0.6164482619118511,
  "mean_cos": 0.1586341964091623,
  "accepted": 62,
  "calls": 78,
  "b1_gh": 1.586469107783696,
  "slope": -0.03501415859717407,
  "logdet": 540.6320312644103,
  "log_b1": 8.187399654497925
}