{
  "dim": 78,
  "seed": "84",
  "method": "ENUM",
  "beta": 30,
  "steps_budget": 78,
  "steps_done": 78,
  "time_s": 3.33,
  "max_cos": 0.5688509231878272,
  "mean_cos": 0.15204705350728226,
  "accepted": 63,
  "calls": 78,
  "b1_gh": 1.5618719156044076,
  "slope": -0.03877903107602666,
  "logdet": 540.4056962144944,
  "log_b1": 8.16887211096884
}