{
  "dim": 78,
  "seed": "1",
  "method": "ENUM",
  "beta": 30,
  "steps_budget": 78,
  "steps_done": 78,
  "time_s": 3.318,
  "max_cos": 0.6222577208116903,
  "mean_cos": 0.15364978582661065,
  "accepted": 55,
  "calls": 78,
  "b1_gh": 1.6251617782367926,
  "slope": -0.03787096167016133,
  "logdet": 540.4858522568811,
  "log_b1": 8.209622071400243
}