{
  "dim": 78,
  "seed": "3",
  "method": "ENUM",
  "beta": 30,
  "steps_budget": 78,
  "steps_done": 78,
  "time_s": 2.197,
  "max_cos": 0.5779852435103453,
  "mean_cos": 0.15943656523899746,
  "accepted": 59,
  "calls": 78,
  "b1_gh": 1.584029189242819,
  "slope": -0.03809859565085872,
  "logdet": 540.0340475856088,
  "log_b1": 8.17819405793019
}