{
  "dim": 78,
  "seed": "9",
  "method": "ENUM_SIEVE",
  "beta": 40,
  "steps_budget": 78,
  "steps_done": 78,
  "time_s": 1.084,
  "max_cos": 0.5661738289335222,
  "mean_cos": 0.16050351793487252,
  "accepted": 78,
  "calls": 78,
  "b1_gh": 1.5935510427932917,
  "slope": -0.037791203907492604,
  "logdet": 540.2947953426763,
  "log_b1": 8.187530143355405
}