{
  "dim": 78,
  "seed": "3",
  "method": "ENUM_SIEVE",
  "beta": 40,
  "steps_budget": 78,
  "steps_done": 78,
  "time_s": 1.058,
  "max_cos": 0.5925682865142091,
  "mean_cos": 0.16091620833517215,
  "accepted": 78,
  "calls": 78,
  "b1_gh": 1.759087324408831,
  "slope": -0.03825301835761525,
  "logdet": 540.0340475856088,
  "log_b1": 8.283017446027035
}