{
  "dim": 78,
  "seed": "1",
  "method": "LLL",
  "beta": 0,
  "steps_budget": 78,
  "steps_done": 1,
  "time_s": 2.976,
  "max_cos": 0.6257464200833727,
  "mean_cos": 0.16510796046139786,
  "accepted": 0,
  "calls": 0,
  "b1_gh": 1.9548150368471362,
  "slope": -0.03965274594497495,
  "logdet": 540.4858522568811,
  "log_b1": 8.394310283388991
}