{
  "dim": 78,
  "seed": "42",
  "method": "LLL",
  "beta": 0,
  "steps_budget": 78,
  "steps_done": 1,
  "time_s": 1.946,
  "max_cos": 0.6222793280364652,
  "mean_cos": 0.1750198534894637,
  "accepted": 0,
  "calls": 0,
  "b1_gh": 2.323107715366963,
  "slope": -0.04314761757579281,
  "logdet": 540.5530248785398,
  "log_b1": 8.567781713983763
}