{
  "dim": 78,
  "seed": "84",
  "method": "LLL",
  "beta": 0,
  "steps_budget": 78,
  "steps_done": 1,
  "time_s": 2.977,
  "max_cos": 0.7130079910639439,
  "mean_cos": 0.18012542106674242,
  "accepted": 0,
  "calls": 0,
  "b1_gh": 2.236955560295711,
  "slope": -0.04126945489047794,
  "logdet": 540.4056962144944,
  "log_b1": 8.528102879717848
}