{
  "dim": 78,
  "seed": "2",
  "method": "LLL",
  "beta": 0,
  "steps_budget": 78,
  "steps_done": 1,
  "time_s": 2.001,
  "max_cos": 0.6708225996120042,
  "mean_cos": 0.17108985795416667,
  "accepted": 0,
  "calls": 0,
  "b1_gh": 2.1062502415956303,
  "slope": -0.04273871714622576,
  "logdet": 540.1351930891769,
  "log_b1": 8.464428304203373
}