{
  "dim": 78,
  "seed": "3",
  "method": "LLL",
  "beta": 0,
  "steps_budget": 78,
  "steps_done": 1,
  "time_s": 1.936,
  "max_cos": 0.636433148290122,
  "mean_cos": 0.1680089561675085,
  "accepted": 0,
  "calls": 0,
  "b1_gh": 2.192091722987484,
  "slope": -0.04392067637615796,
  "logdet": 540.0340475856087,
  "log_b1": 8.503078549794369
}