{
  "dim": 78,
  "seed": "9",
  "method": "LLL",
  "beta": 0,
  "steps_budget": 78,
  "steps_done": 1,
  "time_s": 2.965,
  "max_cos": 0.5745497222454079,
  "mean_cos": 0.1669525277513559,
  "accepted": 0,
  "calls": 0,
  "b1_gh": 2.0414270656046516,
  "slope": -0.040582575951794764,
  "logdet": 540.2947953426764,
  "log_b1": 8.435214362371621
}