{
  "dim": 78,
  "seed": "8978",
  "method": "LLL",
  "beta": 0,
  "steps_budget": 78,
  "steps_done": 1,
  "time_s": 1.88,
  "max_cos": 0.6975432689268347,
  "mean_cos": 0.16948149112949512,
  "accepted": 0,
  "calls": 0,
  "b1_gh": 1.9726944930209178,
  "slope": -0.043601134887904104,
  "logdet": 540.0542366938075,
  "log_b1": 8.397881543044932
}