{
  "dim": 78,
  "seed": "0",
  "method": "LLL",
  "beta": 0,
  "steps_budget": 78,
  "steps_done": 1,
  "time_s": 3.106,
  "max_cos": 0.6830367540330721,
  "mean_cos": 0.1676066987887311,
  "accepted": 0,
  "calls": 0,
  "b1_gh": 2.034814901542787,
  "slope": -0.0441949084362455,
  "logdet": 540.6403065075153,
  "log_b1": 8.436399744721154
}