{
  "dim": 78,
  "seed": "8916",
  "method": "LLL",
  "beta": 0,
  "steps_budget": 78,
  "steps_done": 1,
  "time_s": 1.926,
  "max_cos": 0.656016222787091,
  "mean_cos": 0.1827160045136673,
  "accepted": 0,
  "calls": 0,
  "b1_gh": 2.6377418931599537,
  "slope": -0.04352804034407755,
  "logdet": 540.6320312644103,
  "log_b1": 8.695812002219217
}