{
  "dim": 79,
  "seed": "189",
  "method": "BKZ",
  "beta": 20,
  "steps_budget": 79,
  "steps_done": 79,
  "time_s": 2.165,
  "max_cos": 0.5982897127566991,
  "mean_cos": 0.15774503055767858,
  "accepted": 79,
  "calls": 79,
  "b1_gh": 1.780585789905119,
  "slope": -0.0412123600936084,
  "logdet": 546.9378979160372,
  "log_b1": 8.300918892882748
}