{
  "dim": 79,
  "seed": "1639",
  "method": "BKZ",
  "beta": 20,
  "steps_budget": 79,
  "steps_done": 79,
  "time_s": 2.191,
  "max_cos": 0.6600233927911074,
  "mean_cos": 0.15890765197239906,
  "accepted": 79,
  "calls": 79,
  "b1_gh": 1.8045482834739375,
  "slope": -0.0406454369847667,
  "logdet": 547.3426417439651,
  "log_b1": 8.319410128862273
}