{
  "dim": 79,
  "seed": "16",
  "method": "BKZ",
  "beta": 20,
  "steps_budget": 79,
  "steps_done": 79,
  "time_s": 2.193,
  "max_cos": 0.5808135221205641,
  "mean_cos": 0.16086876160660407,
  "accepted": 79,
  "calls": 79,
  "b1_gh": 1.7644632443553363,
  "slope": -0.03860309650299878,
  "logdet": 547.479688015733,
  "log_b1": 8.29868112308161
}