{
  "dim": 79,
  "seed": "0",
  "method": "BKZ",
  "beta": 20,
  "steps_budget": 79,
  "steps_done": 79,
  "time_s": 2.187,
  "max_cos": 0.5813346555451806,
  "mean_cos": 0.15515639389269892,
  "accepted": 79,
  "calls": 79,
  "b1_gh": 1.6678817681921303,
  "slope": -0.038753733522656805,
  "logdet": 547.5613929412237,
  "log_b1": 8.243423248402904
}