{
  "dim": 79,
  "seed": "4211",
  "method": "BKZ",
  "beta": 20,
  "steps_budget": 79,
  "steps_done": 79,
  "time_s": 3.417,
  "max_cos": 0.6685473692104726,
  "mean_cos": 0.16490616332643032,
  "accepted": 79,
  "calls": 79,
  "b1_gh": 1.8181916330743448,
  "slope": -0.03724021497734885,
  "logdet": 547.4881246711233,
  "log_b1": 8.328783781832412
}