{
  "dim": 79,
  "seed": "4154",
  "method": "BKZ",
  "beta": 20,
  "steps_budget": 79,
  "steps_done": 79,
  "time_s": 3.435,
  "max_cos": 0.6140086302026853,
  "mean_cos": 0.16062167874584304,
  "accepted": 79,
  "calls": 79,
  "b1_gh": 1.860554512663923,
  "slope": -0.03836795036397829,
  "logdet": 547.141222423442,
  "log_b1": 8.34742478359109
}