{
  "dim": 79,
  "seed": "1013",
  "method": "BKZ",
  "beta": 20,
  "steps_budget": 79,
  "steps_done": 79,
  "time_s": 3.304,
  "max_cos": 0.608744349216941,
  "mean_cos": 0.1660399236949158,
  "accepted": 79,
  "calls": 79,
  "b1_gh": 1.738942105858911,
  "slope": -0.04070890530174977,
  "logdet": 547.4566683669099,
  "log_b1": 8.283820145024448
}