{
  "dim": 79,
  "seed": "2707",
  "method": "BKZ",
  "beta": 20,
  "steps_budget": 79,
  "steps_done": 79,
  "time_s": 3.409,
  "max_cos": 0.6164921851879781,
  "mean_cos": 0.16140524280593252,
  "accepted": 79,
  "calls": 79,
  "b1_gh": 1.590448539220244,
  "slope": -0.039393241565350644,
  "logdet": 547.3867126446385,
  "log_b1": 8.193673762950585
}