{
  "dim": 79,
  "seed": "6348",
  "method": "BKZ",
  "beta": 20,
  "steps_budget": 79,
  "steps_done": 79,
  "time_s": 2.152,
  "max_cos": 0.5989663120341384,
  "mean_cos": 0.15607293692047192,
  "accepted": 79,
  "calls": 79,
  "b1_gh": 1.787722494304546,
  "slope": -0.04143464273554039,
  "logdet": 547.4788864978909,
  "log_b1": 8.311766904176991
}