{
  "dim": 79,
  "seed": "0",
  "method": "ENUM",
  "beta": 30,
  "steps_budget": 79,
  "steps_done": 79,
  "time_s": 2.258,
  "max_cos": 0.5588806777602399,
  "mean_cos": 0.1549001900684224,
  "accepted": 53,
  "calls": 79,
  "b1_gh": 1.6943023393435932,
  "slope": -0.037205600270941365,
  "logdet": 547.5613929412236,
  "log_b1": 8.259139886252328
}