{
  "dim": 79,
  "seed": "4154",
  "method": "ENUM",
  "beta": 30,
  "steps_budget": 79,
  "steps_done": 79,
  "time_s": 3.519,
  "max_cos": 0.5938684728695144,
  "mean_cos": 0.15133571329456122,
  "accepted": 61,
  "calls": 79,
  "b1_gh": 1.5990979176138207,
  "slope": -0.03830978772637615,
  "logdet": 547.1412224234417,
  "log_b1": 8.195989883966849
}