{
  "dim": 79,
  "seed": "1013",
  "method": "ENUM",
  "beta": 30,
  "steps_budget": 79,
  "steps_done": 79,
  "time_s": 3.487,
  "max_cos": 0.6017550887494503,
  "mean_cos": 0.15778704865947685,
  "accepted": 66,
  "calls": 79,
  "b1_gh": 1.730432673673602,
  "slope": -0.038414552329832256,
  "logdet": 547.45666836691,
  "log_b1": 8.278914679463647
}