{
  "dim": 79,
  "seed": "189",
  "method": "ENUM",
  "beta": 30,
  "steps_budget": 79,
  "steps_done": 79,
  "time_s": 3.489,
  "max_cos": 0.5994764624823681,
  "mean_cos": 0.16183895512229995,
  "accepted": 57,
  "calls": 79,
  "b1_gh": 1.6987471478681504,
  "slope": -0.037511375959414985,
  "logdet": 546.9378979160372,
  "log_b1": 8.253867494789132
}