{
  "dim": 79,
  "seed": "6348",
  "method": "ENUM",
  "beta": 30,
  "steps_budget": 79,
  "steps_done": 79,
  "time_s": 3.517,
  "max_cos": 0.5767017628976925,
  "mean_cos": 0.1588551765856576,
  "accepted": 62,
  "calls": 79,
  "b1_gh": 1.655500323864225,
  "slope": -0.03710650715200368,
  "logdet": 547.4788864978907,
  "log_b1": 8.234927717633191
}