{
  "dim": 79,
  "seed": "1639",
  "method": "ENUM_SIEVE",
  "beta": 40,
  "steps_budget": 79,
  "steps_done": 79,
  "time_s": 1.141,
  "max_cos": 0.576762050947774,
  "mean_cos": 0.15624809942160786,
  "accepted": 79,
  "calls": 79,
  "b1_gh": 1.554378297638894,
  "slope": -0.03810132498656184,
  "logdet": 547.3426417439653,
  "log_b1": 8.17017548395458
}