{
  "dim": 79,
  "seed": "16",
  "method": "ENUM",
  "beta": 30,
  "steps_budget": 79,
  "steps_done": 79,
  "time_s": 2.313,
  "max_cos": 0.5619227901717123,
  "mean_cos": 0.15346811723820822,
  "accepted": 60,
  "calls": 79,
  "b1_gh": 1.5823631151629889,
  "slope": -0.036965440980269916,
  "logdet": 547.479688015733,
  "log_b1": 8.189753961982081
}