{
  "dim": 79,
  "seed": "4211",
  "method": "ENUM_SIEVE",
  "beta": 40,
  "steps_budget": 79,
  "steps_done": 79,
  "time_s": 1.14,
  "max_cos": 0.582135187038203,
  "mean_cos": 0.1619509025047875,
  "accepted": 79,
  "calls": 79,
  "b1_gh": 1.5762802669422564,
  "slope": -0.037398001965935825,
  "logdet": 547.4881246711233,
  "log_b1": 8.186009192879729
}