{
  "dim": 79,
  "seed": "6348",
  "method": "ENUM_SIEVE",
  "beta": 40,
  "steps_budget": 79,
  "steps_done": 79,
  "time_s": 1.138,
  "max_cos": 0.5742686630973478,
  "mean_cos": 0.15302269827430084,
  "accepted": 79,
  "calls": 79,
  "b1_gh": 1.6155203468136095,
  "slope": -0.038504781719298456,
  "logdet": 547.4788864978908,
  "log_b1": 8.210481544948793
}