{
  "dim": 79,
  "seed": "2707",
  "method": "ENUM",
  "beta": 30,
  "steps_budget": 79,
  "steps_done": 79,
  "time_s": 3.55,
  "max_cos": 0.7441624505132345,
  "mean_cos": 0.16054090480672975,
  "accepted": 60,
  "calls": 79,
  "b1_gh": 1.6656986001987484,
  "slope": -0.03998474795589217,
  "logdet": 547.3867126446384,
  "log_b1": 8.239902301495096
}