{
  "dim": 79,
  "seed": "16",
  "method": "ENUM_SIEVE",
  "beta": 40,
  "steps_budget": 79,
  "steps_done": 79,
  "time_s": 1.116,
  "max_cos": 0.6106914426186905,
  "mean_cos": 0.15158274861553084,
  "accepted": 79,
  "calls": 79,
  "b1_gh": 1.6285390341061965,
  "slope": -0.03768169979334529,
  "logdet": 547.4796880157331,
  "log_b1": 8.218517904603269
}