{
  "dim": 79,
  "seed": "189",
  "method": "ENUM_SIEVE",
  "beta": 40,
  "steps_budget": 79,
  "steps_done": 79,
  "time_s": 1.146,
  "max_cos": 0.6036819121648128,
  "mean_cos": 0.1551681833522228,
  "accepted": 79,
  "calls": 79,
  "b1_gh": 1.6730290627002775,
  "slope": -0.03937459545385078,
  "logdet": 546.9378979160372,
  "log_b1": 8.23861228072833
}