{
  "dim": 79,
  "seed": "1639",
  "method": "ENUM",
  "beta": 30,
  "steps_budget": 79,
  "steps_done": 79,
  "time_s": 3.517,
  "max_cos": 0.5829483907410568,
  "mean_cos": 0.1562447934664927,
  "accepted": 58,
  "calls": 79,
  "b1_gh": 1.6811377246058836,
  "slope": -0.03833264534787236,
  "logdet": 547.3426417439651,
  "log_b1": 8.248570608095001
}