{
  "dim": 79,
  "seed": "2707",
  "method": "ENUM_SIEVE",
  "beta": 40,
  "steps_budget": 79,
  "steps_done": 79,
  "time_s": 1.106,
  "max_cos": 0.594042234010486,
  "mean_cos": 0.15432826439696076,
  "accepted": 79,
  "calls": 79,
  "b1_gh": 1.6652686569941029,
  "slope": -0.03778658152088052,
  "logdet": 547.3867126446384,
  "log_b1": 8.239644152330703
}