{
  "dim": 79,
  "seed": "1013",
  "method": "ENUM_SIEVE",
  "beta": 40,
  "steps_budget": 79,
  "steps_done": 79,
  "time_s": 1.113,
  "max_cos": 0.582546667863431,
  "mean_cos": 0.15504129782726203,
  "accepted": 79,
  "calls": 79,
  "b1_gh": 1.644822627700324,
  "slope": -0.03894284729505496,
  "logdet": 547.4566683669101,
  "log_b1": 8.228175755132087
}