{
  "dim": 79,
  "seed": "4154",
  "method": "ENUM_SIEVE",
  "beta": 40,
  "steps_budget": 79,
  "steps_done": 79,
  "time_s": 1.109,
  "max_cos": 0.6020268671004737,
  "mean_cos": 0.1531898702659765,
  "accepted": 79,
  "calls": 79,
  "b1_gh": 1.673483278328218,
  "slope": -0.03899474535036426,
  "logdet": 547.1412224234422,
  "log_b1": 8.241457464791907
}