{
  "dim": 79,
  "seed": "4211",
  "method": "ENUM",
  "beta": 30,
  "steps_budget": 79,
  "steps_done": 79,
  "time_s": 2.341,
  "max_cos": 0.5882162898887695,
  "mean_cos": 0.15969155278628205,
  "accepted": 59,
  "calls": 79,
  "b1_gh": 1.6515046656156807,
  "slope": -0.036180277144953164,
  "logdet": 547.4881246711232,
  "log_b1": 8.232628173822803
}