{
  "dim": 79,
  "seed": "0",
  "method": "ENUM_SIEVE",
  "beta": 40,
  "steps_budget": 79,
  "steps_done": 79,
  "time_s": 1.139,
  "max_cos": 0.6240969006452014,
  "mean_cos": 0.16077385646438713,
  "accepted": 79,
  "calls": 79,
  "b1_gh": 1.5708138876802893,
  "slope": -0.03842341331108656,
  "logdet": 547.5613929412236,
  "log_b1": 8.183462714191263
}