{
  "dim": 79,
  "seed": "0",
  "method": "LLL",
  "beta": 0,
  "steps_budget": 79,
  "steps_done": 1,
  "time_s": 3.122,
  "max_cos": 0.612223172218247,
  "mean_cos": 0.177783650304404,
  "accepted": 0,
  "calls": 0,
  "b1_gh": 2.198573978487756,
  "slope": -0.04354237134661662,
  "logdet": 547.5613929412236,
  "log_b1": 8.519677787958237
}