{
  "dim": 79,
  "seed": "2707",
  "method": "LLL",
  "beta": 0,
  "steps_budget": 79,
  "steps_done": 1,
  "time_s": 2.023,
  "max_cos": 0.6533476443423017,
  "mean_cos": 0.16683706960108674,
  "accepted": 0,
  "calls": 0,
  "b1_gh": 2.0505794277545215,
  "slope": -0.04417740529558149,
  "logdet": 547.3867126446382,
  "log_b1": 8.447780087260805
}