{
  "dim": 79,
  "seed": "1013",
  "method": "LLL",
  "beta": 0,
  "steps_budget": 79,
  "steps_done": 1,
  "time_s": 3.111,
  "max_cos": 0.6256139681100298,
  "mean_cos": 0.17450193689532834,
  "accepted": 0,
  "calls": 0,
  "b1_gh": 2.214755916867785,
  "slope": -0.04345538206650963,
  "logdet": 547.4566683669099,
  "log_b1": 8.525685403714585
}