{
  "dim": 79,
  "seed": "6348",
  "method": "LLL",
  "beta": 0,
  "steps_budget": 79,
  "steps_done": 1,
  "time_s": 1.976,
  "max_cos": 0.6933132803156311,
  "mean_cos": 0.16912904235966855,
  "accepted": 0,
  "calls": 0,
  "b1_gh": 2.0018920016255515,
  "slope": -0.042480994322156844,
  "logdet": 547.4788864978908,
  "log_b1": 8.424917178194745
}