{
  "dim": 79,
  "seed": "189",
  "method": "LLL",
  "beta": 0,
  "steps_budget": 79,
  "steps_done": 1,
  "time_s": 2.014,
  "max_cos": 0.6580433301173532,
  "mean_cos": 0.18017756027474022,
  "accepted": 0,
  "calls": 0,
  "b1_gh": 2.3697505770173546,
  "slope": -0.0440242316974364,
  "logdet": 546.9378979160373,
  "log_b1": 8.58676119511038
}