{
  "dim": 79,
  "seed": "16",
  "method": "LLL",
  "beta": 0,
  "steps_budget": 79,
  "steps_done": 1,
  "time_s": 2.059,
  "max_cos": 0.7021499155277372,
  "mean_cos": 0.17068090845128941,
  "accepted": 0,
  "calls": 0,
  "b1_gh": 2.0867666894433565,
  "slope": -0.04098274557829627,
  "logdet": 547.4796880157331,
  "log_b1": 8.466450419327387
}