{
  "dim": 79,
  "seed": "4154",
  "method": "LLL",
  "beta": 0,
  "steps_budget": 79,
  "steps_done": 1,
  "time_s": 3.164,
  "max_cos": 0.6889965949109621,
  "mean_cos": 0.17565299712620983,
  "accepted": 0,
  "calls": 0,
  "b1_gh": 2.1194403420562047,
  "slope": -0.04051564765953812,
  "logdet": 547.1412224234417,
  "log_b1": 8.477702279444705
}