{
  "dim": 79,
  "seed": "4211",
  "method": "LLL",
  "beta": 0,
  "steps_budget": 79,
  "steps_done": 1,
  "time_s": 2.064,
  "max_cos": 0.6894773774016292,
  "mean_cos": 0.16864583196498537,
  "accepted": 0,
  "calls": 0,
  "b1_gh": 2.330922421311352,
  "slope": -0.04046234735443244,
  "logdet": 547.488124671123,
  "log_b1": 8.577205461109543
}