{
  "dim": 79,
  "seed": "1639",
  "method": "LLL",
  "beta": 0,
  "steps_budget": 79,
  "steps_done": 1,
  "time_s": 2.025,
  "max_cos": 0.6517061608873012,
  "mean_cos": 0.16966657713271915,
  "accepted": 0,
  "calls": 0,
  "b1_gh": 2.117239885981157,
  "slope": -0.04199151616129153,
  "logdet": 547.342641743965,
  "log_b1": 8.479213126708522
}