{
  "dim": 80,
  "seed": "3865",
  "method": "BKZ",
  "beta": 20,
  "steps_budget": 80,
  "steps_done": 80,
  "time_s": 2.299,
  "max_cos": 0.6590080450978876,
  "mean_cos": 0.15285726874976238,
  "accepted": 80,
  "calls": 80,
  "b1_gh": 1.5058689072757778,
  "slope": -0.03737852176657732,
  "logdet": 554.410022680092,
  "log_b1": 8.146138415638177
}