{
  "dim": 80,
  "seed": "1472",
  "method": "BKZ",
  "beta": 20,
  "steps_budget": 80,
  "steps_done": 80,
  "time_s": 3.563,
  "max_cos": 0.6419456444352293,
  "mean_cos": 0.16195858929556334,
  "accepted": 80,
  "calls": 80,
  "b1_gh": 1.7158917737677775,
  "slope": -0.03898273747023467,
  "logdet": 554.2781182957292,
  "log_b1": 8.275052462383329
}