{
  "dim": 80,
  "seed": "1728",
  "method": "BKZ",
  "beta": 20,
  "steps_budget": 80,
  "steps_done": 80,
  "time_s": 2.325,
  "max_cos": 0.581053644936782,
  "mean_cos": 0.16544594330806878,
  "accepted": 80,
  "calls": 80,
  "b1_gh": 1.787532202975963,
  "slope": -0.038366481082567766,
  "logdet": 554.0837399541942,
  "log_b1": 8.313525814011829
}