{
  "dim": 80,
  "seed": "426",
  "method": "BKZ",
  "beta": 20,
  "steps_budget": 80,
  "steps_done": 80,
  "time_s": 2.345,
  "max_cos": 0.6111393672530554,
  "mean_cos": 0.15571754940353505,
  "accepted": 80,
  "calls": 80,
  "b1_gh": 1.7534880008044755,
  "slope": -0.037676568786000474,
  "logdet": 554.2706636775083,
  "log_b1": 8.296633297056141
}