{
  "dim": 80,
  "seed": "5904",
  "method": "BKZ",
  "beta": 20,
  "steps_budget": 80,
  "steps_done": 80,
  "time_s": 3.475,
  "max_cos": 0.5936815664917406,
  "mean_cos": 0.15735712726044324,
  "accepted": 80,
  "calls": 80,
  "b1_gh": 1.7553371666515705,
  "slope": -0.03940692048232406,
  "logdet": 553.8482699056212,
  "log_b1": 8.292407383545793
}