{
  "dim": 80,
  "seed": "7951",
  "method": "BKZ",
  "beta": 20,
  "steps_budget": 80,
  "steps_done": 80,
  "time_s": 3.463,
  "max_cos": 0.5764121673884661,
  "mean_cos": 0.15968307489620986,
  "accepted": 80,
  "calls": 80,
  "b1_gh": 1.6217104580572064,
  "slope": -0.03884052934807984,
  "logdet": 554.4606496959002,
  "log_b1": 8.220882605254502
}