{
  "dim": 80,
  "seed": "7856",
  "method": "BKZ",
  "beta": 20,
  "steps_budget": 80,
  "steps_done": 80,
  "time_s": 3.606,
  "max_cos": 0.5906197913798217,
  "mean_cos": 0.16308216446313653,
  "accepted": 80,
  "calls": 80,
  "b1_gh": 1.7361812299893702,
  "slope": -0.037080933794889664,
  "logdet": 554.1247331552395,
  "log_b1": 8.284890223894791
}