{
  "dim": 80,
  "seed": "720",
  "method": "BKZ",
  "beta": 20,
  "steps_budget": 80,
  "steps_done": 80,
  "time_s": 3.554,
  "max_cos": 0.6220623820037758,
  "mean_cos": 0.16625008980084202,
  "accepted": 80,
  "calls": 80,
  "b1_gh": 1.914137275413914,
  "slope": -0.04027066135749864,
  "logdet": 554.2413611625,
  "log_b1": 8.383927080241754
}