{
  "dim": 80,
  "seed": "8",
  "method": "BKZ",
  "beta": 20,
  "steps_budget": 80,
  "steps_done": 80,
  "time_s": 3.479,
  "max_cos": 0.6073879250791453,
  "mean_cos": 0.1651163495111602,
  "accepted": 80,
  "calls": 80,
  "b1_gh": 1.9486227066312658,
  "slope": -0.04082105388598784,
  "logdet": 554.4615211058924,
  "log_b1": 8.40453488606703
}