{
  "dim": 80,
  "seed": "8",
  "method": "ENUM_SIEVE",
  "beta": 40,
  "steps_budget": 80,
  "steps_done": 80,
  "time_s": 1.144,
  "max_cos": 0.6084115074512845,
  "mean_cos": 0.16144946107300154,
  "accepted": 80,
  "calls": 80,
  "b1_gh": 1.6011740055012398,
  "slope": -0.03802905271520777,
  "logdet": 554.4615211058924,
  "log_b1": 8.208149180951988
}