{
  "dim": 80,
  "seed": "7951",
  "method": "ENUM",
  "beta": 30,
  "steps_budget": 80,
  "steps_done": 80,
  "time_s": 3.611,
  "max_cos": 0.6162534861078518,
  "mean_cos": 0.15956970642095028,
  "accepted": 67,
  "calls": 80,
  "b1_gh": 1.5769942144656013,
  "slope": -0.037955161765371115,
  "logdet": 554.4606496959003,
  "log_b1": 8.192921813986182
}