{
  "dim": 80,
  "seed": "720",
  "method": "ENUM_SIEVE",
  "beta": 40,
  "steps_budget": 80,
  "steps_done": 80,
  "time_s": 1.237,
  "max_cos": 0.590177282680713,
  "mean_cos": 0.15610347013484124,
  "accepted": 80,
  "calls": 80,
  "b1_gh": 1.4573303464483747,
  "slope": -0.039006484891439534,
  "logdet": 554.2413611625,
  "log_b1": 8.111266300130003
}