{
  "dim": 80,
  "seed": "426",
  "method": "ENUM_SIEVE",
  "beta": 40,
  "steps_budget": 80,
  "steps_done": 80,
  "time_s": 1.185,
  "max_cos": 0.5826014025344164,
  "mean_cos": 0.15665224439266706,
  "accepted": 80,
  "calls": 80,
  "b1_gh": 1.5269515695669718,
  "slope": -0.03802701330421216,
  "logdet": 554.2706636775084,
  "log_b1": 8.15829965914599
}