{
  "dim": 80,
  "seed": "720",
  "method": "ENUM",
  "beta": 30,
  "steps_budget": 80,
  "steps_done": 80,
  "time_s": 2.489,
  "max_cos": 0.58435610502462,
  "mean_cos": 0.15675365369036084,
  "accepted": 63,
  "calls": 80,
  "b1_gh": 1.619568659382718,
  "slope": -0.03708236365240934,
  "logdet": 554.2413611624997,
  "log_b1": 8.216819922191618
}