{
  "dim": 80,
  "seed": "3865",
  "method": "ENUM_SIEVE",
  "beta": 40,
  "steps_budget": 80,
  "steps_done": 80,
  "time_s": 1.16,
  "max_cos": 0.5937239142557739,
  "mean_cos": 0.15066096278604857,
  "accepted": 80,
  "calls": 80,
  "b1_gh": 1.4270615212321889,
  "slope": -0.03722262936714596,
  "logdet": 554.410022680092,
  "log_b1": 8.092385786862355
}