{
  "dim": 80,
  "seed": "5904",
  "method": "ENUM",
  "beta": 30,
  "steps_budget": 80,
  "steps_done": 80,
  "time_s": 3.694,
  "max_cos": 0.7567860540559003,
  "mean_cos": 0.16182006948705538,
  "accepted": 60,
  "calls": 80,
  "b1_gh": 1.7078810748931248,
  "slope": -0.03854572373534846,
  "logdet": 553.8482699056212,
  "log_b1": 8.264999891989536
}