{
  "dim": 80,
  "seed": "8",
  "method": "ENUM",
  "beta": 30,
  "steps_budget": 80,
  "steps_done": 80,
  "time_s": 2.377,
  "max_cos": 0.6142806606869073,
  "mean_cos": 0.15366564449350142,
  "accepted": 64,
  "calls": 80,
  "b1_gh": 1.6709811822484546,
  "slope": -0.037939604173597145,
  "logdet": 554.4615211058925,
  "log_b1": 8.250823055511908
}