{
  "dim": 80,
  "seed": "1472",
  "method": "ENUM_SIEVE",
  "beta": 40,
  "steps_budget": 80,
  "steps_done": 80,
  "time_s": 1.18,
  "max_cos": 0.592904798432821,
  "mean_cos": 0.15532833220582756,
  "accepted": 80,
  "calls": 80,
  "b1_gh": 1.6616828514666828,
  "slope": -0.03808746533711196,
  "logdet": 554.2781182957293,
  "log_b1": 8.242950387004951
}