{
  "dim": 80,
  "seed": "426",
  "method": "ENUM",
  "beta": 30,
  "steps_budget": 80,
  "steps_done": 80,
  "time_s": 2.471,
  "max_cos": 0.6149993803534175,
  "mean_cos": 0.15675507082258575,
  "accepted": 60,
  "calls": 80,
  "b1_gh": 1.5790623562205197,
  "slope": -0.03769514753416617,
  "logdet": 554.2706636775083,
  "log_b1": 8.19185757492901
}