{
  "dim": 80,
  "seed": "7856",
  "method": "ENUM_SIEVE",
  "beta": 40,
  "steps_budget": 80,
  "steps_done": 80,
  "time_s": 1.22,
  "max_cos": 0.5534836059882754,
  "mean_cos": 0.1473870709395316,
  "accepted": 80,
  "calls": 80,
  "b1_gh": 1.3326957931359265,
  "slope": -0.038014000575750335,
  "logdet": 554.1247331552395,
  "log_b1": 8.02040602090136
}