{
  "dim": 80,
  "seed": "3865",
  "method": "ENUM",
  "beta": 30,
  "steps_budget": 80,
  "steps_done": 80,
  "time_s": 3.756,
  "max_cos": 0.6184600660870426,
  "mean_cos": 0.15597129163371323,
  "accepted": 55,
  "calls": 80,
  "b1_gh": 1.7380497898166443,
  "slope": -0.03859981930026683,
  "logdet": 554.410022680092,
  "log_b1": 8.289532011209396
}