{
  "dim": 80,
  "seed": "5904",
  "method": "ENUM_SIEVE",
  "beta": 40,
  "steps_budget": 80,
  "steps_done": 80,
  "time_s": 1.198,
  "max_cos": 0.5872094507315645,
  "mean_cos": 0.15057272498740373,
  "accepted": 80,
  "calls": 80,
  "b1_gh": 1.5564915068193939,
  "slope": -0.03922199170239055,
  "logdet": 553.8482699056212,
  "log_b1": 8.172180681625782
}