{
  "dim": 80,
  "seed": "7856",
  "method": "ENUM",
  "beta": 30,
  "steps_budget": 80,
  "steps_done": 80,
  "time_s": 2.487,
  "max_cos": 0.6093838204385602,
  "mean_cos": 0.16010004278486062,
  "accepted": 54,
  "calls": 80,
  "b1_gh": 1.6669539105495892,
  "slope": -0.03756802171502007,
  "logdet": 554.1247331552395,
  "log_b1": 8.244200173196083
}