{
  "dim": 80,
  "seed": "1472",
  "method": "ENUM",
  "beta": 30,
  "steps_budget": 80,
  "steps_done": 80,
  "time_s": 2.433,
  "max_cos": 0.5888081625814073,
  "mean_cos": 0.15924321699483923,
  "accepted": 56,
  "calls": 80,
  "b1_gh": 1.694589856150688,
  "slope": -0.03780125346735533,
  "logdet": 554.2781182957292,
  "log_b1": 8.262560270986205
}