{
  "dim": 80,
  "seed": "7951",
  "method": "ENUM_SIEVE",
  "beta": 40,
  "steps_budget": 80,
  "steps_done": 80,
  "time_s": 1.16,
  "max_cos": 0.5865659971928172,
  "mean_cos": 0.15802491708103802,
  "accepted": 80,
  "calls": 80,
  "b1_gh": 1.60704477839447,
  "slope": -0.0390763112247057,
  "logdet": 554.4606496959003,
  "log_b1": 8.211798125664654
}