{
  "dim": 80,
  "seed": "1728",
  "method": "ENUM_SIEVE",
  "beta": 40,
  "steps_budget": 80,
  "steps_done": 80,
  "time_s": 1.18,
  "max_cos": 0.6250287428223851,
  "mean_cos": 0.15623058705502527,
  "accepted": 80,
  "calls": 80,
  "b1_gh": 1.5587442452981932,
  "slope": -0.037169138590496885,
  "logdet": 554.0837399541942,
  "log_b1": 8.176570329072845
}