{
  "dim": 80,
  "seed": "1728",
  "method": "ENUM",
  "beta": 30,
  "steps_budget": 80,
  "steps_done": 80,
  "time_s": 2.381,
  "max_cos": 0.6507140816790795,
  "mean_cos": 0.16442986248486857,
  "accepted": 62,
  "calls": 80,
  "b1_gh": 1.6816460945854428,
  "slope": -0.03944086154028692,
  "logdet": 554.0837399541942,
  "log_b1": 8.25246293484945
}