{
  "dim": 80,
  "seed": "7951",
  "method": "LLL",
  "beta": 0,
  "steps_budget": 80,
  "steps_done": 1,
  "time_s": 2.074,
  "max_cos": 0.7206080678469157,
  "mean_cos": 0.17670338570851887,
  "accepted": 0,
  "calls": 0,
  "b1_gh": 2.1833133103947424,
  "slope": -0.0441453935068198,
  "logdet": 554.4606496959004,
  "log_b1": 8.518244764833952
}