{
  "dim": 80,
  "seed": "720",
  "method": "LLL",
  "beta": 0,
  "steps_budget": 80,
  "steps_done": 1,
  "time_s": 3.387,
  "max_cos": 0.7212717692839581,
  "mean_cos": 0.17401822162864933,
  "accepted": 0,
  "calls": 0,
  "b1_gh": 2.4921842802103695,
  "slope": -0.043595491602653906,
  "logdet": 554.2413611624999,
  "log_b1": 8.647819614952201
}