{
  "dim": 80,
  "seed": "3865",
  "method": "LLL",
  "beta": 0,
  "steps_budget": 80,
  "steps_done": 1,
  "time_s": 2.176,
  "max_cos": 0.5961868450561966,
  "mean_cos": 0.17318732190663214,
  "accepted": 0,
  "calls": 0,
  "b1_gh": 2.218647836031546,
  "slope": -0.040178162028270376,
  "logdet": 554.4100226800921,
  "log_b1": 8.53366626446011
}