{
  "dim": 80,
  "seed": "1472",
  "method": "LLL",
  "beta": 0,
  "steps_budget": 80,
  "steps_done": 1,
  "time_s": 2.157,
  "max_cos": 0.6754066823725511,
  "mean_cos": 0.1756589346903747,
  "accepted": 0,
  "calls": 0,
  "b1_gh": 2.245299935298557,
  "slope": -0.04132743257099148,
  "logdet": 554.278118295729,
  "log_b1": 8.543958645946006
}