{
  "dim": 80,
  "seed": "5904",
  "method": "LLL",
  "beta": 0,
  "steps_budget": 80,
  "steps_done": 1,
  "time_s": 3.261,
  "max_cos": 0.645297625844563,
  "mean_cos": 0.17176938384024076,
  "accepted": 0,
  "calls": 0,
  "b1_gh": 2.15488576176627,
  "slope": -0.0415271232617787,
  "logdet": 553.8482699056212,
  "log_b1": 8.49748413869931
}