{
  "dim": 80,
  "seed": "426",
  "method": "LLL",
  "beta": 0,
  "steps_budget": 80,
  "steps_done": 1,
  "time_s": 2.188,
  "max_cos": 0.6463585189777742,
  "mean_cos": 0.16473455173307278,
  "accepted": 0,
  "calls": 0,
  "b1_gh": 2.1238439936032933,
  "slope": -0.041052700940696386,
  "logdet": 554.2706636775083,
  "log_b1": 8.488254000821463
}