{
  "dim": 80,
  "seed": "7856",
  "method": "LLL",
  "beta": 0,
  "steps_budget": 80,
  "steps_done": 1,
  "time_s": 3.448,
  "max_cos": 0.657363586355379,
  "mean_cos": 0.17881579514127624,
  "accepted": 0,
  "calls": 0,
  "b1_gh": 2.185097676891982,
  "slope": -0.0415543894913609,
  "logdet": 554.1247331552395,
  "log_b1": 8.514862748881706
}