{
  "dim": 80,
  "seed": "8",
  "method": "LLL",
  "beta": 0,
  "steps_budget": 80,
  "steps_done": 1,
  "time_s": 2.147,
  "max_cos": 0.6846516103676669,
  "mean_cos": 0.17370867291878753,
  "accepted": 0,
  "calls": 0,
  "b1_gh": 2.3354591819266415,
  "slope": -0.044044672177720616,
  "logdet": 554.4615211058925,
  "log_b1": 8.585620590909567
}