{
  "dim": 80,
  "seed": "1728",
  "method": "LLL",
  "beta": 0,
  "steps_budget": 80,
  "steps_done": 1,
  "time_s": 3.338,
  "max_cos": 0.6220842528083822,
  "mean_cos": 0.1705140654819512,
  "accepted": 0,
  "calls": 0,
  "b1_gh": 2.060209443372063,
  "slope": -0.04066992047912095,
  "logdet": 554.0837399541942,
  "log_b1": 8.45549745211032
}