{
  "dim": 81,
  "seed": "9152",
  "method": "BKZ",
  "beta": 20,
  "steps_budget": 81,
  "steps_done": 81,
  "time_s": 2.46,
  "max_cos": 0.5665676163919946,
  "mean_cos": 0.15582442604865707,
  "accepted": 81,
  "calls": 81,
  "b1_gh": 1.547375096447513,
  "slope": -0.03855064718489426,
  "logdet": 561.3454839470623,
  "log_b1": 8.179255078500084
}