{
  "dim": 81,
  "seed": "7137",
  "method": "BKZ",
  "beta": 20,
  "steps_budget": 81,
  "steps_done": 81,
  "time_s": 2.447,
  "max_cos": 0.617946475842215,
  "mean_cos": 0.16196940496877768,
  "accepted": 81,
  "calls": 81,
  "b1_gh": 1.8549105382299782,
  "slope": -0.040154140058902346,
  "logdet": 561.3024991972474,
  "log_b1": 8.360000860903984
}