{
  "dim": 81,
  "seed": "299",
  "method": "BKZ",
  "beta": 20,
  "steps_budget": 81,
  "steps_done": 81,
  "time_s": 2.436,
  "max_cos": 0.5882901735815994,
  "mean_cos": 0.15922958739971324,
  "accepted": 81,
  "calls": 81,
  "b1_gh": 1.7506731009020613,
  "slope": -0.038424168534539234,
  "logdet": 561.2831785696676,
  "log_b1": 8.30192621018194
}