{
  "dim": 81,
  "seed": "1",
  "method": "BKZ",
  "beta": 20,
  "steps_budget": 81,
  "steps_done": 81,
  "time_s": 2.401,
  "max_cos": 0.6246268809559271,
  "mean_cos": 0.15820709955771245,
  "accepted": 81,
  "calls": 81,
  "b1_gh": 1.8058090072014774,
  "slope": -0.03846357205332265,
  "logdet": 560.7777028693591,
  "log_b1": 8.326694121173288
}