{
  "dim": 81,
  "seed": "6473",
  "method": "BKZ",
  "beta": 20,
  "steps_budget": 81,
  "steps_done": 81,
  "time_s": 3.763,
  "max_cos": 0.6021302055362228,
  "mean_cos": 0.16309666356832206,
  "accepted": 81,
  "calls": 81,
  "b1_gh": 1.7765521660795676,
  "slope": -0.03919258031559416,
  "logdet": 560.7846938205364,
  "log_b1": 8.31044623497843
}