{
  "dim": 81,
  "seed": "3273",
  "method": "BKZ",
  "beta": 20,
  "steps_budget": 81,
  "steps_done": 81,
  "time_s": 3.852,
  "max_cos": 0.6535898984934381,
  "mean_cos": 0.1575708495176685,
  "accepted": 81,
  "calls": 81,
  "b1_gh": 1.8007598827658677,
  "slope": -0.03712774795307325,
  "logdet": 560.9466873690465,
  "log_b1": 8.325980387668116
}