{
  "dim": 81,
  "seed": "71",
  "method": "BKZ",
  "beta": 20,
  "steps_budget": 81,
  "steps_done": 81,
  "time_s": 3.724,
  "max_cos": 0.6310518691445061,
  "mean_cos": 0.1578781728135346,
  "accepted": 81,
  "calls": 81,
  "b1_gh": 1.776805889378294,
  "slope": -0.03826932746172384,
  "logdet": 561.4060836194045,
  "log_b1": 8.318260521594384
}