{
  "dim": 81,
  "seed": "4174",
  "method": "BKZ",
  "beta": 20,
  "steps_budget": 81,
  "steps_done": 81,
  "time_s": 2.327,
  "max_cos": 0.6662779782892226,
  "mean_cos": 0.16236194029939868,
  "accepted": 81,
  "calls": 81,
  "b1_gh": 1.8050303018859435,
  "slope": -0.04055854981905122,
  "logdet": 561.1653873498906,
  "log_b1": 8.331049033912967
}