{
  "dim": 81,
  "seed": "0",
  "method": "BKZ",
  "beta": 20,
  "steps_budget": 81,
  "steps_done": 81,
  "time_s": 2.482,
  "max_cos": 0.5998702048847967,
  "mean_cos": 0.15991693444095376,
  "accepted": 81,
  "calls": 81,
  "b1_gh": 1.7946886944344749,
  "slope": -0.03907122884801958,
  "logdet": 560.9400749584167,
  "log_b1": 8.322521597673179
}