{
  "dim": 81,
  "seed": "1",
  "method": "ENUM",
  "beta": 30,
  "steps_budget": 81,
  "steps_done": 81,
  "time_s": 3.886,
  "max_cos": 0.5875221966677747,
  "mean_cos": 0.15490825501799815,
  "accepted": 61,
  "calls": 81,
  "b1_gh": 1.6447901495450552,
  "slope": -0.03854655434402812,
  "logdet": 560.7777028693592,
  "log_b1": 8.233298233780022
}