{
  "dim": 81,
  "seed": "3273",
  "method": "ENUM",
  "beta": 30,
  "steps_budget": 81,
  "steps_done": 81,
  "time_s": 3.941,
  "max_cos": 0.5642345694875288,
  "mean_cos": 0.15604695936841648,
  "accepted": 54,
  "calls": 81,
  "b1_gh": 1.620347691903078,
  "slope": -0.03724095822277644,
  "logdet": 560.9466873690466,
  "log_b1": 8.220412405604334
}