{
  "dim": 81,
  "seed": "0",
  "method": "ENUM_SIEVE",
  "beta": 40,
  "steps_budget": 81,
  "steps_done": 81,
  "time_s": 1.218,
  "max_cos": 0.6206595387235495,
  "mean_cos": 0.15912044752242765,
  "accepted": 81,
  "calls": 81,
  "b1_gh": 1.7171659056447437,
  "slope": -0.03851883287889034,
  "logdet": 560.9400749584166,
  "log_b1": 8.278365222608068
}