{
  "dim": 81,
  "seed": "71",
  "method": "ENUM_SIEVE",
  "beta": 40,
  "steps_budget": 81,
  "steps_done": 81,
  "time_s": 1.277,
  "max_cos": 0.5930279669566856,
  "mean_cos": 0.15268945994416994,
  "accepted": 81,
  "calls": 81,
  "b1_gh": 1.5855071403405692,
  "slope": -0.03821626950775978,
  "logdet": 561.4060836194046,
  "log_b1": 8.204347531915664
}