{
  "dim": 81,
  "seed": "71",
  "method": "ENUM",
  "beta": 30,
  "steps_budget": 81,
  "steps_done": 81,
  "time_s": 2.538,
  "max_cos": 0.6549707636583606,
  "mean_cos": 0.1652759355602097,
  "accepted": 58,
  "calls": 81,
  "b1_gh": 1.8346285612334559,
  "slope": -0.039312857679167035,
  "logdet": 561.4060836194045,
  "log_b1": 8.350285255474185
}