{
  "dim": 81,
  "seed": "9152",
  "method": "ENUM",
  "beta": 30,
  "steps_budget": 81,
  "steps_done": 81,
  "time_s": 2.537,
  "max_cos": 0.6130848399059101,
  "mean_cos": 0.16340136141037767,
  "accepted": 65,
  "calls": 81,
  "b1_gh": 1.7936690069077343,
  "slope": -0.037816234811507025,
  "logdet": 561.3454839470623,
  "log_b1": 8.326958315863434
}