{
  "dim": 81,
  "seed": "0",
  "method": "ENUM",
  "beta": 30,
  "steps_budget": 81,
  "steps_done": 81,
  "time_s": 2.6,
  "max_cos": 0.6800194840957727,
  "mean_cos": 0.15533867341457516,
  "accepted": 61,
  "calls": 81,
  "b1_gh": 1.7171659056447437,
  "slope": -0.03925237192904552,
  "logdet": 560.9400749584167,
  "log_b1": 8.278365222608068
}