{
  "dim": 81,
  "seed": "1",
  "method": "ENUM_SIEVE",
  "beta": 40,
  "steps_budget": 81,
  "steps_done": 81,
  "time_s": 1.237,
  "max_cos": 0.6097697655583142,
  "mean_cos": 0.15387571882345655,
  "accepted": 81,
  "calls": 81,
  "b1_gh": 1.6076397136033764,
  "slope": -0.03757500541488093,
  "logdet": 560.7777028693594,
  "log_b1": 8.210452513313388
}