{
  "dim": 81,
  "seed": "299",
  "method": "ENUM_SIEVE",
  "beta": 40,
  "steps_budget": 81,
  "steps_done": 81,
  "time_s": 1.267,
  "max_cos": 0.5712649881904195,
  "mean_cos": 0.15407988712846943,
  "accepted": 81,
  "calls": 81,
  "b1_gh": 1.7017838633248523,
  "slope": -0.03905696816536818,
  "logdet": 561.2831785696675,
  "log_b1": 8.273602899376835
}