{
  "dim": 81,
  "seed": "4174",
  "method": "ENUM",
  "beta": 30,
  "steps_budget": 81,
  "steps_done": 81,
  "time_s": 3.847,
  "max_cos": 0.5515412946364806,
  "mean_cos": 0.15644868004983353,
  "accepted": 65,
  "calls": 81,
  "b1_gh": 1.723388241504939,
  "slope": -0.039820481206677014,
  "logdet": 561.1653873498907,
  "log_b1": 8.28476391547353
}