{
  "dim": 81,
  "seed": "299",
  "method": "ENUM",
  "beta": 30,
  "steps_budget": 81,
  "steps_done": 81,
  "time_s": 3.861,
  "max_cos": 0.6431909797804309,
  "mean_cos": 0.15916268500164846,
  "accepted": 59,
  "calls": 81,
  "b1_gh": 1.7506731009020644,
  "slope": -0.03880402432375631,
  "logdet": 561.2831785696675,
  "log_b1": 8.30192621018194
}