{
  "dim": 81,
  "seed": "9152",
  "method": "ENUM_SIEVE",
  "beta": 40,
  "steps_budget": 81,
  "steps_done": 81,
  "time_s": 1.263,
  "max_cos": 0.6109309176356139,
  "mean_cos": 0.1582001903756533,
  "accepted": 81,
  "calls": 81,
  "b1_gh": 1.547375096447513,
  "slope": -0.03799021690973792,
  "logdet": 561.3454839470623,
  "log_b1": 8.179255078500084
}