{
  "dim": 81,
  "seed": "7137",
  "method": "ENUM_SIEVE",
  "beta": 40,
  "steps_budget": 81,
  "steps_done": 81,
  "time_s": 1.261,
  "max_cos": 0.6234329439152931,
  "mean_cos": 0.15191492970888004,
  "accepted": 81,
  "calls": 81,
  "b1_gh": 1.7355134643070744,
  "slope": -0.037899982770009825,
  "logdet": 561.3024991972476,
  "log_b1": 8.293467707838209
}