{
  "dim": 81,
  "seed": "7137",
  "method": "ENUM",
  "beta": 30,
  "steps_budget": 81,
  "steps_done": 81,
  "time_s": 2.534,
  "max_cos": 0.5995051529920986,
  "mean_cos": 0.1571173217639131,
  "accepted": 59,
  "calls": 81,
  "b1_gh": 1.7179330958216745,
  "slope": -0.03813406090252565,
  "logdet": 561.3024991972474,
  "log_b1": 8.283286273119884
}