{
  "dim": 81,
  "seed": "3273",
  "method": "ENUM_SIEVE",
  "beta": 40,
  "steps_budget": 81,
  "steps_done": 81,
  "time_s": 1.293,
  "max_cos": 0.6651147333244897,
  "mean_cos": 0.15996689929338445,
  "accepted": 81,
  "calls": 81,
  "b1_gh": 1.6138505355439066,
  "slope": -0.03822035760759985,
  "logdet": 560.9466873690466,
  "log_b1": 8.216394615325349
}