{
  "dim": 81,
  "seed": "6473",
  "method": "ENUM_SIEVE",
  "beta": 40,
  "steps_budget": 81,
  "steps_done": 81,
  "time_s": 1.288,
  "max_cos": 0.6436533302603914,
  "mean_cos": 0.15669239288893833,
  "accepted": 81,
  "calls": 81,
  "b1_gh": 1.7158631544552831,
  "slope": -0.0390820529885701,
  "logdet": 560.7846938205363,
  "log_b1": 8.275687985469999
}