{
  "dim": 81,
  "seed": "4174",
  "method": "ENUM_SIEVE",
  "beta": 40,
  "steps_budget": 81,
  "steps_done": 81,
  "time_s": 1.255,
  "max_cos": 0.6149523634489851,
  "mean_cos": 0.1607601653640661,
  "accepted": 81,
  "calls": 81,
  "b1_gh": 1.6517866744955687,
  "slope": -0.03707073318207987,
  "logdet": 561.1653873498905,
  "log_b1": 8.242329189619886
}