{
  "dim": 81,
  "seed": "6473",
  "method": "ENUM",
  "beta": 30,
  "steps_budget": 81,
  "steps_done": 81,
  "time_s": 2.603,
  "max_cos": 0.6058591906260984,
  "mean_cos": 0.15729387493744754,
  "accepted": 60,
  "calls": 81,
  "b1_gh": 1.646253420114405,
  "slope": -0.03730043538323185,
  "logdet": 560.7846938205365,
  "log_b1": 8.234273785996544
}