{
  "dim": 81,
  "seed": "6473",
  "method": "LLL",
  "beta": 0,
  "steps_budget": 81,
  "steps_done": 1,
  "time_s": 2.316,
  "max_cos": 0.7000556640460343,
  "mean_cos": 0.18082478958851203,
  "accepted": 0,
  "calls": 0,
  "b1_gh": 2.460330974521693,
  "slope": -0.04127125330896722,
  "logdet": 560.7846938205365,
  "log_b1": 8.636067617787843
}