{
  "dim": 81,
  "seed": "9152",
  "method": "LLL",
  "beta": 0,
  "steps_budget": 81,
  "steps_done": 1,
  "time_s": 2.298,
  "max_cos": 0.6893483961339646,
  "mean_cos": 0.17487681647322376,
  "accepted": 0,
  "calls": 0,
  "b1_gh": 2.2774008948103517,
  "slope": -0.040575583581335777,
  "logdet": 561.3454839470623,
  "log_b1": 8.565729903603513
}