{
  "dim": 81,
  "seed": "71",
  "method": "LLL",
  "beta": 0,
  "steps_budget": 81,
  "steps_done": 1,
  "time_s": 3.511,
  "max_cos": 0.6553793078445561,
  "mean_cos": 0.16548774504602237,
  "accepted": 0,
  "calls": 0,
  "b1_gh": 1.9800776645179614,
  "slope": -0.04298533876748752,
  "logdet": 561.4060836194047,
  "log_b1": 8.426579281844685
}