{
  "dim": 81,
  "seed": "4174",
  "method": "LLL",
  "beta": 0,
  "steps_budget": 81,
  "steps_done": 1,
  "time_s": 3.356,
  "max_cos": 0.7160734966564503,
  "mean_cos": 0.17957058662453124,
  "accepted": 0,
  "calls": 0,
  "b1_gh": 2.682622531350812,
  "slope": -0.04676391187861646,
  "logdet": 561.1653873498906,
  "log_b1": 8.72726652704327
}