{
  "dim": 81,
  "seed": "299",
  "method": "LLL",
  "beta": 0,
  "steps_budget": 81,
  "steps_done": 1,
  "time_s": 3.472,
  "max_cos": 0.6628637393392901,
  "mean_cos": 0.17706884504174036,
  "accepted": 0,
  "calls": 0,
  "b1_gh": 2.064919199217476,
  "slope": -0.042266256069230686,
  "logdet": 561.2831785696675,
  "log_b1": 8.467016964049632
}