{
  "dim": 81,
  "seed": "3273",
  "method": "LLL",
  "beta": 0,
  "steps_budget": 81,
  "steps_done": 1,
  "time_s": 2.328,
  "max_cos": 0.609821421844943,
  "mean_cos": 0.16597653292172923,
  "accepted": 0,
  "calls": 0,
  "b1_gh": 1.9946811701914622,
  "slope": -0.04123631780012327,
  "logdet": 560.9466873690465,
  "log_b1": 8.428255877886851
}