{
  "dim": 81,
  "seed": "0",
  "method": "LLL",
  "beta": 0,
  "steps_budget": 81,
  "steps_done": 1,
  "time_s": 2.347,
  "max_cos": 0.6876258430886769,
  "mean_cos": 0.16701888679729907,
  "accepted": 0,
  "calls": 0,
  "b1_gh": 1.9286339220443454,
  "slope": -0.04101207429056273,
  "logdet": 560.9400749584169,
  "log_b1": 8.394501959945016
}