{
  "dim": 81,
  "seed": "7137",
  "method": "LLL",
  "beta": 0,
  "steps_budget": 81,
  "steps_done": 1,
  "time_s": 3.52,
  "max_cos": 0.5844885439013493,
  "mean_cos": 0.1648130940429784,
  "accepted": 0,
  "calls": 0,
  "b1_gh": 1.878468570108287,
  "slope": -0.04222300543077945,
  "logdet": 561.3024991972474,
  "log_b1": 8.372621247891752
}