{
  "dim": 81,
  "seed": "1",
  "method": "LLL",
  "beta": 0,
  "steps_budget": 81,
  "steps_done": 1,
  "time_s": 2.298,
  "max_cos": 0.5844620939878212,
  "mean_cos": 0.16348031715040134,
  "accepted": 0,
  "calls": 0,
  "b1_gh": 1.9065415945803907,
  "slope": -0.04042049279178166,
  "logdet": 560.7777028693592,
  "log_b1": 8.380976343689838
}