{
  "dim": 82,
  "seed": "1",
  "method": "BKZ",
  "beta": 20,
  "steps_budget": 82,
  "steps_done": 82,
  "time_s": 3.806,
  "max_cos": 0.6085005185204682,
  "mean_cos": 0.1599627190735704,
  "accepted": 82,
  "calls": 82,
  "b1_gh": 1.8889111541702888,
  "slope": -0.04103775288474925,
  "logdet": 568.0996281767568,
  "log_b1": 8.38234097657187
}