{
  "dim": 82,
  "seed": "93",
  "method": "BKZ",
  "beta": 20,
  "steps_budget": 82,
  "steps_done": 82,
  "time_s": 2.586,
  "max_cos": 0.6529056630543212,
  "mean_cos": 0.16251769027092064,
  "accepted": 82,
  "calls": 82,
  "b1_gh": 2.030073329550365,
  "slope": -0.041018044308322656,
  "logdet": 567.8358998196084,
  "log_b1": 8.4511961382745
}