{
  "dim": 82,
  "seed": "155",
  "method": "BKZ",
  "beta": 20,
  "steps_budget": 82,
  "steps_done": 82,
  "time_s": 2.607,
  "max_cos": 0.6833095054996172,
  "mean_cos": 0.16055279338773298,
  "accepted": 82,
  "calls": 82,
  "b1_gh": 1.842540774770055,
  "slope": -0.03780784140138107,
  "logdet": 567.9678135954368,
  "log_b1": 8.35587840249477
}