{
  "dim": 82,
  "seed": "2896",
  "method": "BKZ",
  "beta": 20,
  "steps_budget": 82,
  "steps_done": 82,
  "time_s": 4.006,
  "max_cos": 0.6644204146109791,
  "mean_cos": 0.15812568245075942,
  "accepted": 82,
  "calls": 82,
  "b1_gh": 1.8289697339708344,
  "slope": -0.03846329449509745,
  "logdet": 567.8151226935345,
  "log_b1": 8.346623664771256
}