{
  "dim": 82,
  "seed": "6917",
  "method": "BKZ",
  "beta": 20,
  "steps_budget": 82,
  "steps_done": 82,
  "time_s": 2.578,
  "max_cos": 0.595352580941922,
  "mean_cos": 0.16322887171501974,
  "accepted": 82,
  "calls": 82,
  "b1_gh": 1.7017406584023476,
  "slope": -0.03785495166283721,
  "logdet": 567.9666588480079,
  "log_b1": 8.276370489163837
}