{
  "dim": 82,
  "seed": "5001",
  "method": "BKZ",
  "beta": 20,
  "steps_budget": 82,
  "steps_done": 82,
  "time_s": 2.528,
  "max_cos": 0.627817206897039,
  "mean_cos": 0.15923806448378164,
  "accepted": 82,
  "calls": 82,
  "b1_gh": 1.857914758078608,
  "slope": -0.03961564913174568,
  "logdet": 568.2595478692247,
  "log_b1": 8.367745423589154
}