{
  "dim": 82,
  "seed": "8449",
  "method": "BKZ",
  "beta": 20,
  "steps_budget": 82,
  "steps_done": 82,
  "time_s": 2.601,
  "max_cos": 0.6116017863283693,
  "mean_cos": 0.16028788283042175,
  "accepted": 82,
  "calls": 82,
  "b1_gh": 1.8356916572233195,
  "slope": -0.038612709670620506,
  "logdet": 568.2930744974165,
  "log_b1": 8.356120859296409
}