{
  "dim": 82,
  "seed": "0",
  "method": "BKZ",
  "beta": 20,
  "steps_budget": 82,
  "steps_done": 82,
  "time_s": 3.887,
  "max_cos": 0.5998239411053815,
  "mean_cos": 0.1576333483407812,
  "accepted": 82,
  "calls": 82,
  "b1_gh": 1.7498496006611661,
  "slope": -0.03906715494997399,
  "logdet": 567.7298976138356,
  "log_b1": 8.301361354878333
}