{
  "dim": 82,
  "seed": "5850",
  "method": "BKZ",
  "beta": 20,
  "steps_budget": 82,
  "steps_done": 82,
  "time_s": 3.854,
  "max_cos": 0.6697358085995372,
  "mean_cos": 0.16491931727176853,
  "accepted": 82,
  "calls": 82,
  "b1_gh": 1.9550290049130454,
  "slope": -0.040684710989207735,
  "logdet": 567.9537793448422,
  "log_b1": 8.414966807727717
}