{
  "dim": 82,
  "seed": "8449",
  "method": "ENUM",
  "beta": 30,
  "steps_budget": 82,
  "steps_done": 82,
  "time_s": 4.049,
  "max_cos": 0.5873296211094164,
  "mean_cos": 0.15949753289902602,
  "accepted": 64,
  "calls": 82,
  "b1_gh": 1.7651809082615533,
  "slope": -0.03709038847523549,
  "logdet": 568.2930744974166,
  "log_b1": 8.316952706622242
}