{
  "dim": 82,
  "seed": "2896",
  "method": "ENUM",
  "beta": 30,
  "steps_budget": 82,
  "steps_done": 82,
  "time_s": 2.674,
  "max_cos": 0.6421199413074941,
  "mean_cos": 0.1594546756425121,
  "accepted": 63,
  "calls": 82,
  "b1_gh": 1.7535766524220457,
  "slope": -0.03794915804741386,
  "logdet": 567.8151226935346,
  "log_b1": 8.304528346954525
}