{
  "dim": 82,
  "seed": "6917",
  "method": "ENUM",
  "beta": 30,
  "steps_budget": 82,
  "steps_done": 82,
  "time_s": 2.752,
  "max_cos": 0.5889852161460307,
  "mean_cos": 0.1601735630648413,
  "accepted": 63,
  "calls": 82,
  "b1_gh": 1.6953775435819045,
  "slope": -0.03841588226302671,
  "logdet": 567.9666588480078,
  "log_b1": 8.272624300845543
}