{
  "dim": 82,
  "seed": "2896",
  "method": "ENUM_SIEVE",
  "beta": 40,
  "steps_budget": 82,
  "steps_done": 82,
  "time_s": 1.283,
  "max_cos": 0.571576408162701,
  "mean_cos": 0.15823548721592826,
  "accepted": 82,
  "calls": 82,
  "b1_gh": 1.4880872513227725,
  "slope": -0.03947529276965763,
  "logdet": 567.8151226935345,
  "log_b1": 8.140362414689228
}