{
  "dim": 82,
  "seed": "5001",
  "method": "ENUM_SIEVE",
  "beta": 40,
  "steps_budget": 82,
  "steps_done": 82,
  "time_s": 1.316,
  "max_cos": 0.6942862116272185,
  "mean_cos": 0.15467406855400984,
  "accepted": 82,
  "calls": 82,
  "b1_gh": 1.6472273381393323,
  "slope": -0.03930098059514036,
  "logdet": 568.2595478692245,
  "log_b1": 8.247384135898637
}