{
  "dim": 82,
  "seed": "5850",
  "method": "ENUM",
  "beta": 30,
  "steps_budget": 82,
  "steps_done": 82,
  "time_s": 4.106,
  "max_cos": 0.5926563047516626,
  "mean_cos": 0.15980649322160254,
  "accepted": 57,
  "calls": 82,
  "b1_gh": 1.8985025536230884,
  "slope": -0.040033018067555416,
  "logdet": 567.9537793448421,
  "log_b1": 8.385627223890653
}