{
  "dim": 82,
  "seed": "0",
  "method": "ENUM",
  "beta": 30,
  "steps_budget": 82,
  "steps_done": 82,
  "time_s": 4.074,
  "max_cos": 0.637660154248976,
  "mean_cos": 0.1563125298367271,
  "accepted": 63,
  "calls": 82,
  "b1_gh": 1.6902728595851246,
  "slope": -0.03773768763987375,
  "logdet": 567.7298976138356,
  "log_b1": 8.26672148439379
}