{
  "dim": 82,
  "seed": "93",
  "method": "ENUM",
  "beta": 30,
  "steps_budget": 82,
  "steps_done": 82,
  "time_s": 2.71,
  "max_cos": 0.6843176566819499,
  "mean_cos": 0.15942640361713367,
  "accepted": 59,
  "calls": 82,
  "b1_gh": 1.7421294472415196,
  "slope": -0.04025980594459676,
  "logdet": 567.8358998196084,
  "log_b1": 8.298232408164612
}