{
  "dim": 82,
  "seed": "0",
  "method": "ENUM_SIEVE",
  "beta": 40,
  "steps_budget": 82,
  "steps_done": 82,
  "time_s": 1.325,
  "max_cos": 0.6032199793279495,
  "mean_cos": 0.1555578778492507,
  "accepted": 82,
  "calls": 82,
  "b1_gh": 1.7314172298599775,
  "slope": -0.03847797208139319,
  "logdet": 567.7298976138356,
  "log_b1": 8.290771794269007
}