{
  "dim": 82,
  "seed": "1",
  "method": "ENUM",
  "beta": 30,
  "steps_budget": 82,
  "steps_done": 82,
  "time_s": 4.009,
  "max_cos": 0.6593164436568049,
  "mean_cos": 0.15897021417028215,
  "accepted": 65,
  "calls": 82,
  "b1_gh": 1.7284650718222583,
  "slope": -0.03875584432412053,
  "logdet": 568.0996281767566,
  "log_b1": 8.293574195375973
}