{
  "dim": 82,
  "seed": "6917",
  "method": "ENUM_SIEVE",
  "beta": 40,
  "steps_budget": 82,
  "steps_done": 82,
  "time_s": 1.303,
  "max_cos": 0.6260356862935498,
  "mean_cos": 0.1563550826403485,
  "accepted": 82,
  "calls": 82,
  "b1_gh": 1.6466919660870996,
  "slope": -0.0367520492540658,
  "logdet": 567.9666588480078,
  "log_b1": 8.243487251673763
}