{
  "dim": 82,
  "seed": "5850",
  "method": "ENUM_SIEVE",
  "beta": 40,
  "steps_budget": 82,
  "steps_done": 82,
  "time_s": 1.267,
  "max_cos": 0.5890477032922182,
  "mean_cos": 0.1497706681332661,
  "accepted": 82,
  "calls": 82,
  "b1_gh": 1.720978726720235,
  "slope": -0.039967524518544996,
  "logdet": 567.9537793448419,
  "log_b1": 8.287454934281504
}