{
  "dim": 82,
  "seed": "1",
  "method": "ENUM_SIEVE",
  "beta": 40,
  "steps_budget": 82,
  "steps_done": 82,
  "time_s": 1.293,
  "max_cos": 0.6560320252778814,
  "mean_cos": 0.1568132679868675,
  "accepted": 82,
  "calls": 82,
  "b1_gh": 1.779807114422416,
  "slope": -0.04018459502731554,
  "logdet": 568.0996281767566,
  "log_b1": 8.322845418167724
}