{
  "dim": 82,
  "seed": "155",
  "method": "ENUM_SIEVE",
  "beta": 40,
  "steps_budget": 82,
  "steps_done": 82,
  "time_s": 1.336,
  "max_cos": 0.5995972509327235,
  "mean_cos": 0.15377012186483732,
  "accepted": 82,
  "calls": 82,
  "b1_gh": 1.6770829617237177,
  "slope": -0.03775007852645274,
  "logdet": 567.9678135954366,
  "log_b1": 8.261788879460992
}