{
  "dim": 82,
  "seed": "155",
  "method": "ENUM",
  "beta": 30,
  "steps_budget": 82,
  "steps_done": 82,
  "time_s": 4.135,
  "max_cos": 0.5922294002345805,
  "mean_cos": 0.16133746532204601,
  "accepted": 66,
  "calls": 82,
  "b1_gh": 1.7810156462189606,
  "slope": -0.038121259901908525,
  "logdet": 567.9678135954368,
  "log_b1": 8.321916716869435
}