{
  "dim": 82,
  "seed": "8449",
  "method": "ENUM_SIEVE",
  "beta": 40,
  "steps_budget": 82,
  "steps_done": 82,
  "time_s": 1.291,
  "max_cos": 0.605889820059496,
  "mean_cos": 0.1572491986969813,
  "accepted": 82,
  "calls": 82,
  "b1_gh": 1.7104131957650877,
  "slope": -0.03954034746002249,
  "logdet": 568.2930744974165,
  "log_b1": 8.285434500166776
}