{
  "dim": 82,
  "seed": "5001",
  "method": "ENUM",
  "beta": 30,
  "steps_budget": 82,
  "steps_done": 82,
  "time_s": 4.114,
  "max_cos": 0.6223077852149925,
  "mean_cos": 0.160297234985195,
  "accepted": 67,
  "calls": 82,
  "b1_gh": 1.8149466631127509,
  "slope": -0.03853416750912357,
  "logdet": 568.2595478692247,
  "log_b1": 8.344346743141752
}