{
  "dim": 82,
  "seed": "93",
  "method": "ENUM_SIEVE",
  "beta": 40,
  "steps_budget": 82,
  "steps_done": 82,
  "time_s": 1.289,
  "max_cos": 0.6146935215625051,
  "mean_cos": 0.15672758034867984,
  "accepted": 82,
  "calls": 82,
  "b1_gh": 1.6370648323365193,
  "slope": -0.03708926894578452,
  "logdet": 567.8358998196086,
  "log_b1": 8.236029124906286
}