{
  "dim": 82,
  "seed": "8449",
  "method": "LLL",
  "beta": 0,
  "steps_budget": 82,
  "steps_done": 1,
  "time_s": 2.433,
  "max_cos": 0.7241274076245509,
  "mean_cos": 0.16665012856038924,
  "accepted": 0,
  "calls": 0,
  "b1_gh": 2.3148458353295984,
  "slope": -0.04207807253479467,
  "logdet": 568.2930744974165,
  "log_b1": 8.588042615401509
}