{
  "dim": 82,
  "seed": "155",
  "method": "LLL",
  "beta": 0,
  "steps_budget": 82,
  "steps_done": 1,
  "time_s": 3.862,
  "max_cos": 0.6731897036210355,
  "mean_cos": 0.17237669372698658,
  "accepted": 0,
  "calls": 0,
  "b1_gh": 2.2294359135998816,
  "slope": -0.0410087889226679,
  "logdet": 567.9678135954367,
  "log_b1": 8.54648152745651
}