{
  "dim": 82,
  "seed": "2896",
  "method": "LLL",
  "beta": 0,
  "steps_budget": 82,
  "steps_done": 1,
  "time_s": 2.38,
  "max_cos": 0.7025158854030652,
  "mean_cos": 0.17357926021466705,
  "accepted": 0,
  "calls": 0,
  "b1_gh": 2.5212432831475113,
  "slope": -0.04452403641340107,
  "logdet": 567.8151226935342,
  "log_b1": 8.667622989542295
}