{
  "dim": 82,
  "seed": "93",
  "method": "LLL",
  "beta": 0,
  "steps_budget": 82,
  "steps_done": 1,
  "time_s": 2.395,
  "max_cos": 0.6884735049785455,
  "mean_cos": 0.1777264556708801,
  "accepted": 0,
  "calls": 0,
  "b1_gh": 2.599134853821549,
  "slope": -0.04318188230685186,
  "logdet": 567.8358998196084,
  "log_b1": 8.698302864066195
}