{
  "dim": 82,
  "seed": "5001",
  "method": "LLL",
  "beta": 0,
  "steps_budget": 82,
  "steps_done": 1,
  "time_s": 3.629,
  "max_cos": 0.6587302291478468,
  "mean_cos": 0.17906312684740047,
  "accepted": 0,
  "calls": 0,
  "b1_gh": 2.363507316717236,
  "slope": -0.043406466547302035,
  "logdet": 568.2595478692248,
  "log_b1": 8.608437329530652
}