{
  "dim": 82,
  "seed": "6917",
  "method": "LLL",
  "beta": 0,
  "steps_budget": 82,
  "steps_done": 1,
  "time_s": 2.456,
  "max_cos": 0.6344927829751942,
  "mean_cos": 0.17469830515403478,
  "accepted": 0,
  "calls": 0,
  "b1_gh": 2.3703930589963567,
  "slope": -0.04200237528079712,
  "logdet": 567.9666588480079,
  "log_b1": 8.607774634313184
}