{
  "dim": 82,
  "seed": "0",
  "method": "LLL",
  "beta": 0,
  "steps_budget": 82,
  "steps_done": 1,
  "time_s": 2.408,
  "max_cos": 0.669045032770377,
  "mean_cos": 0.16658928347060967,
  "accepted": 0,
  "calls": 0,
  "b1_gh": 2.302591747684576,
  "slope": -0.043069814152088284,
  "logdet": 567.7298976138354,
  "log_b1": 8.575866848454664
}