{
  "dim": 82,
  "seed": "5850",
  "method": "LLL",
  "beta": 0,
  "steps_budget": 82,
  "steps_done": 1,
  "time_s": 2.401,
  "max_cos": 0.6439851316791703,
  "mean_cos": 0.1790917891272348,
  "accepted": 0,
  "calls": 0,
  "b1_gh": 2.4574480473394957,
  "slope": -0.04208944278177961,
  "logdet": 567.953779344842,
  "log_b1": 8.643685210491622
}