{
  "dim": 82,
  "seed": "1",
  "method": "LLL",
  "beta": 0,
  "steps_budget": 82,
  "steps_done": 1,
  "time_s": 2.378,
  "max_cos": 0.6833740597172699,
  "mean_cos": 0.17099950796303418,
  "accepted": 0,
  "calls": 0,
  "b1_gh": 2.22022553393365,
  "slope": -0.04247116567798439,
  "logdet": 568.0996281767567,
  "log_b1": 8.543949205005514
}