{
  "dim": 83,
  "seed": "237",
  "method": "BKZ",
  "beta": 20,
  "steps_budget": 83,
  "steps_done": 83,
  "time_s": 4.009,
  "max_cos": 0.6238468522894383,
  "mean_cos": 0.1608429975116767,
  "accepted": 83,
  "calls": 83,
  "b1_gh": 1.9102040027734566,
  "slope": -0.041972505404565555,
  "logdet": 574.7340337247401,
  "log_b1": 8.395737922793462
}