{
  "dim": 83,
  "seed": "316",
  "method": "BKZ",
  "beta": 20,
  "steps_budget": 83,
  "steps_done": 83,
  "time_s": 4.151,
  "max_cos": 0.6623084358419682,
  "mean_cos": 0.1660629874586794,
  "accepted": 83,
  "calls": 83,
  "b1_gh": 1.912066154999045,
  "slope": -0.038694744561644734,
  "logdet": 574.9762317153478,
  "log_b1": 8.399630340708825
}