{
  "dim": 83,
  "seed": "0",
  "method": "BKZ",
  "beta": 20,
  "steps_budget": 83,
  "steps_done": 83,
  "time_s": 4.103,
  "max_cos": 0.5849863801735213,
  "mean_cos": 0.16197060575569722,
  "accepted": 83,
  "calls": 83,
  "b1_gh": 1.8282061564503753,
  "slope": -0.039990755286690396,
  "logdet": 574.8285018990081,
  "log_b1": 8.353001293202713
}