{
  "dim": 83,
  "seed": "6036",
  "method": "BKZ",
  "beta": 20,
  "steps_budget": 83,
  "steps_done": 83,
  "time_s": 2.64,
  "max_cos": 0.5917670042654306,
  "mean_cos": 0.15579049619982888,
  "accepted": 83,
  "calls": 83,
  "b1_gh": 1.7478317871256195,
  "slope": -0.037909907869784876,
  "logdet": 575.2778629395839,
  "log_b1": 8.313456078899938
}