{
  "dim": 83,
  "seed": "1",
  "method": "BKZ",
  "beta": 20,
  "steps_budget": 83,
  "steps_done": 83,
  "time_s": 4.192,
  "max_cos": 0.6667462654941743,
  "mean_cos": 0.15602748406661146,
  "accepted": 83,
  "calls": 83,
  "b1_gh": 1.8108130081092617,
  "slope": -0.04063365309921873,
  "logdet": 574.8504120233185,
  "log_b1": 8.34370594705879
}