{
  "dim": 83,
  "seed": "5123",
  "method": "BKZ",
  "beta": 20,
  "steps_budget": 83,
  "steps_done": 83,
  "time_s": 2.697,
  "max_cos": 0.567056852006269,
  "mean_cos": 0.16177142754751392,
  "accepted": 83,
  "calls": 83,
  "b1_gh": 1.9311583616519639,
  "slope": -0.03933077452740467,
  "logdet": 574.8678155232449,
  "log_b1": 8.408259717862135
}