{
  "dim": 83,
  "seed": "5121",
  "method": "BKZ",
  "beta": 20,
  "steps_budget": 83,
  "steps_done": 83,
  "time_s": 4.165,
  "max_cos": 0.5827141375593899,
  "mean_cos": 0.15744206488319135,
  "accepted": 83,
  "calls": 83,
  "b1_gh": 1.659137473463425,
  "slope": -0.03902308528030304,
  "logdet": 575.2394051145051,
  "log_b1": 8.260914563661963
}