{
  "dim": 83,
  "seed": "899",
  "method": "BKZ",
  "beta": 20,
  "steps_budget": 83,
  "steps_done": 83,
  "time_s": 4.095,
  "max_cos": 0.6104746198018324,
  "mean_cos": 0.15789819865336122,
  "accepted": 83,
  "calls": 83,
  "b1_gh": 1.8655751122310549,
  "slope": -0.03975035290361209,
  "logdet": 575.1067618300864,
  "log_b1": 8.37658795549671
}