{
  "dim": 83,
  "seed": "64",
  "method": "BKZ",
  "beta": 20,
  "steps_budget": 83,
  "steps_done": 83,
  "time_s": 4.029,
  "max_cos": 0.6333934569385478,
  "mean_cos": 0.16434187023173202,
  "accepted": 83,
  "calls": 83,
  "b1_gh": 1.8462572437100866,
  "slope": -0.03826098881546002,
  "logdet": 575.2979960720135,
  "log_b1": 8.368483084106957
}