{
  "dim": 83,
  "seed": "899",
  "method": "ENUM",
  "beta": 30,
  "steps_budget": 83,
  "steps_done": 83,
  "time_s": 4.242,
  "max_cos": 0.5832903307072328,
  "mean_cos": 0.15910928065698712,
  "accepted": 68,
  "calls": 83,
  "b1_gh": 1.7228009980469587,
  "slope": -0.03906947992159504,
  "logdet": 575.1067618300864,
  "log_b1": 8.296970032282518
}