{
  "dim": 83,
  "seed": "1",
  "method": "ENUM",
  "beta": 30,
  "steps_budget": 83,
  "steps_done": 83,
  "time_s": 2.786,
  "max_cos": 0.6506304321077878,
  "mean_cos": 0.15885719930786635,
  "accepted": 72,
  "calls": 83,
  "b1_gh": 1.742264892022209,
  "slope": -0.040467763693397225,
  "logdet": 574.8504120233184,
  "log_b1": 8.30511595575982
}