{
  "dim": 83,
  "seed": "5121",
  "method": "ENUM_SIEVE",
  "beta": 40,
  "steps_budget": 83,
  "steps_done": 83,
  "time_s": 1.321,
  "max_cos": 0.5722482401723277,
  "mean_cos": 0.15463474879932024,
  "accepted": 83,
  "calls": 83,
  "b1_gh": 1.545034341913006,
  "slope": -0.03871898567816072,
  "logdet": 575.2394051145051,
  "log_b1": 8.189662828506632
}