{
  "dim": 83,
  "seed": "0",
  "method": "ENUM",
  "beta": 30,
  "steps_budget": 83,
  "steps_done": 83,
  "time_s": 2.834,
  "max_cos": 0.5959231169323799,
  "mean_cos": 0.15774163755341974,
  "accepted": 71,
  "calls": 83,
  "b1_gh": 1.8381297653052724,
  "slope": -0.03864434952255256,
  "logdet": 574.8285018990078,
  "log_b1": 8.358414672282358
}