{
  "dim": 83,
  "seed": "316",
  "method": "ENUM",
  "beta": 30,
  "steps_budget": 83,
  "steps_done": 83,
  "time_s": 4.233,
  "max_cos": 0.593981002872318,
  "mean_cos": 0.15660038882188648,
  "accepted": 56,
  "calls": 83,
  "b1_gh": 1.7043717778892447,
  "slope": -0.03781728340330227,
  "logdet": 574.976231715348,
  "log_b1": 8.284642510905186
}