{
  "dim": 83,
  "seed": "316",
  "method": "ENUM_SIEVE",
  "beta": 40,
  "steps_budget": 83,
  "steps_done": 83,
  "time_s": 1.356,
  "max_cos": 0.6392479252814799,
  "mean_cos": 0.15849109075537887,
  "accepted": 83,
  "calls": 83,
  "b1_gh": 1.6336928852153318,
  "slope": -0.03811157296619014,
  "logdet": 574.976231715348,
  "log_b1": 8.242288952811169
}