{
  "dim": 83,
  "seed": "899",
  "method": "ENUM_SIEVE",
  "beta": 40,
  "steps_budget": 83,
  "steps_done": 83,
  "time_s": 1.335,
  "max_cos": 0.5853753936845686,
  "mean_cos": 0.15375626227461395,
  "accepted": 83,
  "calls": 83,
  "b1_gh": 1.6109069383932402,
  "slope": -0.03961639691301899,
  "logdet": 575.1067618300864,
  "log_b1": 8.229815914933882
}