{
  "dim": 83,
  "seed": "237",
  "method": "ENUM",
  "beta": 30,
  "steps_budget": 83,
  "steps_done": 83,
  "time_s": 4.262,
  "max_cos": 0.6561941143046152,
  "mean_cos": 0.16218992528003529,
  "accepted": 62,
  "calls": 83,
  "b1_gh": 1.796575160207351,
  "slope": -0.03907695677460252,
  "logdet": 574.7340337247401,
  "log_b1": 8.334410042420474
}