{
  "dim": 83,
  "seed": "64",
  "method": "ENUM_SIEVE",
  "beta": 40,
  "steps_budget": 83,
  "steps_done": 83,
  "time_s": 1.333,
  "max_cos": 0.6416143474184853,
  "mean_cos": 0.15689705503975532,
  "accepted": 83,
  "calls": 83,
  "b1_gh": 1.7375165986273184,
  "slope": -0.03880935297982163,
  "logdet": 575.2979960720133,
  "log_b1": 8.30777945735723
}