{
  "dim": 83,
  "seed": "5121",
  "method": "ENUM",
  "beta": 30,
  "steps_budget": 83,
  "steps_done": 83,
  "time_s": 2.822,
  "max_cos": 0.7008815495866018,
  "mean_cos": 0.15577040878739226,
  "accepted": 66,
  "calls": 83,
  "b1_gh": 1.659137473463425,
  "slope": -0.038430314878541524,
  "logdet": 575.2394051145051,
  "log_b1": 8.260914563661963
}