{
  "dim": 83,
  "seed": "64",
  "method": "ENUM",
  "beta": 30,
  "steps_budget": 83,
  "steps_done": 83,
  "time_s": 2.753,
  "max_cos": 0.579346631049105,
  "mean_cos": 0.16202753088051058,
  "accepted": 69,
  "calls": 83,
  "b1_gh": 1.7743435195271657,
  "slope": -0.039920741629677646,
  "logdet": 575.2979960720136,
  "log_b1": 8.328753112142225
}