{
  "dim": 83,
  "seed": "1",
  "method": "ENUM_SIEVE",
  "beta": 40,
  "steps_budget": 83,
  "steps_done": 83,
  "time_s": 1.391,
  "max_cos": 0.6187261602347023,
  "mean_cos": 0.16114835417489376,
  "accepted": 83,
  "calls": 83,
  "b1_gh": 1.7663023712746753,
  "slope": -0.03808883590218922,
  "logdet": 574.8504120233184,
  "log_b1": 8.318818332567254
}