{
  "dim": 83,
  "seed": "6036",
  "method": "ENUM",
  "beta": 30,
  "steps_budget": 83,
  "steps_done": 83,
  "time_s": 4.287,
  "max_cos": 0.5539568993436896,
  "mean_cos": 0.15696155249036992,
  "accepted": 64,
  "calls": 83,
  "b1_gh": 1.7363240700939169,
  "slope": -0.03728056816941728,
  "logdet": 575.2778629395837,
  "log_b1": 8.306850313056334
}