{
  "dim": 83,
  "seed": "237",
  "method": "ENUM_SIEVE",
  "beta": 40,
  "steps_budget": 83,
  "steps_done": 83,
  "time_s": 1.324,
  "max_cos": 0.6106486911989317,
  "mean_cos": 0.1589146282807899,
  "accepted": 83,
  "calls": 83,
  "b1_gh": 1.7112347834979171,
  "slope": -0.03939129227512994,
  "logdet": 574.7340337247399,
  "log_b1": 8.285743084245452
}