{
  "dim": 83,
  "seed": "5123",
  "method": "ENUM_SIEVE",
  "beta": 40,
  "steps_budget": 83,
  "steps_done": 83,
  "time_s": 1.398,
  "max_cos": 0.6218357754122632,
  "mean_cos": 0.1601364350544181,
  "accepted": 83,
  "calls": 83,
  "b1_gh": 1.833040466669585,
  "slope": -0.03768779301067805,
  "logdet": 574.867815523245,
  "log_b1": 8.356115752958015
}