{
  "dim": 83,
  "seed": "0",
  "method": "ENUM_SIEVE",
  "beta": 40,
  "steps_budget": 83,
  "steps_done": 83,
  "time_s": 1.317,
  "max_cos": 0.6720446793295013,
  "mean_cos": 0.15723669666386425,
  "accepted": 83,
  "calls": 83,
  "b1_gh": 1.689329947235973,
  "slope": -0.039160051972443,
  "logdet": 574.8285018990078,
  "log_b1": 8.273998018868157
}