{
  "dim": 83,
  "seed": "6036",
  "method": "ENUM_SIEVE",
  "beta": 40,
  "steps_budget": 83,
  "steps_done": 83,
  "time_s": 1.367,
  "max_cos": 0.5937720159200799,
  "mean_cos": 0.15436834686647946,
  "accepted": 83,
  "calls": 83,
  "b1_gh": 1.69447875311783,
  "slope": -0.03782068298850499,
  "logdet": 575.277862939584,
  "log_b1": 8.282455211172545
}