{
  "dim": 83,
  "seed": "5123",
  "method": "ENUM",
  "beta": 30,
  "steps_budget": 83,
  "steps_done": 83,
  "time_s": 2.821,
  "max_cos": 0.5845488224871466,
  "mean_cos": 0.15712488585059536,
  "accepted": 60,
  "calls": 83,
  "b1_gh": 1.7726168397858546,
  "slope": -0.039252364525764444,
  "logdet": 574.8678155232449,
  "log_b1": 8.322596602926787
}