{
  "dim": 83,
  "seed": "237",
  "method": "LLL",
  "beta": 0,
  "steps_budget": 83,
  "steps_done": 1,
  "time_s": 3.731,
  "max_cos": 0.6676814223471844,
  "mean_cos": 0.17432607488532853,
  "accepted": 0,
  "calls": 0,
  "b1_gh": 2.3872437874866272,
  "slope": -0.0441685184484583,
  "logdet": 574.73403372474,
  "log_b1": 8.618667352176114
}