{
  "dim": 83,
  "seed": "1",
  "method": "LLL",
  "beta": 0,
  "steps_budget": 83,
  "steps_done": 1,
  "time_s": 3.85,
  "max_cos": 0.7007647571036707,
  "mean_cos": 0.1689515136509555,
  "accepted": 0,
  "calls": 0,
  "b1_gh": 2.2381094733015825,
  "slope": -0.041929260541303165,
  "logdet": 574.8504120233185,
  "log_b1": 8.555561551257066
}