{
  "dim": 83,
  "seed": "6036",
  "method": "LLL",
  "beta": 0,
  "steps_budget": 83,
  "steps_done": 1,
  "time_s": 2.522,
  "max_cos": 0.6968455631840906,
  "mean_cos": 0.18090089840981674,
  "accepted": 0,
  "calls": 0,
  "b1_gh": 2.286883694053673,
  "slope": -0.041913840480712665,
  "logdet": 575.2778629395837,
  "log_b1": 8.58227009642068
}