{
  "dim": 83,
  "seed": "0",
  "method": "LLL",
  "beta": 0,
  "steps_budget": 83,
  "steps_done": 1,
  "time_s": 3.842,
  "max_cos": 0.636159740569637,
  "mean_cos": 0.1735909066068842,
  "accepted": 0,
  "calls": 0,
  "b1_gh": 2.517403993033908,
  "slope": -0.043881506285766175,
  "logdet": 574.8285018990082,
  "log_b1": 8.672894258525787
}