{
  "dim": 83,
  "seed": "64",
  "method": "LLL",
  "beta": 0,
  "steps_budget": 83,
  "steps_done": 1,
  "time_s": 2.478,
  "max_cos": 0.6589347824754133,
  "mean_cos": 0.16800691573832927,
  "accepted": 0,
  "calls": 0,
  "b1_gh": 2.5445115973180212,
  "slope": -0.0452657860694889,
  "logdet": 575.2979960720132,
  "log_b1": 8.68926133061401
}