{
  "dim": 83,
  "seed": "5123",
  "method": "LLL",
  "beta": 0,
  "steps_budget": 83,
  "steps_done": 1,
  "time_s": 2.483,
  "max_cos": 0.6751572117793431,
  "mean_cos": 0.16766923783261822,
  "accepted": 0,
  "calls": 0,
  "b1_gh": 2.0665283954142804,
  "slope": -0.04274129846123744,
  "logdet": 574.8678155232448,
  "log_b1": 8.47600980330128
}