{
  "dim": 83,
  "seed": "316",
  "method": "LLL",
  "beta": 0,
  "steps_budget": 83,
  "steps_done": 1,
  "time_s": 2.498,
  "max_cos": 0.6702606014904944,
  "mean_cos": 0.17417239636924242,
  "accepted": 0,
  "calls": 0,
  "b1_gh": 2.535508996263982,
  "slope": -0.042039851931289014,
  "logdet": 574.9762317153479,
  "log_b1": 8.681840331152179
}