{
  "dim": 83,
  "seed": "5121",
  "method": "LLL",
  "beta": 0,
  "steps_budget": 83,
  "steps_done": 1,
  "time_s": 2.538,
  "max_cos": 0.5827457221164617,
  "mean_cos": 0.1671812092513663,
  "accepted": 0,
  "calls": 0,
  "b1_gh": 1.6591374734634308,
  "slope": -0.040798985220544974,
  "logdet": 575.2394051145047,
  "log_b1": 8.260914563661963
}