{
  "dim": 83,
  "seed": "899",
  "method": "LLL",
  "beta": 0,
  "steps_budget": 83,
  "steps_done": 1,
  "time_s": 3.832,
  "max_cos": 0.6598185548735634,
  "mean_cos": 0.17363320364841736,
  "accepted": 0,
  "calls": 0,
  "b1_gh": 2.415937248792996,
  "slope": -0.04262946720743349,
  "logdet": 575.1067618300863,
  "log_b1": 8.635105885321634
}