{
  "dim": 84,
  "seed": "1",
  "method": "BKZ",
  "beta": 20,
  "steps_budget": 84,
  "steps_done": 84,
  "time_s": 2.786,
  "max_cos": 0.6170725915999028,
  "mean_cos": 0.1600771567132619,
  "accepted": 84,
  "calls": 84,
  "b1_gh": 1.765588125965159,
  "slope": -0.039060152351048094,
  "logdet": 581.9878755539246,
  "log_b1": 8.326592204868268
}