{
  "dim": 84,
  "seed": "9",
  "method": "BKZ",
  "beta": 20,
  "steps_budget": 84,
  "steps_done": 84,
  "time_s": 2.817,
  "max_cos": 0.5784456251800668,
  "mean_cos": 0.16505063555863644,
  "accepted": 84,
  "calls": 84,
  "b1_gh": 1.9084549946765066,
  "slope": -0.039958857869566516,
  "logdet": 581.9530773268951,
  "log_b1": 8.403988100944293
}