{
  "dim": 84,
  "seed": "673",
  "method": "BKZ",
  "beta": 20,
  "steps_budget": 84,
  "steps_done": 84,
  "time_s": 4.203,
  "max_cos": 0.5824074279375164,
  "mean_cos": 0.1622424622124982,
  "accepted": 84,
  "calls": 84,
  "b1_gh": 2.057660502756559,
  "slope": -0.04147591805225632,
  "logdet": 582.1774213326016,
  "log_b1": 8.481934510664734
}