{
  "dim": 84,
  "seed": "2",
  "method": "BKZ",
  "beta": 20,
  "steps_budget": 84,
  "steps_done": 84,
  "time_s": 2.777,
  "max_cos": 0.6338746484035777,
  "mean_cos": 0.1622404744244995,
  "accepted": 84,
  "calls": 84,
  "b1_gh": 1.986032721311863,
  "slope": -0.0391996458616794,
  "logdet": 582.1723564834069,
  "log_b1": 8.446443597159352
}