{
  "dim": 84,
  "seed": "0",
  "method": "BKZ",
  "beta": 20,
  "steps_budget": 84,
  "steps_done": 84,
  "time_s": 4.3,
  "max_cos": 0.6230698544998639,
  "mean_cos": 0.1608267049587754,
  "accepted": 84,
  "calls": 84,
  "b1_gh": 1.917100324446885,
  "slope": -0.03966785250647881,
  "logdet": 581.7110274979525,
  "log_b1": 8.405626340734877
}