{
  "dim": 84,
  "seed": "311",
  "method": "BKZ",
  "beta": 20,
  "steps_budget": 84,
  "steps_done": 84,
  "time_s": 2.87,
  "max_cos": 0.6561859420405435,
  "mean_cos": 0.15653757482765945,
  "accepted": 84,
  "calls": 84,
  "b1_gh": 1.7094337903992831,
  "slope": -0.03987524460616297,
  "logdet": 581.8098469915615,
  "log_b1": 8.292151165453372
}