{
  "dim": 84,
  "seed": "3",
  "method": "BKZ",
  "beta": 20,
  "steps_budget": 84,
  "steps_done": 84,
  "time_s": 2.837,
  "max_cos": 0.6311334508964523,
  "mean_cos": 0.15908156972512652,
  "accepted": 84,
  "calls": 84,
  "b1_gh": 1.8266403035809853,
  "slope": -0.038766196095545616,
  "logdet": 582.1268837313143,
  "log_b1": 8.362241593238926
}