{
  "dim": 84,
  "seed": "826",
  "method": "BKZ",
  "beta": 20,
  "steps_budget": 84,
  "steps_done": 84,
  "time_s": 2.843,
  "max_cos": 0.594874145801624,
  "mean_cos": 0.15404448542757765,
  "accepted": 84,
  "calls": 84,
  "b1_gh": 2.0170898495564975,
  "slope": -0.03929561279087346,
  "logdet": 582.1465225790038,
  "log_b1": 8.46165281331928
}