{
  "dim": 84,
  "seed": "1175",
  "method": "BKZ",
  "beta": 20,
  "steps_budget": 84,
  "steps_done": 84,
  "time_s": 4.378,
  "max_cos": 0.6416622319933633,
  "mean_cos": 0.1616237885925794,
  "accepted": 84,
  "calls": 84,
  "b1_gh": 1.8438851972192198,
  "slope": -0.03967160567318822,
  "logdet": 581.9849289118836,
  "log_b1": 8.369948140793896
}