{
  "dim": 84,
  "seed": "1",
  "method": "ENUM",
  "beta": 30,
  "steps_budget": 84,
  "steps_done": 84,
  "time_s": 4.443,
  "max_cos": 0.6021567694740068,
  "mean_cos": 0.1622441189480546,
  "accepted": 63,
  "calls": 84,
  "b1_gh": 1.7398012648271985,
  "slope": -0.037195950108203056,
  "logdet": 581.9878755539244,
  "log_b1": 8.311879245229578
}