{
  "dim": 84,
  "seed": "2",
  "method": "ENUM",
  "beta": 30,
  "steps_budget": 84,
  "steps_done": 84,
  "time_s": 4.5,
  "max_cos": 0.6632436237670676,
  "mean_cos": 0.16298828542782465,
  "accepted": 57,
  "calls": 84,
  "b1_gh": 1.8875706432414494,
  "slope": -0.039727395883491085,
  "logdet": 582.1723564834066,
  "log_b1": 8.39559518400781
}