{
  "dim": 84,
  "seed": "311",
  "method": "ENUM",
  "beta": 30,
  "steps_budget": 84,
  "steps_done": 84,
  "time_s": 4.476,
  "max_cos": 0.6554190135509256,
  "mean_cos": 0.1596721026369845,
  "accepted": 71,
  "calls": 84,
  "b1_gh": 1.8712417726899442,
  "slope": -0.03923233426026586,
  "logdet": 581.8098469915617,
  "log_b1": 8.382591226545573
}