{
  "dim": 84,
  "seed": "9",
  "method": "ENUM_SIEVE",
  "beta": 40,
  "steps_budget": 84,
  "steps_done": 84,
  "time_s": 1.423,
  "max_cos": 0.5922255634725176,
  "mean_cos": 0.15320014273340452,
  "accepted": 84,
  "calls": 84,
  "b1_gh": 1.8054591332229697,
  "slope": -0.03955864637428136,
  "logdet": 581.953077326895,
  "log_b1": 8.348509016410782
}