{
  "dim": 84,
  "seed": "3",
  "method": "ENUM",
  "beta": 30,
  "steps_budget": 84,
  "steps_done": 84,
  "time_s": 2.895,
  "max_cos": 0.6074278104393389,
  "mean_cos": 0.16141087422218958,
  "accepted": 63,
  "calls": 84,
  "b1_gh": 1.8149956011693562,
  "slope": -0.039629944233130404,
  "logdet": 582.126883731314,
  "log_b1": 8.355846257513159
}