{
  "dim": 84,
  "seed": "0",
  "method": "ENUM",
  "beta": 30,
  "steps_budget": 84,
  "steps_done": 84,
  "time_s": 2.922,
  "max_cos": 0.5756634632737934,
  "mean_cos": 0.15595384254431238,
  "accepted": 63,
  "calls": 84,
  "b1_gh": 1.850112640355799,
  "slope": -0.04017401812728086,
  "logdet": 581.7110274979524,
  "log_b1": 8.370059067868176
}