{
  "dim": 84,
  "seed": "1",
  "method": "ENUM_SIEVE",
  "beta": 40,
  "steps_budget": 84,
  "steps_done": 84,
  "time_s": 1.383,
  "max_cos": 0.6041907906087866,
  "mean_cos": 0.1566306906606004,
  "accepted": 84,
  "calls": 84,
  "b1_gh": 1.7277675380979707,
  "slope": -0.0379808769829136,
  "logdet": 581.9878755539243,
  "log_b1": 8.304938488911471
}