{
  "dim": 84,
  "seed": "673",
  "method": "ENUM",
  "beta": 30,
  "steps_budget": 84,
  "steps_done": 84,
  "time_s": 4.365,
  "max_cos": 0.5875495585211118,
  "mean_cos": 0.15529012074033044,
  "accepted": 59,
  "calls": 84,
  "b1_gh": 1.7508180640463724,
  "slope": -0.03869163299480832,
  "logdet": 582.1774213326013,
  "log_b1": 8.320447995384969
}