{
  "dim": 84,
  "seed": "826",
  "method": "ENUM_SIEVE",
  "beta": 40,
  "steps_budget": 84,
  "steps_done": 84,
  "time_s": 1.456,
  "max_cos": 0.5962454424622307,
  "mean_cos": 0.15331812028949227,
  "accepted": 84,
  "calls": 84,
  "b1_gh": 1.8625815750352746,
  "slope": -0.04298469134523972,
  "logdet": 582.1465225790035,
  "log_b1": 8.38196047819236
}