{
  "dim": 84,
  "seed": "1175",
  "method": "ENUM_SIEVE",
  "beta": 40,
  "steps_budget": 84,
  "steps_done": 84,
  "time_s": 1.442,
  "max_cos": 0.6066359377205208,
  "mean_cos": 0.16230037244823756,
  "accepted": 84,
  "calls": 84,
  "b1_gh": 1.9322784493474945,
  "slope": -0.039422412310197726,
  "logdet": 581.9849289118835,
  "log_b1": 8.416773125397269
}