{
  "dim": 84,
  "seed": "9",
  "method": "ENUM",
  "beta": 30,
  "steps_budget": 84,
  "steps_done": 84,
  "time_s": 4.579,
  "max_cos": 0.6056451008294016,
  "mean_cos": 0.15378905205169194,
  "accepted": 68,
  "calls": 84,
  "b1_gh": 1.5731763462956985,
  "slope": -0.0388427956128503,
  "logdet": 581.953077326895,
  "log_b1": 8.210790815589508
}