{
  "dim": 84,
  "seed": "0",
  "method": "ENUM_SIEVE",
  "beta": 40,
  "steps_budget": 84,
  "steps_done": 84,
  "time_s": 1.369,
  "max_cos": 0.6177671346765595,
  "mean_cos": 0.15494456483189908,
  "accepted": 84,
  "calls": 84,
  "b1_gh": 1.7696250990291258,
  "slope": -0.039237870777377504,
  "logdet": 581.7110274979525,
  "log_b1": 8.325580259645688
}