{
  "dim": 84,
  "seed": "1175",
  "method": "ENUM",
  "beta": 30,
  "steps_budget": 84,
  "steps_done": 84,
  "time_s": 4.468,
  "max_cos": 0.5802464988262359,
  "mean_cos": 0.15797285831586977,
  "accepted": 67,
  "calls": 84,
  "b1_gh": 1.7549153206627446,
  "slope": -0.03766706809749281,
  "logdet": 581.9849289118833,
  "log_b1": 8.320493880490002
}