{
  "dim": 84,
  "seed": "311",
  "method": "ENUM_SIEVE",
  "beta": 40,
  "steps_budget": 84,
  "steps_done": 84,
  "time_s": 1.486,
  "max_cos": 0.5732825921394025,
  "mean_cos": 0.1559846881180433,
  "accepted": 84,
  "calls": 84,
  "b1_gh": 1.7094337903992831,
  "slope": -0.03812339004214665,
  "logdet": 581.8098469915615,
  "log_b1": 8.292151165453372
}