{
  "dim": 84,
  "seed": "2",
  "method": "ENUM_SIEVE",
  "beta": 40,
  "steps_budget": 84,
  "steps_done": 84,
  "time_s": 1.401,
  "max_cos": 0.6554229397724441,
  "mean_cos": 0.1604005242891876,
  "accepted": 84,
  "calls": 84,
  "b1_gh": 1.7866257767829068,
  "slope": -0.03921228166042587,
  "logdet": 582.1723564834066,
  "log_b1": 8.340633355707988
}