{
  "dim": 84,
  "seed": "826",
  "method": "ENUM",
  "beta": 30,
  "steps_budget": 84,
  "steps_done": 84,
  "time_s": 4.44,
  "max_cos": 0.6538560131038061,
  "mean_cos": 0.15795702469754103,
  "accepted": 67,
  "calls": 84,
  "b1_gh": 1.7732297655522005,
  "slope": -0.03891269707511593,
  "logdet": 582.1465225790038,
  "log_b1": 8.332799619299093
}