{
  "dim": 84,
  "seed": "673",
  "method": "ENUM_SIEVE",
  "beta": 40,
  "steps_budget": 84,
  "steps_done": 84,
  "time_s": 1.413,
  "max_cos": 0.5926124868157484,
  "mean_cos": 0.1590269647848127,
  "accepted": 84,
  "calls": 84,
  "b1_gh": 1.7911290707698122,
  "slope": -0.039300427755747845,
  "logdet": 582.1774213326016,
  "log_b1": 8.343211038304725
}