{
  "dim": 84,
  "seed": "3",
  "method": "ENUM_SIEVE",
  "beta": 40,
  "steps_budget": 84,
  "steps_done": 84,
  "time_s": 1.436,
  "max_cos": 0.6320279256295004,
  "mean_cos": 0.16120074999318418,
  "accepted": 84,
  "calls": 84,
  "b1_gh": 1.9282475941849244,
  "slope": -0.039149014283205864,
  "logdet": 582.1268837313141,
  "log_b1": 8.416374821561012
}