{
  "dim": 84,
  "seed": "1",
  "method": "LLL",
  "beta": 0,
  "steps_budget": 84,
  "steps_done": 1,
  "time_s": 4.039,
  "max_cos": 0.6309794910543036,
  "mean_cos": 0.17502507691729663,
  "accepted": 0,
  "calls": 0,
  "b1_gh": 2.367553565082131,
  "slope": -0.04114607641644631,
  "logdet": 581.9878755539246,
  "log_b1": 8.619965525131633
}