{
  "dim": 84,
  "seed": "1175",
  "method": "LLL",
  "beta": 0,
  "steps_budget": 84,
  "steps_done": 1,
  "time_s": 2.642,
  "max_cos": 0.6460165954478075,
  "mean_cos": 0.16684826704406833,
  "accepted": 0,
  "calls": 0,
  "b1_gh": 2.218218905993409,
  "slope": -0.042179075022039145,
  "logdet": 581.9849289118832,
  "log_b1": 8.554777854346945
}