{
  "dim": 84,
  "seed": "0",
  "method": "LLL",
  "beta": 0,
  "steps_budget": 84,
  "steps_done": 1,
  "time_s": 2.588,
  "max_cos": 0.5979983780195034,
  "mean_cos": 0.1643375164420942,
  "accepted": 0,
  "calls": 0,
  "b1_gh": 2.1220238627308827,
  "slope": -0.04190748477198528,
  "logdet": 581.7110274979524,
  "log_b1": 8.507182829477482
}