{
  "dim": 84,
  "seed": "9",
  "method": "LLL",
  "beta": 0,
  "steps_budget": 84,
  "steps_done": 1,
  "time_s": 2.588,
  "max_cos": 0.7280493461589159,
  "mean_cos": 0.18314865487583828,
  "accepted": 0,
  "calls": 0,
  "b1_gh": 2.683674417116784,
  "slope": -0.04316976757363695,
  "logdet": 581.9530773268946,
  "log_b1": 8.744880996188604
}