{
  "dim": 84,
  "seed": "311",
  "method": "LLL",
  "beta": 0,
  "steps_budget": 84,
  "steps_done": 1,
  "time_s": 2.703,
  "max_cos": 0.5978158594541746,
  "mean_cos": 0.17002099562988093,
  "accepted": 0,
  "calls": 0,
  "b1_gh": 2.0846313194995494,
  "slope": -0.04179930715610558,
  "logdet": 581.8098469915616,
  "log_b1": 8.490580980930893
}