{
  "dim": 84,
  "seed": "673",
  "method": "LLL",
  "beta": 0,
  "steps_budget": 84,
  "steps_done": 1,
  "time_s": 2.633,
  "max_cos": 0.6487521436124952,
  "mean_cos": 0.1790419674832794,
  "accepted": 0,
  "calls": 0,
  "b1_gh": 2.5447226350285184,
  "slope": -0.04363943455082211,
  "logdet": 582.1774213326015,
  "log_b1": 8.694386511299564
}