{
  "dim": 84,
  "seed": "2",
  "method": "LLL",
  "beta": 0,
  "steps_budget": 84,
  "steps_done": 1,
  "time_s": 2.651,
  "max_cos": 0.6864150040506625,
  "mean_cos": 0.17109663791988783,
  "accepted": 0,
  "calls": 0,
  "b1_gh": 2.089217694200626,
  "slope": -0.042721320389379126,
  "logdet": 582.1723564834066,
  "log_b1": 8.497094242594954
}