{
  "dim": 84,
  "seed": "826",
  "method": "LLL",
  "beta": 0,
  "steps_budget": 84,
  "steps_done": 1,
  "time_s": 4.048,
  "max_cos": 0.6982746376240682,
  "mean_cos": 0.17448395053489554,
  "accepted": 0,
  "calls": 0,
  "b1_gh": 2.4527359437121112,
  "slope": -0.04275072375491858,
  "logdet": 582.1465225790039,
  "log_b1": 8.657201122420405
}