{
  "dim": 84,
  "seed": "3",
  "method": "LLL",
  "beta": 0,
  "steps_budget": 84,
  "steps_done": 1,
  "time_s": 2.653,
  "max_cos": 0.6718981643587739,
  "mean_cos": 0.16722614174801162,
  "accepted": 0,
  "calls": 0,
  "b1_gh": 2.0245712507094096,
  "slope": -0.042146954096517204,
  "logdet": 582.126883731314,
  "log_b1": 8.465121163493652
}