{
  "dim": 85,
  "seed": "785",
  "method": "BKZ",
  "beta": 20,
  "steps_budget": 85,
  "steps_done": 85,
  "time_s": 2.897,
  "max_cos": 0.6420467966272061,
  "mean_cos": 0.15900651554589398,
  "accepted": 85,
  "calls": 85,
  "b1_gh": 1.909429737428418,
  "slope": -0.03924891465718116,
  "logdet": 588.8446588656465,
  "log_b1": 8.409665963197687
}