{
  "dim": 85,
  "seed": "0",
  "method": "BKZ",
  "beta": 20,
  "steps_budget": 85,
  "steps_done": 85,
  "time_s": 4.738,
  "max_cos": 0.7049319351255352,
  "mean_cos": 0.16531964967202464,
  "accepted": 85,
  "calls": 85,
  "b1_gh": 1.901248800344993,
  "slope": -0.039542585174073275,
  "logdet": 588.758175336043,
  "log_b1": 8.404354812829954
}