{
  "dim": 85,
  "seed": "204",
  "method": "BKZ",
  "beta": 20,
  "steps_budget": 85,
  "steps_done": 85,
  "time_s": 2.979,
  "max_cos": 0.6474045193246083,
  "mean_cos": 0.15556515896464776,
  "accepted": 85,
  "calls": 85,
  "b1_gh": 1.8404072326341534,
  "slope": -0.03753073370557314,
  "logdet": 588.5435044136605,
  "log_b1": 8.36930520817427
}