{
  "dim": 85,
  "seed": "2",
  "method": "BKZ",
  "beta": 20,
  "steps_budget": 85,
  "steps_done": 85,
  "time_s": 4.468,
  "max_cos": 0.6062188946879361,
  "mean_cos": 0.16225644305372666,
  "accepted": 85,
  "calls": 85,
  "b1_gh": 2.006238110089206,
  "slope": -0.03921461503351668,
  "logdet": 589.0844369387207,
  "log_b1": 8.461943632460589
}