{
  "dim": 85,
  "seed": "1",
  "method": "BKZ",
  "beta": 20,
  "steps_budget": 85,
  "steps_done": 85,
  "time_s": 2.891,
  "max_cos": 0.6069500528374583,
  "mean_cos": 0.16873207011483243,
  "accepted": 85,
  "calls": 85,
  "b1_gh": 2.0869077104851423,
  "slope": -0.040125092409919495,
  "logdet": 589.0704293545801,
  "log_b1": 8.501200861889062
}