{
  "dim": 85,
  "seed": "64",
  "method": "BKZ",
  "beta": 20,
  "steps_budget": 85,
  "steps_done": 85,
  "time_s": 4.471,
  "max_cos": 0.5875128551500638,
  "mean_cos": 0.15923617227263673,
  "accepted": 85,
  "calls": 85,
  "b1_gh": 1.8505428240598483,
  "slope": -0.03978064486063193,
  "logdet": 589.1343686150744,
  "log_b1": 8.38174869696596
}