{
  "dim": 85,
  "seed": "8",
  "method": "BKZ",
  "beta": 20,
  "steps_budget": 85,
  "steps_done": 85,
  "time_s": 4.125,
  "max_cos": 0.5833294017255091,
  "mean_cos": 0.1570762859960156,
  "accepted": 85,
  "calls": 85,
  "b1_gh": 1.765953308498968,
  "slope": -0.0395346480821416,
  "logdet": 588.8374362365716,
  "log_b1": 8.33146702310742
}