{
  "dim": 85,
  "seed": "5",
  "method": "BKZ",
  "beta": 20,
  "steps_budget": 85,
  "steps_done": 85,
  "time_s": 4.447,
  "max_cos": 0.6096639260698934,
  "mean_cos": 0.15639355679569084,
  "accepted": 85,
  "calls": 85,
  "b1_gh": 1.8711985386377112,
  "slope": -0.03977019924931912,
  "logdet": 589.050543667224,
  "log_b1": 8.391862661958227
}