{
  "dim": 85,
  "seed": "3",
  "method": "BKZ",
  "beta": 20,
  "steps_budget": 85,
  "steps_done": 85,
  "time_s": 4.415,
  "max_cos": 0.639741858289856,
  "mean_cos": 0.16851478085567703,
  "accepted": 85,
  "calls": 85,
  "b1_gh": 2.0585778725451487,
  "slope": -0.04036499517334957,
  "logdet": 589.1298558264099,
  "log_b1": 8.488231982137028
}