{
  "dim": 85,
  "seed": "8",
  "method": "ENUM",
  "beta": 30,
  "steps_budget": 85,
  "steps_done": 85,
  "time_s": 3.013,
  "max_cos": 0.5546025590482114,
  "mean_cos": 0.15975347577359347,
  "accepted": 62,
  "calls": 85,
  "b1_gh": 1.8059735041843816,
  "slope": -0.03956263121444647,
  "logdet": 588.8374362365723,
  "log_b1": 8.35387614429666
}