{
  "dim": 85,
  "seed": "2",
  "method": "ENUM",
  "beta": 30,
  "steps_budget": 85,
  "steps_done": 85,
  "time_s": 3.102,
  "max_cos": 0.5306725045412973,
  "mean_cos": 0.15298013848910516,
  "accepted": 63,
  "calls": 85,
  "b1_gh": 1.7793572922476777,
  "slope": -0.03808986800188038,
  "logdet": 589.0844369387207,
  "log_b1": 8.341934478348167
}