{
  "dim": 85,
  "seed": "1",
  "method": "ENUM_SIEVE",
  "beta": 40,
  "steps_budget": 85,
  "steps_done": 85,
  "time_s": 1.471,
  "max_cos": 0.7014167401810146,
  "mean_cos": 0.15953578879613697,
  "accepted": 85,
  "calls": 85,
  "b1_gh": 1.822916107811338,
  "slope": -0.0385572860599531,
  "logdet": 589.0704293545799,
  "log_b1": 8.365954931793274
}