{
  "dim": 85,
  "seed": "204",
  "method": "ENUM_SIEVE",
  "beta": 40,
  "steps_budget": 85,
  "steps_done": 85,
  "time_s": 1.457,
  "max_cos": 0.6989117205453483,
  "mean_cos": 0.15748420348771527,
  "accepted": 85,
  "calls": 85,
  "b1_gh": 1.704044924989716,
  "slope": -0.038268576959702885,
  "logdet": 588.5435044136606,
  "log_b1": 8.29232313144789
}