{
  "dim": 85,
  "seed": "5",
  "method": "ENUM_SIEVE",
  "beta": 40,
  "steps_budget": 85,
  "steps_done": 85,
  "time_s": 1.437,
  "max_cos": 0.6270617057042115,
  "mean_cos": 0.1573718133470735,
  "accepted": 85,
  "calls": 85,
  "b1_gh": 1.7164842299273513,
  "slope": -0.03809878387303144,
  "logdet": 589.0505436672237,
  "log_b1": 8.305561653178039
}