{
  "dim": 85,
  "seed": "785",
  "method": "ENUM",
  "beta": 30,
  "steps_budget": 85,
  "steps_done": 85,
  "time_s": 5.051,
  "max_cos": 0.5816997169847394,
  "mean_cos": 0.15624829397113704,
  "accepted": 66,
  "calls": 85,
  "b1_gh": 1.6978289384493972,
  "slope": -0.037572397055194974,
  "logdet": 588.8446588656464,
  "log_b1": 8.29221167236207
}