{
  "dim": 85,
  "seed": "64",
  "method": "ENUM_SIEVE",
  "beta": 40,
  "steps_budget": 85,
  "steps_done": 85,
  "time_s": 1.448,
  "max_cos": 0.5423521635318872,
  "mean_cos": 0.1520382043920659,
  "accepted": 85,
  "calls": 85,
  "b1_gh": 1.6009887478400142,
  "slope": -0.037474781372424985,
  "logdet": 589.1343686150745,
  "log_b1": 8.236891088286281
}