{
  "dim": 85,
  "seed": "204",
  "method": "ENUM",
  "beta": 30,
  "steps_budget": 85,
  "steps_done": 85,
  "time_s": 3.038,
  "max_cos": 0.6068990754638446,
  "mean_cos": 0.15137169715916432,
  "accepted": 67,
  "calls": 85,
  "b1_gh": 1.8073134898336547,
  "slope": -0.038688122602070295,
  "logdet": 588.5435044136603,
  "log_b1": 8.351159821870349
}