{
  "dim": 85,
  "seed": "0",
  "method": "ENUM_SIEVE",
  "beta": 40,
  "steps_budget": 85,
  "steps_done": 85,
  "time_s": 1.459,
  "max_cos": 0.6114013145381517,
  "mean_cos": 0.15513865177877464,
  "accepted": 85,
  "calls": 85,
  "b1_gh": 1.6583777186345667,
  "slope": -0.038311158755565324,
  "logdet": 588.758175336043,
  "log_b1": 8.267683725811079
}