{
  "dim": 85,
  "seed": "5",
  "method": "ENUM",
  "beta": 30,
  "steps_budget": 85,
  "steps_done": 85,
  "time_s": 3.03,
  "max_cos": 0.6425803265965995,
  "mean_cos": 0.15886260574240926,
  "accepted": 61,
  "calls": 85,
  "b1_gh": 1.837128540702275,
  "slope": -0.03912561927352666,
  "logdet": 589.050543667224,
  "log_b1": 8.373487283595683
}