{
  "dim": 85,
  "seed": "2",
  "method": "ENUM_SIEVE",
  "beta": 40,
  "steps_budget": 85,
  "steps_done": 85,
  "time_s": 1.453,
  "max_cos": 0.6639556263637311,
  "mean_cos": 0.15575512340693898,
  "accepted": 85,
  "calls": 85,
  "b1_gh": 1.7718288031472793,
  "slope": -0.03724121392446761,
  "logdet": 589.0844369387208,
  "log_b1": 8.33769448631351
}