{
  "dim": 85,
  "seed": "0",
  "method": "ENUM",
  "beta": 30,
  "steps_budget": 85,
  "steps_done": 85,
  "time_s": 3.108,
  "max_cos": 0.5887495207444181,
  "mean_cos": 0.1611485619719669,
  "accepted": 58,
  "calls": 85,
  "b1_gh": 1.8472077484196272,
  "slope": -0.03847244485329014,
  "logdet": 588.7581753360433,
  "log_b1": 8.375519052954038
}