{
  "dim": 85,
  "seed": "1",
  "method": "ENUM",
  "beta": 30,
  "steps_budget": 85,
  "steps_done": 85,
  "time_s": 4.614,
  "max_cos": 0.6186876741508733,
  "mean_cos": 0.156484411144355,
  "accepted": 67,
  "calls": 85,
  "b1_gh": 1.8459959274019369,
  "slope": -0.038998058989493094,
  "logdet": 589.07042935458,
  "log_b1": 8.378536385813472
}