{
  "dim": 85,
  "seed": "3",
  "method": "ENUM",
  "beta": 30,
  "steps_budget": 85,
  "steps_done": 85,
  "time_s": 4.597,
  "max_cos": 0.6010897404689205,
  "mean_cos": 0.162374844355924,
  "accepted": 68,
  "calls": 85,
  "b1_gh": 1.9240369859308348,
  "slope": -0.038405593952142984,
  "logdet": 589.12985582641,
  "log_b1": 8.420642166387937
}