{
  "dim": 85,
  "seed": "785",
  "method": "ENUM_SIEVE",
  "beta": 40,
  "steps_budget": 85,
  "steps_done": 85,
  "time_s": 1.423,
  "max_cos": 0.6225474405937474,
  "mean_cos": 0.16051546934870345,
  "accepted": 85,
  "calls": 85,
  "b1_gh": 1.7473676321492753,
  "slope": -0.03952382520408227,
  "logdet": 588.8446588656464,
  "log_b1": 8.320971777785555
}