{
  "dim": 85,
  "seed": "8",
  "method": "ENUM_SIEVE",
  "beta": 40,
  "steps_budget": 85,
  "steps_done": 85,
  "time_s": 1.444,
  "max_cos": 0.547436933601302,
  "mean_cos": 0.15570296865094765,
  "accepted": 85,
  "calls": 85,
  "b1_gh": 1.6059100322845654,
  "slope": -0.0402296496620035,
  "logdet": 588.8374362365719,
  "log_b1": 8.236466954611046
}