{
  "dim": 85,
  "seed": "64",
  "method": "ENUM",
  "beta": 30,
  "steps_budget": 85,
  "steps_done": 85,
  "time_s": 3.012,
  "max_cos": 0.6997897493828373,
  "mean_cos": 0.16138942513734264,
  "accepted": 69,
  "calls": 85,
  "b1_gh": 1.8319484208023733,
  "slope": -0.040321452601499434,
  "logdet": 589.1343686150745,
  "log_b1": 8.371649793775497
}