{
  "dim": 85,
  "seed": "3",
  "method": "ENUM_SIEVE",
  "beta": 40,
  "steps_budget": 85,
  "steps_done": 85,
  "time_s": 1.413,
  "max_cos": 0.584952300900936,
  "mean_cos": 0.15707256472319417,
  "accepted": 85,
  "calls": 85,
  "b1_gh": 1.788625815517064,
  "slope": -0.03885897339481671,
  "logdet": 589.1298558264104,
  "log_b1": 8.347664215063443
}