{
  "dim": 85,
  "seed": "0",
  "method": "LLL",
  "beta": 0,
  "steps_budget": 85,
  "steps_done": 1,
  "time_s": 4.251,
  "max_cos": 0.72467879813777,
  "mean_cos": 0.17652578978251812,
  "accepted": 0,
  "calls": 0,
  "b1_gh": 2.4827620904773475,
  "slope": -0.04224190032829492,
  "logdet": 588.7581753360435,
  "log_b1": 8.671215565803026
}