{
  "dim": 85,
  "seed": "3",
  "method": "LLL",
  "beta": 0,
  "steps_budget": 85,
  "steps_done": 1,
  "time_s": 2.734,
  "max_cos": 0.656783806263056,
  "mean_cos": 0.17569422310769067,
  "accepted": 0,
  "calls": 0,
  "b1_gh": 2.681612510520777,
  "slope": -0.044545191388824894,
  "logdet": 589.1298558264099,
  "log_b1": 8.75263488748666
}