{
  "dim": 85,
  "seed": "2",
  "method": "LLL",
  "beta": 0,
  "steps_budget": 85,
  "steps_done": 1,
  "time_s": 2.816,
  "max_cos": 0.6603904624378081,
  "mean_cos": 0.17894465035780674,
  "accepted": 0,
  "calls": 0,
  "b1_gh": 2.419249529933142,
  "slope": -0.0410512467456461,
  "logdet": 589.0844369387211,
  "log_b1": 8.649139631493426
}