{
  "dim": 85,
  "seed": "8",
  "method": "LLL",
  "beta": 0,
  "steps_budget": 85,
  "steps_done": 1,
  "time_s": 2.739,
  "max_cos": 0.6867081819043089,
  "mean_cos": 0.17929419828180673,
  "accepted": 0,
  "calls": 0,
  "b1_gh": 2.5252273583125704,
  "slope": -0.04277956053560793,
  "logdet": 588.8374362365722,
  "log_b1": 8.689107461973508
}