{
  "dim": 85,
  "seed": "204",
  "method": "LLL",
  "beta": 0,
  "steps_budget": 85,
  "steps_done": 1,
  "time_s": 2.814,
  "max_cos": 0.6012492203092666,
  "mean_cos": 0.16206609748295445,
  "accepted": 0,
  "calls": 0,
  "b1_gh": 2.0244104020875775,
  "slope": -0.04018076293967246,
  "logdet": 588.5435044136607,
  "log_b1": 8.46459683765815
}