{
  "dim": 85,
  "seed": "5",
  "method": "LLL",
  "beta": 0,
  "steps_budget": 85,
  "steps_done": 1,
  "time_s": 4.189,
  "max_cos": 0.6801941649264956,
  "mean_cos": 0.1704576848312858,
  "accepted": 0,
  "calls": 0,
  "b1_gh": 2.6796320633535884,
  "slope": -0.04432269333498847,
  "logdet": 589.0505436672237,
  "log_b1": 8.750963001950916
}