{
  "dim": 85,
  "seed": "1",
  "method": "LLL",
  "beta": 0,
  "steps_budget": 85,
  "steps_done": 1,
  "time_s": 4.161,
  "max_cos": 0.6487796829917831,
  "mean_cos": 0.1802590218417467,
  "accepted": 0,
  "calls": 0,
  "b1_gh": 2.3536790674840433,
  "slope": -0.043075069575891044,
  "logdet": 589.07042935458,
  "log_b1": 8.621497120484793
}