{
  "dim": 85,
  "seed": "64",
  "method": "LLL",
  "beta": 0,
  "steps_budget": 85,
  "steps_done": 1,
  "time_s": 2.687,
  "max_cos": 0.6748819335462433,
  "mean_cos": 0.17187025119975705,
  "accepted": 0,
  "calls": 0,
  "b1_gh": 2.204029644182059,
  "slope": -0.04293034651699918,
  "logdet": 589.1343686150745,
  "log_b1": 8.556557023877327
}