{
  "dim": 85,
  "seed": "785",
  "method": "LLL",
  "beta": 0,
  "steps_budget": 85,
  "steps_done": 1,
  "time_s": 4.225,
  "max_cos": 0.6396889050217085,
  "mean_cos": 0.17171047753644886,
  "accepted": 0,
  "calls": 0,
  "b1_gh": 2.3363794697126252,
  "slope": -0.042256375657669806,
  "logdet": 588.8446588656462,
  "log_b1": 8.61146382851013
}