{
  "dim": 86,
  "seed": "5233",
  "method": "BKZ",
  "beta": 20,
  "steps_budget": 86,
  "steps_done": 86,
  "time_s": 3.035,
  "max_cos": 0.690893888649092,
  "mean_cos": 0.15803472855895487,
  "accepted": 86,
  "calls": 86,
  "b1_gh": 1.7769259044866845,
  "slope": -0.03965724860924093,
  "logdet": 595.8250459423757,
  "log_b1": 8.343893483500672
}