{
  "dim": 86,
  "seed": "279",
  "method": "BKZ",
  "beta": 20,
  "steps_budget": 86,
  "steps_done": 86,
  "time_s": 3.012,
  "max_cos": 0.6126845806614912,
  "mean_cos": 0.16111163301181494,
  "accepted": 86,
  "calls": 86,
  "b1_gh": 2.0180614968600947,
  "slope": -0.04012625241558103,
  "logdet": 595.7878187687751,
  "log_b1": 8.470713153684203
}