{
  "dim": 86,
  "seed": "8971",
  "method": "BKZ",
  "beta": 20,
  "steps_budget": 86,
  "steps_done": 86,
  "time_s": 3.056,
  "max_cos": 0.6308336567242566,
  "mean_cos": 0.15324858139966277,
  "accepted": 86,
  "calls": 86,
  "b1_gh": 1.7362779816191714,
  "slope": -0.03932991441796921,
  "logdet": 595.8578382585147,
  "log_b1": 8.321133669247686
}