{
  "dim": 86,
  "seed": "1755",
  "method": "BKZ",
  "beta": 20,
  "steps_budget": 86,
  "steps_done": 86,
  "time_s": 3.012,
  "max_cos": 0.5856811766083106,
  "mean_cos": 0.16064441334949778,
  "accepted": 86,
  "calls": 86,
  "b1_gh": 1.9353480598910726,
  "slope": -0.038253064439699586,
  "logdet": 595.6763085446281,
  "log_b1": 8.427566313759904
}