{
  "dim": 86,
  "seed": "2825",
  "method": "BKZ",
  "beta": 20,
  "steps_budget": 86,
  "steps_done": 86,
  "time_s": 4.693,
  "max_cos": 0.6163104925233912,
  "mean_cos": 0.15918634735426865,
  "accepted": 86,
  "calls": 86,
  "b1_gh": 1.8151969354317952,
  "slope": -0.039634133456060386,
  "logdet": 596.02382329883,
  "log_b1": 8.367513962976874
}