{
  "dim": 86,
  "seed": "2966",
  "method": "BKZ",
  "beta": 20,
  "steps_budget": 86,
  "steps_done": 86,
  "time_s": 4.656,
  "max_cos": 0.6355416625805937,
  "mean_cos": 0.15471419159867056,
  "accepted": 86,
  "calls": 86,
  "b1_gh": 2.049307436443615,
  "slope": -0.04003415094683565,
  "logdet": 595.946916044418,
  "log_b1": 8.487927626565714
}