{
  "dim": 86,
  "seed": "456",
  "method": "BKZ",
  "beta": 20,
  "steps_budget": 86,
  "steps_done": 86,
  "time_s": 3.083,
  "max_cos": 0.6225854361301143,
  "mean_cos": 0.155843853590498,
  "accepted": 86,
  "calls": 86,
  "b1_gh": 2.0105936035290215,
  "slope": -0.04008873742471693,
  "logdet": 595.7103891372017,
  "log_b1": 8.466105417111265
}