{
  "dim": 86,
  "seed": "446",
  "method": "BKZ",
  "beta": 20,
  "steps_budget": 86,
  "steps_done": 86,
  "time_s": 4.753,
  "max_cos": 0.6466333350210941,
  "mean_cos": 0.15866019586747232,
  "accepted": 86,
  "calls": 86,
  "b1_gh": 2.0070438659491985,
  "slope": -0.03948255665530355,
  "logdet": 595.7986176829028,
  "log_b1": 8.465364252875737
}