{
  "dim": 86,
  "seed": "249",
  "method": "BKZ",
  "beta": 20,
  "steps_budget": 86,
  "steps_done": 86,
  "time_s": 4.709,
  "max_cos": 0.6513075212178724,
  "mean_cos": 0.15966441371157697,
  "accepted": 86,
  "calls": 86,
  "b1_gh": 1.9288856489895312,
  "slope": -0.039063681388302386,
  "logdet": 595.8673441878867,
  "log_b1": 8.426442924453493
}