{
  "dim": 86,
  "seed": "5233",
  "method": "ENUM_SIEVE",
  "beta": 40,
  "steps_budget": 86,
  "steps_done": 86,
  "time_s": 1.476,
  "max_cos": 0.5659408077356416,
  "mean_cos": 0.15051716679886928,
  "accepted": 86,
  "calls": 86,
  "b1_gh": 1.719796502325153,
  "slope": -0.038239452208855225,
  "logdet": 595.8250459423759,
  "log_b1": 8.311214603390386
}