{
  "dim": 86,
  "seed": "456",
  "method": "ENUM",
  "beta": 30,
  "steps_budget": 86,
  "steps_done": 86,
  "time_s": 5.04,
  "max_cos": 0.6134887118644262,
  "mean_cos": 0.15872656745809466,
  "accepted": 61,
  "calls": 86,
  "b1_gh": 1.9015239652638822,
  "slope": -0.039886876296958744,
  "logdet": 595.7103891372018,
  "log_b1": 8.410331065154876
}