{
  "dim": 86,
  "seed": "446",
  "method": "ENUM_SIEVE",
  "beta": 40,
  "steps_budget": 86,
  "steps_done": 86,
  "time_s": 1.477,
  "max_cos": 0.5934030763992632,
  "mean_cos": 0.15466598184872604,
  "accepted": 86,
  "calls": 86,
  "b1_gh": 1.8971352914465762,
  "slope": -0.04032601866719816,
  "logdet": 595.7986176829025,
  "log_b1": 8.40904633386616
}