{
  "dim": 86,
  "seed": "456",
  "method": "ENUM_SIEVE",
  "beta": 40,
  "steps_budget": 86,
  "steps_done": 86,
  "time_s": 1.483,
  "max_cos": 0.5744159571231034,
  "mean_cos": 0.15334930506177444,
  "accepted": 86,
  "calls": 86,
  "b1_gh": 1.7360837151878405,
  "slope": -0.039993287643912356,
  "logdet": 595.7103891372016,
  "log_b1": 8.319307251611285
}