{
  "dim": 86,
  "seed": "279",
  "method": "ENUM_SIEVE",
  "beta": 40,
  "steps_budget": 86,
  "steps_done": 86,
  "time_s": 1.513,
  "max_cos": 0.632510770626305,
  "mean_cos": 0.15808278596262254,
  "accepted": 86,
  "calls": 86,
  "b1_gh": 1.9852135049282722,
  "slope": -0.03930764700566158,
  "logdet": 595.7878187687751,
  "log_b1": 8.454302225567432
}