{
  "dim": 86,
  "seed": "2966",
  "method": "ENUM_SIEVE",
  "beta": 40,
  "steps_budget": 86,
  "steps_done": 86,
  "time_s": 1.482,
  "max_cos": 0.64039087143347,
  "mean_cos": 0.15857113063586895,
  "accepted": 86,
  "calls": 86,
  "b1_gh": 1.9669830087385107,
  "slope": -0.039448259271759274,
  "logdet": 595.9469160444183,
  "log_b1": 8.446926627585185
}