{
  "dim": 86,
  "seed": "1755",
  "method": "ENUM_SIEVE",
  "beta": 40,
  "steps_budget": 86,
  "steps_done": 86,
  "time_s": 1.491,
  "max_cos": 0.6607432845624228,
  "mean_cos": 0.15295533736948203,
  "accepted": 86,
  "calls": 86,
  "b1_gh": 1.8258378135444737,
  "slope": -0.03983588209131952,
  "logdet": 595.6763085446282,
  "log_b1": 8.36931808514732
}