{
  "dim": 86,
  "seed": "249",
  "method": "ENUM",
  "beta": 30,
  "steps_budget": 86,
  "steps_done": 86,
  "time_s": 3.087,
  "max_cos": 0.6107223773897936,
  "mean_cos": 0.15876103303399108,
  "accepted": 70,
  "calls": 86,
  "b1_gh": 1.9165894591234798,
  "slope": -0.04012235491190123,
  "logdet": 595.8673441878868,
  "log_b1": 8.420047755363601
}