{
  "dim": 86,
  "seed": "8971",
  "method": "ENUM",
  "beta": 30,
  "steps_budget": 86,
  "steps_done": 86,
  "time_s": 4.919,
  "max_cos": 0.5807311532103768,
  "mean_cos": 0.16018613909641,
  "accepted": 70,
  "calls": 86,
  "b1_gh": 1.8629213491056713,
  "slope": -0.03828287419712917,
  "logdet": 595.8578382585147,
  "log_b1": 8.391535811561472
}