{
  "dim": 86,
  "seed": "249",
  "method": "ENUM_SIEVE",
  "beta": 40,
  "steps_budget": 86,
  "steps_done": 86,
  "time_s": 1.521,
  "max_cos": 0.5886410355629861,
  "mean_cos": 0.15603019439562946,
  "accepted": 86,
  "calls": 86,
  "b1_gh": 1.8729914372641563,
  "slope": -0.0391852425394229,
  "logdet": 595.8673441878866,
  "log_b1": 8.39703732401285
}