{
  "dim": 86,
  "seed": "1755",
  "method": "ENUM",
  "beta": 30,
  "steps_budget": 86,
  "steps_done": 86,
  "time_s": 4.81,
  "max_cos": 0.6054237113992889,
  "mean_cos": 0.15627521616919862,
  "accepted": 58,
  "calls": 86,
  "b1_gh": 1.9178821958522694,
  "slope": -0.03988642984326992,
  "logdet": 595.6763085446281,
  "log_b1": 8.418500681809705
}