{
  "dim": 86,
  "seed": "2825",
  "method": "ENUM",
  "beta": 30,
  "steps_budget": 86,
  "steps_done": 86,
  "time_s": 3.244,
  "max_cos": 0.5800030983504523,
  "mean_cos": 0.1602055625391264,
  "accepted": 57,
  "calls": 86,
  "b1_gh": 1.9934320348484245,
  "slope": -0.04024165655209647,
  "logdet": 596.0238232988299,
  "log_b1": 8.461177790654906
}