{
  "dim": 86,
  "seed": "8971",
  "method": "ENUM_SIEVE",
  "beta": 40,
  "steps_budget": 86,
  "steps_done": 86,
  "time_s": 1.482,
  "max_cos": 0.6185330801516454,
  "mean_cos": 0.15425172574995263,
  "accepted": 86,
  "calls": 86,
  "b1_gh": 1.6928481522666483,
  "slope": -0.038477423001997454,
  "logdet": 595.8578382585146,
  "log_b1": 8.295802345782164
}