{
  "dim": 86,
  "seed": "279",
  "method": "ENUM",
  "beta": 30,
  "steps_budget": 86,
  "steps_done": 86,
  "time_s": 3.14,
  "max_cos": 0.6213734678495619,
  "mean_cos": 0.16244515805344575,
  "accepted": 70,
  "calls": 86,
  "b1_gh": 2.041252654409793,
  "slope": -0.03917213149816577,
  "logdet": 595.787818768775,
  "log_b1": 8.482139423740687
}