{
  "dim": 86,
  "seed": "446",
  "method": "ENUM",
  "beta": 30,
  "steps_budget": 86,
  "steps_done": 86,
  "time_s": 5.024,
  "max_cos": 0.6326214702570018,
  "mean_cos": 0.15926849637727844,
  "accepted": 71,
  "calls": 86,
  "b1_gh": 1.8550010146110794,
  "slope": -0.038693408159987404,
  "logdet": 595.7986176829029,
  "log_b1": 8.386586569842857
}