{
  "dim": 86,
  "seed": "2966",
  "method": "ENUM",
  "beta": 30,
  "steps_budget": 86,
  "steps_done": 86,
  "time_s": 4.884,
  "max_cos": 0.6418555705849421,
  "mean_cos": 0.1587112168936258,
  "accepted": 60,
  "calls": 86,
  "b1_gh": 1.8701322234781765,
  "slope": -0.03725419606594491,
  "logdet": 595.9469160444185,
  "log_b1": 8.396434862485124
}