{
  "dim": 86,
  "seed": "2825",
  "method": "ENUM_SIEVE",
  "beta": 40,
  "steps_budget": 86,
  "steps_done": 86,
  "time_s": 1.499,
  "max_cos": 0.6006195346182162,
  "mean_cos": 0.15692164609238937,
  "accepted": 86,
  "calls": 86,
  "b1_gh": 1.8201413996720728,
  "slope": -0.03987177082054406,
  "logdet": 596.0238232988303,
  "log_b1": 8.370234186974441
}