{
  "dim": 86,
  "seed": "5233",
  "method": "ENUM",
  "beta": 30,
  "steps_budget": 86,
  "steps_done": 86,
  "time_s": 3.192,
  "max_cos": 0.6247309647352557,
  "mean_cos": 0.15796898910461218,
  "accepted": 67,
  "calls": 86,
  "b1_gh": 1.765677266010732,
  "slope": -0.03858692760486802,
  "logdet": 595.825045942376,
  "log_b1": 8.337542969069085
}