{
  "dim": 86,
  "seed": "446",
  "method": "LLL",
  "beta": 0,
  "steps_budget": 86,
  "steps_done": 1,
  "time_s": 2.837,
  "max_cos": 0.5820442387523198,
  "mean_cos": 0.16113801578685938,
  "accepted": 0,
  "calls": 0,
  "b1_gh": 2.1801873417691553,
  "slope": -0.04313470977301863,
  "logdet": 595.7986176829027,
  "log_b1": 8.54811213652347
}