{
  "dim": 86,
  "seed": "5233",
  "method": "LLL",
  "beta": 0,
  "steps_budget": 86,
  "steps_done": 1,
  "time_s": 2.815,
  "max_cos": 0.6734616709794896,
  "mean_cos": 0.17498670270724656,
  "accepted": 0,
  "calls": 0,
  "b1_gh": 2.5689088604973973,
  "slope": -0.04050232253219207,
  "logdet": 595.825045942376,
  "log_b1": 8.712489873018981
}