{
  "dim": 86,
  "seed": "8971",
  "method": "LLL",
  "beta": 0,
  "steps_budget": 86,
  "steps_done": 1,
  "time_s": 4.264,
  "max_cos": 0.6579352839410813,
  "mean_cos": 0.16923165424213235,
  "accepted": 0,
  "calls": 0,
  "b1_gh": 2.19914786218298,
  "slope": -0.04076056365458605,
  "logdet": 595.8578382585147,
  "log_b1": 8.557459888126957
}