{
  "dim": 86,
  "seed": "456",
  "method": "LLL",
  "beta": 0,
  "steps_budget": 86,
  "steps_done": 1,
  "time_s": 4.49,
  "max_cos": 0.6723597411662976,
  "mean_cos": 0.18049785333145796,
  "accepted": 0,
  "calls": 0,
  "b1_gh": 2.519742420339558,
  "slope": -0.042846201632605704,
  "logdet": 595.7103891372014,
  "log_b1": 8.691832095649488
}