{
  "dim": 86,
  "seed": "2825",
  "method": "LLL",
  "beta": 0,
  "steps_budget": 86,
  "steps_done": 1,
  "time_s": 2.805,
  "max_cos": 0.6931220523856899,
  "mean_cos": 0.18629648638631635,
  "accepted": 0,
  "calls": 0,
  "b1_gh": 2.8176014515920254,
  "slope": -0.04497329399664574,
  "logdet": 596.0238232988289,
  "log_b1": 8.80720597072316
}