{
  "dim": 86,
  "seed": "2966",
  "method": "LLL",
  "beta": 0,
  "steps_budget": 86,
  "steps_done": 1,
  "time_s": 4.374,
  "max_cos": 0.6969425852007362,
  "mean_cos": 0.1735536640391598,
  "accepted": 0,
  "calls": 0,
  "b1_gh": 2.4361983901179816,
  "slope": -0.04235334390177837,
  "logdet": 595.9469160444185,
  "log_b1": 8.660864513842613
}