{
  "dim": 86,
  "seed": "1755",
  "method": "LLL",
  "beta": 0,
  "steps_budget": 86,
  "steps_done": 1,
  "time_s": 2.733,
  "max_cos": 0.640459973177052,
  "mean_cos": 0.16206636962813062,
  "accepted": 0,
  "calls": 0,
  "b1_gh": 1.935348059891069,
  "slope": -0.04318251944762622,
  "logdet": 595.6763085446282,
  "log_b1": 8.427566313759904
}