{
  "dim": 86,
  "seed": "279",
  "method": "LLL",
  "beta": 0,
  "steps_budget": 86,
  "steps_done": 1,
  "time_s": 2.826,
  "max_cos": 0.6633127197611095,
  "mean_cos": 0.18722403574937577,
  "accepted": 0,
  "calls": 0,
  "b1_gh": 3.3392255861962212,
  "slope": -0.04667513858361689,
  "logdet": 595.7878187687749,
  "log_b1": 8.97431467773906
}