{
  "dim": 86,
  "seed": "249",
  "method": "LLL",
  "beta": 0,
  "steps_budget": 86,
  "steps_done": 1,
  "time_s": 4.421,
  "max_cos": 0.642564410013378,
  "mean_cos": 0.16297199281029873,
  "accepted": 0,
  "calls": 0,
  "b1_gh": 2.375671713580705,
  "slope": -0.04247615552274138,
  "logdet": 595.8673441878866,
  "log_b1": 8.634780696499721
}