{
  "dim": 87,
  "seed": "0",
  "method": "BKZ",
  "beta": 20,
  "steps_budget": 87,
  "steps_done": 87,
  "time_s": 5.295,
  "max_cos": 0.6021049854673561,
  "mean_cos": 0.16176912015950606,
  "accepted": 87,
  "calls": 87,
  "b1_gh": 1.9266233537485342,
  "slope": -0.038844809509030555,
  "logdet": 602.5233707086397,
  "log_b1": 8.427607489546105
}