{
  "dim": 87,
  "seed": "4",
  "method": "BKZ",
  "beta": 20,
  "steps_budget": 87,
  "steps_done": 87,
  "time_s": 3.198,
  "max_cos": 0.5866035217085743,
  "mean_cos": 0.15999819503486787,
  "accepted": 87,
  "calls": 87,
  "b1_gh": 1.8546198736950608,
  "slope": -0.03856298885515272,
  "logdet": 602.5496890828551,
  "log_b1": 8.389820841803955
}