{
  "dim": 87,
  "seed": "9651",
  "method": "BKZ",
  "beta": 20,
  "steps_budget": 87,
  "steps_done": 87,
  "time_s": 3.242,
  "max_cos": 0.6554330689154134,
  "mean_cos": 0.1605987980439932,
  "accepted": 87,
  "calls": 87,
  "b1_gh": 2.074477446981564,
  "slope": -0.039816493531563656,
  "logdet": 602.9796897071873,
  "log_b1": 8.50679291168379
}