{
  "dim": 87,
  "seed": "2488",
  "method": "BKZ",
  "beta": 20,
  "steps_budget": 87,
  "steps_done": 87,
  "time_s": 3.077,
  "max_cos": 0.6330850165072501,
  "mean_cos": 0.15805123006737046,
  "accepted": 87,
  "calls": 87,
  "b1_gh": 1.9588084595225201,
  "slope": -0.03947072100691696,
  "logdet": 602.5602827215466,
  "log_b1": 8.444599212110141
}