{
  "dim": 87,
  "seed": "6",
  "method": "BKZ",
  "beta": 20,
  "steps_budget": 87,
  "steps_done": 87,
  "time_s": 4.947,
  "max_cos": 0.5922818553301316,
  "mean_cos": 0.15848909884115314,
  "accepted": 87,
  "calls": 87,
  "b1_gh": 1.9849858056477294,
  "slope": -0.03947969560927791,
  "logdet": 602.6987148609561,
  "log_b1": 8.459465789869004
}