{
  "dim": 87,
  "seed": "15",
  "method": "BKZ",
  "beta": 20,
  "steps_budget": 87,
  "steps_done": 87,
  "time_s": 3.172,
  "max_cos": 0.6093544963060821,
  "mean_cos": 0.16048893015642537,
  "accepted": 87,
  "calls": 87,
  "b1_gh": 1.9994857569952456,
  "slope": -0.04082486714920708,
  "logdet": 602.7756921429834,
  "log_b1": 8.467628848903916
}