{
  "dim": 87,
  "seed": "629",
  "method": "BKZ",
  "beta": 20,
  "steps_budget": 87,
  "steps_done": 87,
  "time_s": 3.201,
  "max_cos": 0.6612499160841845,
  "mean_cos": 0.16148316302752982,
  "accepted": 87,
  "calls": 87,
  "b1_gh": 2.106075056491283,
  "slope": -0.03890498573705994,
  "logdet": 602.6352273815259,
  "log_b1": 8.51795033785603
}