{
  "dim": 87,
  "seed": "295",
  "method": "BKZ",
  "beta": 20,
  "steps_budget": 87,
  "steps_done": 87,
  "time_s": 4.924,
  "max_cos": 0.5834286815560243,
  "mean_cos": 0.15779478159523327,
  "accepted": 87,
  "calls": 87,
  "b1_gh": 1.9363409533802396,
  "slope": -0.03913898884817795,
  "logdet": 602.9950963365285,
  "log_b1": 8.438060795821494
}