{
  "dim": 87,
  "seed": "606",
  "method": "BKZ",
  "beta": 20,
  "steps_budget": 87,
  "steps_done": 87,
  "time_s": 3.142,
  "max_cos": 0.655428821560877,
  "mean_cos": 0.15726111070543555,
  "accepted": 87,
  "calls": 87,
  "b1_gh": 1.879638011728232,
  "slope": -0.03925505883996516,
  "logdet": 602.4660986615957,
  "log_b1": 8.402259488493915
}