{
  "dim": 87,
  "seed": "2488",
  "method": "ENUM",
  "beta": 30,
  "steps_budget": 87,
  "steps_done": 87,
  "time_s": 5.019,
  "max_cos": 0.6240506513373255,
  "mean_cos": 0.1534416780984861,
  "accepted": 72,
  "calls": 87,
  "b1_gh": 1.850260863730007,
  "slope": -0.039502357168873195,
  "logdet": 602.5602827215466,
  "log_b1": 8.387589489117651
}