{
  "dim": 87,
  "seed": "629",
  "method": "ENUM",
  "beta": 30,
  "steps_budget": 87,
  "steps_done": 87,
  "time_s": 3.276,
  "max_cos": 0.642196801283629,
  "mean_cos": 0.1545648528047479,
  "accepted": 69,
  "calls": 87,
  "b1_gh": 1.807179969359793,
  "slope": -0.038686589427395064,
  "logdet": 602.6352273815255,
  "log_b1": 8.364891887731702
}