{
  "dim": 87,
  "seed": "295",
  "method": "ENUM_SIEVE",
  "beta": 40,
  "steps_budget": 87,
  "steps_done": 87,
  "time_s": 1.548,
  "max_cos": 0.665921885441304,
  "mean_cos": 0.157527118116731,
  "accepted": 87,
  "calls": 87,
  "b1_gh": 1.870461946554553,
  "slope": -0.03932754953090499,
  "logdet": 602.9950963365288,
  "log_b1": 8.403446140792504
}