{
  "dim": 87,
  "seed": "0",
  "method": "ENUM_SIEVE",
  "beta": 40,
  "steps_budget": 87,
  "steps_done": 87,
  "time_s": 1.573,
  "max_cos": 0.683096827082466,
  "mean_cos": 0.15277832783031037,
  "accepted": 87,
  "calls": 87,
  "b1_gh": 1.7944199518802615,
  "slope": -0.03959214167565847,
  "logdet": 602.52337070864,
  "log_b1": 8.356520399668305
}