{
  "dim": 87,
  "seed": "4",
  "method": "ENUM_SIEVE",
  "beta": 40,
  "steps_budget": 87,
  "steps_done": 87,
  "time_s": 1.54,
  "max_cos": 0.5860874112467171,
  "mean_cos": 0.15488936631520522,
  "accepted": 87,
  "calls": 87,
  "b1_gh": 1.8905837271271773,
  "slope": -0.03867163412584149,
  "logdet": 602.549689082855,
  "log_b1": 8.409026718303378
}