{
  "dim": 87,
  "seed": "606",
  "method": "ENUM",
  "beta": 30,
  "steps_budget": 87,
  "steps_done": 87,
  "time_s": 5.135,
  "max_cos": 0.5913279163903702,
  "mean_cos": 0.15218090267090092,
  "accepted": 66,
  "calls": 87,
  "b1_gh": 1.8485033719874804,
  "slope": -0.039508845267627865,
  "logdet": 602.4660986615957,
  "log_b1": 8.385556600712551
}