{
  "dim": 87,
  "seed": "606",
  "method": "ENUM_SIEVE",
  "beta": 40,
  "steps_budget": 87,
  "steps_done": 87,
  "time_s": 1.56,
  "max_cos": 0.6135838534231277,
  "mean_cos": 0.15434329868018207,
  "accepted": 87,
  "calls": 87,
  "b1_gh": 1.7937717256661618,
  "slope": -0.03835929810053441,
  "logdet": 602.4660986615959,
  "log_b1": 8.355500789466756
}