{
  "dim": 87,
  "seed": "2488",
  "method": "ENUM_SIEVE",
  "beta": 40,
  "steps_budget": 87,
  "steps_done": 87,
  "time_s": 1.546,
  "max_cos": 0.6400196221919155,
  "mean_cos": 0.15684529269431183,
  "accepted": 87,
  "calls": 87,
  "b1_gh": 1.8344951919855923,
  "slope": -0.038092818213319085,
  "logdet": 602.5602827215467,
  "log_b1": 8.379032196470694
}