{
  "dim": 87,
  "seed": "9651",
  "method": "ENUM_SIEVE",
  "beta": 40,
  "steps_budget": 87,
  "steps_done": 87,
  "time_s": 1.564,
  "max_cos": 0.6840422352050566,
  "mean_cos": 0.1614452662450307,
  "accepted": 87,
  "calls": 87,
  "b1_gh": 1.8765774948698788,
  "slope": -0.03848287001904192,
  "logdet": 602.9796897071875,
  "log_b1": 8.40653325879574
}