{
  "dim": 87,
  "seed": "15",
  "method": "ENUM_SIEVE",
  "beta": 40,
  "steps_budget": 87,
  "steps_done": 87,
  "time_s": 1.551,
  "max_cos": 0.6005700174022798,
  "mean_cos": 0.15772621120838703,
  "accepted": 87,
  "calls": 87,
  "b1_gh": 1.848173842163873,
  "slope": -0.038551356401091905,
  "logdet": 602.7756921429835,
  "log_b1": 8.388936862137891
}