{
  "dim": 87,
  "seed": "15",
  "method": "ENUM",
  "beta": 30,
  "steps_budget": 87,
  "steps_done": 87,
  "time_s": 5.083,
  "max_cos": 0.6408307703519796,
  "mean_cos": 0.15556444736601402,
  "accepted": 66,
  "calls": 87,
  "b1_gh": 1.9056614937967304,
  "slope": -0.039900773241418906,
  "logdet": 602.7756921429835,
  "log_b1": 8.419568012050444
}