{
  "dim": 87,
  "seed": "0",
  "method": "ENUM",
  "beta": 30,
  "steps_budget": 87,
  "steps_done": 87,
  "time_s": 3.252,
  "max_cos": 0.6036608942993115,
  "mean_cos": 0.1558357472157515,
  "accepted": 66,
  "calls": 87,
  "b1_gh": 1.8457294949749627,
  "slope": -0.03823542463463225,
  "logdet": 602.5233707086395,
  "log_b1": 8.384713166112682
}