{
  "dim": 87,
  "seed": "6",
  "method": "ENUM",
  "beta": 30,
  "steps_budget": 87,
  "steps_done": 87,
  "time_s": 3.354,
  "max_cos": 0.6337489756495572,
  "mean_cos": 0.1603187841976196,
  "accepted": 69,
  "calls": 87,
  "b1_gh": 1.8387510909562685,
  "slope": -0.0385878924872764,
  "logdet": 602.6987148609559,
  "log_b1": 8.38294061281002
}