{
  "dim": 87,
  "seed": "9651",
  "method": "ENUM",
  "beta": 30,
  "steps_budget": 87,
  "steps_done": 87,
  "time_s": 5.199,
  "max_cos": 0.6430840598641748,
  "mean_cos": 0.158786738887018,
  "accepted": 69,
  "calls": 87,
  "b1_gh": 1.8088331944678273,
  "slope": -0.03860960420926568,
  "logdet": 602.9796897071876,
  "log_b1": 8.369765615961363
}