{
  "dim": 87,
  "seed": "6",
  "method": "ENUM_SIEVE",
  "beta": 40,
  "steps_budget": 87,
  "steps_done": 87,
  "time_s": 1.573,
  "max_cos": 0.5428614283664277,
  "mean_cos": 0.15426225631031604,
  "accepted": 87,
  "calls": 87,
  "b1_gh": 1.6447424121872203,
  "slope": -0.03778245567430283,
  "logdet": 602.6987148609561,
  "log_b1": 8.271437810182672
}