{
  "dim": 87,
  "seed": "295",
  "method": "ENUM",
  "beta": 30,
  "steps_budget": 87,
  "steps_done": 87,
  "time_s": 5.105,
  "max_cos": 0.6302318061044554,
  "mean_cos": 0.15841386397836385,
  "accepted": 72,
  "calls": 87,
  "b1_gh": 1.9837489913177246,
  "slope": -0.03878468959398614,
  "logdet": 602.9950963365286,
  "log_b1": 8.462249194575753
}