{
  "dim": 87,
  "seed": "629",
  "method": "ENUM_SIEVE",
  "beta": 40,
  "steps_budget": 87,
  "steps_done": 87,
  "time_s": 1.574,
  "max_cos": 0.6220250973152931,
  "mean_cos": 0.15402053495068996,
  "accepted": 87,
  "calls": 87,
  "b1_gh": 1.8519648494261776,
  "slope": -0.039236904072829,
  "logdet": 602.6352273815254,
  "log_b1": 8.389371441672113
}