{
  "dim": 87,
  "seed": "4",
  "method": "ENUM",
  "beta": 30,
  "steps_budget": 87,
  "steps_done": 87,
  "time_s": 3.295,
  "max_cos": 0.5905773710227303,
  "mean_cos": 0.1576205343790513,
  "accepted": 69,
  "calls": 87,
  "b1_gh": 1.7462816927800573,
  "slope": -0.040235993368299174,
  "logdet": 602.5496890828549,
  "log_b1": 8.32962986705963
}