{
  "dim": 87,
  "seed": "15",
  "method": "LLL",
  "beta": 0,
  "steps_budget": 87,
  "steps_done": 1,
  "time_s": 3.0,
  "max_cos": 0.7117380566878605,
  "mean_cos": 0.18271063331154638,
  "accepted": 0,
  "calls": 0,
  "b1_gh": 3.0864830499792215,
  "slope": -0.04243752768741829,
  "logdet": 602.7756921429836,
  "log_b1": 8.901771094080535
}