{
  "dim": 87,
  "seed": "629",
  "method": "LLL",
  "beta": 0,
  "steps_budget": 87,
  "steps_done": 1,
  "time_s": 4.593,
  "max_cos": 0.6431305504773218,
  "mean_cos": 0.1679205589760512,
  "accepted": 0,
  "calls": 0,
  "b1_gh": 2.6893625716409835,
  "slope": -0.04445925707538464,
  "logdet": 602.6352273815256,
  "log_b1": 8.762428488738244
}