{
  "dim": 87,
  "seed": "606",
  "method": "LLL",
  "beta": 0,
  "steps_budget": 87,
  "steps_done": 1,
  "time_s": 4.683,
  "max_cos": 0.6589585540087535,
  "mean_cos": 0.1822624076508159,
  "accepted": 0,
  "calls": 0,
  "b1_gh": 2.743977874563623,
  "slope": -0.042889389028175275,
  "logdet": 602.4660986615958,
  "log_b1": 8.780588923770125
}