{
  "dim": 87,
  "seed": "0",
  "method": "LLL",
  "beta": 0,
  "steps_budget": 87,
  "steps_done": 1,
  "time_s": 3.004,
  "max_cos": 0.6854241129658208,
  "mean_cos": 0.16748312259018183,
  "accepted": 0,
  "calls": 0,
  "b1_gh": 2.04526867925205,
  "slope": -0.04160497979322764,
  "logdet": 602.5233707086398,
  "log_b1": 8.487367740898026
}