{
  "dim": 87,
  "seed": "4",
  "method": "LLL",
  "beta": 0,
  "steps_budget": 87,
  "steps_done": 1,
  "time_s": 4.628,
  "max_cos": 0.6195045763008941,
  "mean_cos": 0.17283245362506358,
  "accepted": 0,
  "calls": 0,
  "b1_gh": 1.960700223025159,
  "slope": -0.04202668721550205,
  "logdet": 602.5496890828551,
  "log_b1": 8.445442752671388
}