{
  "dim": 87,
  "seed": "2488",
  "method": "LLL",
  "beta": 0,
  "steps_budget": 87,
  "steps_done": 1,
  "time_s": 3.344,
  "max_cos": 0.6665657215520161,
  "mean_cos": 0.1623311236430425,
  "accepted": 0,
  "calls": 0,
  "b1_gh": 2.323174616145676,
  "slope": -0.04378402096256384,
  "logdet": 602.5602827215469,
  "log_b1": 8.615197471889221
}