{
  "dim": 87,
  "seed": "295",
  "method": "LLL",
  "beta": 0,
  "steps_budget": 87,
  "steps_done": 1,
  "time_s": 3.001,
  "max_cos": 0.7494927802728044,
  "mean_cos": 0.1864828466832469,
  "accepted": 0,
  "calls": 0,
  "b1_gh": 2.660421183372167,
  "slope": -0.04173258524025547,
  "logdet": 602.9950963365288,
  "log_b1": 8.75574516006269
}