{
  "dim": 87,
  "seed": "6",
  "method": "LLL",
  "beta": 0,
  "steps_budget": 87,
  "steps_done": 1,
  "time_s": 4.681,
  "max_cos": 0.6716563333096955,
  "mean_cos": 0.17495067817341659,
  "accepted": 0,
  "calls": 0,
  "b1_gh": 2.0815754676582148,
  "slope": -0.0410184808215928,
  "logdet": 602.6987148609561,
  "log_b1": 8.506979069939812
}