{
  "dim": 87,
  "seed": "9651",
  "method": "LLL",
  "beta": 0,
  "steps_budget": 87,
  "steps_done": 1,
  "time_s": 3.044,
  "max_cos": 0.616713847849564,
  "mean_cos": 0.16344027905142325,
  "accepted": 0,
  "calls": 0,
  "b1_gh": 2.1345569365026638,
  "slope": -0.042540989843603425,
  "logdet": 602.9796897071874,
  "log_b1": 8.535342723754486
}