{
  "dim": 88,
  "seed": "0",
  "method": "BKZ",
  "beta": 20,
  "steps_budget": 88,
  "steps_done": 88,
  "time_s": 3.386,
  "max_cos": 0.6239199678514822,
  "mean_cos": 0.1630237101434581,
  "accepted": 88,
  "calls": 88,
  "b1_gh": 2.0284840075392867,
  "slope": -0.0399961867283739,
  "logdet": 609.6599657294337,
  "log_b1": 8.486937832264394
}