{
  "dim": 88,
  "seed": "1",
  "method": "BKZ",
  "beta": 20,
  "steps_budget": 88,
  "steps_done": 88,
  "time_s": 3.276,
  "max_cos": 0.6757436777831669,
  "mean_cos": 0.16168341678707773,
  "accepted": 88,
  "calls": 88,
  "b1_gh": 2.0147267631950743,
  "slope": -0.03948624299539396,
  "logdet": 609.2835495437507,
  "log_b1": 8.475855240672537
}