{
  "dim": 88,
  "seed": "8",
  "method": "BKZ",
  "beta": 20,
  "steps_budget": 88,
  "steps_done": 88,
  "time_s": 3.369,
  "max_cos": 0.66241996718001,
  "mean_cos": 0.15818757667272706,
  "accepted": 88,
  "calls": 88,
  "b1_gh": 1.9467034855127692,
  "slope": -0.03937752434070194,
  "logdet": 609.9205860998379,
  "log_b1": 8.4487481294183
}