{
  "dim": 88,
  "seed": "6",
  "method": "BKZ",
  "beta": 20,
  "steps_budget": 88,
  "steps_done": 88,
  "time_s": 5.314,
  "max_cos": 0.5849046259188048,
  "mean_cos": 0.1547338027774514,
  "accepted": 88,
  "calls": 88,
  "b1_gh": 1.9096619213724204,
  "slope": -0.04063159316734775,
  "logdet": 609.8666395190348,
  "log_b1": 8.428923900181356
}