{
  "dim": 88,
  "seed": "13",
  "method": "BKZ",
  "beta": 20,
  "steps_budget": 88,
  "steps_done": 88,
  "time_s": 3.951,
  "max_cos": 0.6443618845879127,
  "mean_cos": 0.16342959508316704,
  "accepted": 88,
  "calls": 88,
  "b1_gh": 2.109118201200766,
  "slope": -0.03960393366553009,
  "logdet": 609.9192201023398,
  "log_b1": 8.528865130950159
}