{
  "dim": 88,
  "seed": "5",
  "method": "BKZ",
  "beta": 20,
  "steps_budget": 88,
  "steps_done": 88,
  "time_s": 5.282,
  "max_cos": 0.584365057463687,
  "mean_cos": 0.16119485330359012,
  "accepted": 88,
  "calls": 88,
  "b1_gh": 1.8339337044126762,
  "slope": -0.03805665801330785,
  "logdet": 609.8652774560012,
  "log_b1": 8.388445425414229
}