{
  "dim": 88,
  "seed": "2",
  "method": "BKZ",
  "beta": 20,
  "steps_budget": 88,
  "steps_done": 88,
  "time_s": 3.3,
  "max_cos": 0.6330535537417319,
  "mean_cos": 0.15544293620340283,
  "accepted": 88,
  "calls": 88,
  "b1_gh": 2.0209420932468083,
  "slope": -0.04007575604824092,
  "logdet": 609.4833145573482,
  "log_b1": 8.481205498319222
}