{
  "dim": 88,
  "seed": "184",
  "method": "BKZ",
  "beta": 20,
  "steps_budget": 88,
  "steps_done": 88,
  "time_s": 5.179,
  "max_cos": 0.6344511298086907,
  "mean_cos": 0.16168699130526684,
  "accepted": 88,
  "calls": 88,
  "b1_gh": 2.0178712393415825,
  "slope": -0.03942778700906771,
  "logdet": 609.3205890685839,
  "log_b1": 8.477835673373084
}