{
  "dim": 88,
  "seed": "3",
  "method": "BKZ",
  "beta": 20,
  "steps_budget": 88,
  "steps_done": 88,
  "time_s": 5.081,
  "max_cos": 0.6511917044501415,
  "mean_cos": 0.1597773833830983,
  "accepted": 88,
  "calls": 88,
  "b1_gh": 2.072468044656781,
  "slope": -0.040022325257264436,
  "logdet": 609.6422765022343,
  "log_b1": 8.508188287736893
}