{
  "dim": 88,
  "seed": "5",
  "method": "ENUM",
  "beta": 30,
  "steps_budget": 88,
  "steps_done": 88,
  "time_s": 3.547,
  "max_cos": 0.6400090881963528,
  "mean_cos": 0.15871736993365423,
  "accepted": 68,
  "calls": 88,
  "b1_gh": 1.8804467834487337,
  "slope": -0.036935792587062866,
  "logdet": 609.8652774560012,
  "log_b1": 8.413491599695995
}