{
  "dim": 88,
  "seed": "8",
  "method": "ENUM",
  "beta": 30,
  "steps_budget": 88,
  "steps_done": 88,
  "time_s": 3.504,
  "max_cos": 0.6235222320631765,
  "mean_cos": 0.160639668091798,
  "accepted": 61,
  "calls": 88,
  "b1_gh": 1.929937109843313,
  "slope": -0.03772648778330321,
  "logdet": 609.9205860998378,
  "log_b1": 8.44009812444679
}