{
  "dim": 88,
  "seed": "184",
  "method": "ENUM_SIEVE",
  "beta": 40,
  "steps_budget": 88,
  "steps_done": 88,
  "time_s": 1.649,
  "max_cos": 0.5785261877838133,
  "mean_cos": 0.15272705937267192,
  "accepted": 88,
  "calls": 88,
  "b1_gh": 1.708614543840326,
  "slope": -0.03798622323959943,
  "logdet": 609.3205890685839,
  "log_b1": 8.311475393389836
}