{
  "dim": 88,
  "seed": "0",
  "method": "ENUM",
  "beta": 30,
  "steps_budget": 88,
  "steps_done": 88,
  "time_s": 5.35,
  "max_cos": 0.6057575672745878,
  "mean_cos": 0.15675263460940367,
  "accepted": 62,
  "calls": 88,
  "b1_gh": 1.9760045346181372,
  "slope": -0.04008883958293693,
  "logdet": 609.6599657294336,
  "log_b1": 8.460726006686379
}