{
  "dim": 88,
  "seed": "5",
  "method": "ENUM_SIEVE",
  "beta": 40,
  "steps_budget": 88,
  "steps_done": 88,
  "time_s": 1.642,
  "max_cos": 0.6562198619050719,
  "mean_cos": 0.15827180977930466,
  "accepted": 88,
  "calls": 88,
  "b1_gh": 1.8107639838728655,
  "slope": -0.03750471545378986,
  "logdet": 609.8652774560012,
  "log_b1": 8.375731047078082
}