{
  "dim": 88,
  "seed": "1",
  "method": "ENUM_SIEVE",
  "beta": 40,
  "steps_budget": 88,
  "steps_done": 88,
  "time_s": 1.635,
  "max_cos": 0.6048429788755787,
  "mean_cos": 0.15846860372694588,
  "accepted": 88,
  "calls": 88,
  "b1_gh": 1.79446858666356,
  "slope": -0.03782783151738442,
  "logdet": 609.2835495437507,
  "log_b1": 8.360080581970795
}