{
  "dim": 88,
  "seed": "1",
  "method": "ENUM",
  "beta": 30,
  "steps_budget": 88,
  "steps_done": 88,
  "time_s": 5.283,
  "max_cos": 0.6302213556748181,
  "mean_cos": 0.16236602729536884,
  "accepted": 70,
  "calls": 88,
  "b1_gh": 1.9913162844719292,
  "slope": -0.03817665824159812,
  "logdet": 609.2835495437505,
  "log_b1": 8.4641675254191
}