{
  "dim": 88,
  "seed": "8",
  "method": "ENUM_SIEVE",
  "beta": 40,
  "steps_budget": 88,
  "steps_done": 88,
  "time_s": 1.609,
  "max_cos": 0.6359756138341207,
  "mean_cos": 0.1518679472329788,
  "accepted": 88,
  "calls": 88,
  "b1_gh": 1.7610338074564722,
  "slope": -0.037700166305848506,
  "logdet": 609.9205860998379,
  "log_b1": 8.348511734838327
}