{
  "dim": 88,
  "seed": "184",
  "method": "ENUM",
  "beta": 30,
  "steps_budget": 88,
  "steps_done": 88,
  "time_s": 3.504,
  "max_cos": 0.6496674750733257,
  "mean_cos": 0.16093753669300284,
  "accepted": 67,
  "calls": 88,
  "b1_gh": 1.9380382827100249,
  "slope": -0.03903909739308782,
  "logdet": 609.320589068584,
  "log_b1": 8.437468826545716
}