{
  "dim": 88,
  "seed": "2",
  "method": "ENUM",
  "beta": 30,
  "steps_budget": 88,
  "steps_done": 88,
  "time_s": 5.503,
  "max_cos": 0.5862035154326933,
  "mean_cos": 0.1524905235255695,
  "accepted": 73,
  "calls": 88,
  "b1_gh": 1.9286526798476995,
  "slope": -0.03861287917773113,
  "logdet": 609.483314557348,
  "log_b1": 8.434463378626324
}