{
  "dim": 88,
  "seed": "6",
  "method": "ENUM_SIEVE",
  "beta": 40,
  "steps_budget": 88,
  "steps_done": 88,
  "time_s": 1.634,
  "max_cos": 0.5950411946870866,
  "mean_cos": 0.15469407420394826,
  "accepted": 88,
  "calls": 88,
  "b1_gh": 1.88431625375197,
  "slope": -0.03839969785470047,
  "logdet": 609.8666395190348,
  "log_b1": 8.415562703299464
}