{
  "dim": 88,
  "seed": "2",
  "method": "ENUM_SIEVE",
  "beta": 40,
  "steps_budget": 88,
  "steps_done": 88,
  "time_s": 1.607,
  "max_cos": 0.591411375975495,
  "mean_cos": 0.16213696369796235,
  "accepted": 88,
  "calls": 88,
  "b1_gh": 1.9961793158488268,
  "slope": -0.038425028927554186,
  "logdet": 609.4833145573481,
  "log_b1": 8.46887672428704
}