{
  "dim": 88,
  "seed": "0",
  "method": "ENUM_SIEVE",
  "beta": 40,
  "steps_budget": 88,
  "steps_done": 88,
  "time_s": 1.639,
  "max_cos": 0.6180222939302112,
  "mean_cos": 0.15211631023444863,
  "accepted": 88,
  "calls": 88,
  "b1_gh": 1.9316752287567018,
  "slope": -0.038952004769844874,
  "logdet": 609.6599657294337,
  "log_b1": 8.438036733118254
}