{
  "dim": 88,
  "seed": "13",
  "method": "ENUM_SIEVE",
  "beta": 40,
  "steps_budget": 88,
  "steps_done": 88,
  "time_s": 1.605,
  "max_cos": 0.5964875889514827,
  "mean_cos": 0.15734761690538365,
  "accepted": 88,
  "calls": 88,
  "b1_gh": 1.9458277946791644,
  "slope": -0.03910000222144525,
  "logdet": 609.9192201023402,
  "log_b1": 8.448282672840788
}