{
  "dim": 88,
  "seed": "13",
  "method": "ENUM",
  "beta": 30,
  "steps_budget": 88,
  "steps_done": 88,
  "time_s": 4.124,
  "max_cos": 0.6695681888421163,
  "mean_cos": 0.15287559469698317,
  "accepted": 64,
  "calls": 88,
  "b1_gh": 1.9060496977651413,
  "slope": -0.038593463038395365,
  "logdet": 609.9192201023401,
  "log_b1": 8.427628064205926
}