{
  "dim": 88,
  "seed": "3",
  "method": "ENUM",
  "beta": 30,
  "steps_budget": 88,
  "steps_done": 88,
  "time_s": 5.342,
  "max_cos": 0.6940894347018223,
  "mean_cos": 0.15961614281771835,
  "accepted": 71,
  "calls": 88,
  "b1_gh": 1.8719711126663603,
  "slope": -0.03896276454353765,
  "logdet": 609.6422765022342,
  "log_b1": 8.40644004523902
}