{
  "dim": 88,
  "seed": "3",
  "method": "ENUM_SIEVE",
  "beta": 40,
  "steps_budget": 88,
  "steps_done": 88,
  "time_s": 1.578,
  "max_cos": 0.6431269518511417,
  "mean_cos": 0.15730314217429342,
  "accepted": 88,
  "calls": 88,
  "b1_gh": 1.8365474201925693,
  "slope": -0.03885011156196503,
  "logdet": 609.6422765022342,
  "log_b1": 8.387335505474626
}