{
  "dim": 88,
  "seed": "6",
  "method": "ENUM",
  "beta": 30,
  "steps_budget": 88,
  "steps_done": 88,
  "time_s": 3.442,
  "max_cos": 0.5786620594528665,
  "mean_cos": 0.15496731785856221,
  "accepted": 63,
  "calls": 88,
  "b1_gh": 1.9096619213724204,
  "slope": -0.04066793065132928,
  "logdet": 609.8666395190348,
  "log_b1": 8.428923900181356
}