{
  "dim": 88,
  "seed": "8",
  "method": "LLL",
  "beta": 0,
  "steps_budget": 88,
  "steps_done": 1,
  "time_s": 3.183,
  "max_cos": 0.6224537339048524,
  "mean_cos": 0.16996638489779164,
  "accepted": 0,
  "calls": 0,
  "b1_gh": 2.5124254039181584,
  "slope": -0.040348854049934595,
  "logdet": 609.9205860998377,
  "log_b1": 8.703859290595945
}