{
  "dim": 88,
  "seed": "3",
  "method": "LLL",
  "beta": 0,
  "steps_budget": 88,
  "steps_done": 1,
  "time_s": 3.083,
  "max_cos": 0.6483823470522406,
  "mean_cos": 0.15951019980104816,
  "accepted": 0,
  "calls": 0,
  "b1_gh": 2.2074911493145604,
  "slope": -0.04358854263055917,
  "logdet": 609.6422765022342,
  "log_b1": 8.571304742688065
}