{
  "dim": 88,
  "seed": "2",
  "method": "LLL",
  "beta": 0,
  "steps_budget": 88,
  "steps_done": 1,
  "time_s": 3.184,
  "max_cos": 0.6538925823900401,
  "mean_cos": 0.17786652656070998,
  "accepted": 0,
  "calls": 0,
  "b1_gh": 2.457313771898374,
  "slope": -0.041332418687637366,
  "logdet": 609.483314557348,
  "log_b1": 8.676710503509069
}