{
  "dim": 88,
  "seed": "6",
  "method": "LLL",
  "beta": 0,
  "steps_budget": 88,
  "steps_done": 1,
  "time_s": 3.048,
  "max_cos": 0.6534491565943642,
  "mean_cos": 0.16058409668966286,
  "accepted": 0,
  "calls": 0,
  "b1_gh": 2.0053415342793106,
  "slope": -0.04197151679766864,
  "logdet": 609.8666395190347,
  "log_b1": 8.477812065845564
}