{
  "dim": 88,
  "seed": "5",
  "method": "LLL",
  "beta": 0,
  "steps_budget": 88,
  "steps_done": 1,
  "time_s": 4.968,
  "max_cos": 0.7027247758063334,
  "mean_cos": 0.17027702432943836,
  "accepted": 0,
  "calls": 0,
  "b1_gh": 2.1935490100753916,
  "slope": -0.03919176723416681,
  "logdet": 609.8652774560012,
  "log_b1": 8.567502985013883
}