{
  "dim": 88,
  "seed": "184",
  "method": "LLL",
  "beta": 0,
  "steps_budget": 88,
  "steps_done": 1,
  "time_s": 4.892,
  "max_cos": 0.7023890524578582,
  "mean_cos": 0.1681049367492796,
  "accepted": 0,
  "calls": 0,
  "b1_gh": 2.3484371361508596,
  "slope": -0.04266755700370223,
  "logdet": 609.3205890685838,
  "log_b1": 8.629542618018709
}