{
  "dim": 88,
  "seed": "0",
  "method": "LLL",
  "beta": 0,
  "steps_budget": 88,
  "steps_done": 1,
  "time_s": 3.206,
  "max_cos": 0.674552488672909,
  "mean_cos": 0.17184567972841266,
  "accepted": 0,
  "calls": 0,
  "b1_gh": 2.5583595645778785,
  "slope": -0.04157547338076009,
  "logdet": 609.6599657294335,
  "log_b1": 8.719015370523882
}