{
  "dim": 88,
  "seed": "1",
  "method": "LLL",
  "beta": 0,
  "steps_budget": 88,
  "steps_done": 1,
  "time_s": 3.114,
  "max_cos": 0.6521549368950332,
  "mean_cos": 0.16523730961390284,
  "accepted": 0,
  "calls": 0,
  "b1_gh": 2.3753234628804374,
  "slope": -0.04381896721243383,
  "logdet": 609.2835495437505,
  "log_b1": 8.640505278970558
}