{
  "dim": 88,
  "seed": "13",
  "method": "LLL",
  "beta": 0,
  "steps_budget": 88,
  "steps_done": 1,
  "time_s": 4.981,
  "max_cos": 0.6413305958139709,
  "mean_cos": 0.17205216734858766,
  "accepted": 0,
  "calls": 0,
  "b1_gh": 2.172168001047332,
  "slope": -0.042813490291553694,
  "logdet": 609.9192201023403,
  "log_b1": 8.558320932564435
}