{
  "dim": 89,
  "seed": "0",
  "method": "BKZ",
  "beta": 20,
  "steps_budget": 89,
  "steps_done": 89,
  "time_s": 3.486,
  "max_cos": 0.5680118195275666,
  "mean_cos": 0.15567515468455603,
  "accepted": 89,
  "calls": 89,
  "b1_gh": 1.9888256635031798,
  "slope": -0.04073029859311196,
  "logdet": 616.6996193845472,
  "log_b1": 8.473802369726029
}