{
  "dim": 89,
  "seed": "5193",
  "method": "BKZ",
  "beta": 20,
  "steps_budget": 89,
  "steps_done": 89,
  "time_s": 3.636,
  "max_cos": 0.6375263082033198,
  "mean_cos": 0.1557392990873761,
  "accepted": 89,
  "calls": 89,
  "b1_gh": 1.9453437402164477,
  "slope": -0.03891032548533,
  "logdet": 616.8946452857234,
  "log_b1": 8.453888017925188
}