{
  "dim": 89,
  "seed": "1512",
  "method": "BKZ",
  "beta": 20,
  "steps_budget": 89,
  "steps_done": 89,
  "time_s": 3.416,
  "max_cos": 0.576046503652157,
  "mean_cos": 0.15600918074967968,
  "accepted": 89,
  "calls": 89,
  "b1_gh": 1.8875915642722272,
  "slope": -0.039170309858958224,
  "logdet": 616.6500010859921,
  "log_b1": 8.42100222688551
}