{
  "dim": 89,
  "seed": "218",
  "method": "BKZ",
  "beta": 20,
  "steps_budget": 89,
  "steps_done": 89,
  "time_s": 3.653,
  "max_cos": 0.6150792541876464,
  "mean_cos": 0.1587310876893127,
  "accepted": 89,
  "calls": 89,
  "b1_gh": 2.049089524115645,
  "slope": -0.039741627465934404,
  "logdet": 616.3211256785341,
  "log_b1": 8.499400845666704
}