{
  "dim": 89,
  "seed": "1",
  "method": "BKZ",
  "beta": 20,
  "steps_budget": 89,
  "steps_done": 89,
  "time_s": 5.398,
  "max_cos": 0.6474165327458672,
  "mean_cos": 0.16064702319341545,
  "accepted": 89,
  "calls": 89,
  "b1_gh": 1.9612747857440387,
  "slope": -0.03929310358432459,
  "logdet": 616.8964234312305,
  "log_b1": 8.462063968157562
}