{
  "dim": 89,
  "seed": "7",
  "method": "BKZ",
  "beta": 20,
  "steps_budget": 89,
  "steps_done": 89,
  "time_s": 3.499,
  "max_cos": 0.5956574321270871,
  "mean_cos": 0.15775108715755692,
  "accepted": 89,
  "calls": 89,
  "b1_gh": 2.1188945056696706,
  "slope": -0.03862733959908829,
  "logdet": 616.5692959435528,
  "log_b1": 8.535688208781934
}