{
  "dim": 89,
  "seed": "223",
  "method": "BKZ",
  "beta": 20,
  "steps_budget": 89,
  "steps_done": 89,
  "time_s": 3.472,
  "max_cos": 0.631025489346169,
  "mean_cos": 0.15699803308752128,
  "accepted": 89,
  "calls": 89,
  "b1_gh": 2.125672611518476,
  "slope": -0.03960299078486272,
  "logdet": 616.3774746775995,
  "log_b1": 8.536726695933096
}