{
  "dim": 89,
  "seed": "6281",
  "method": "BKZ",
  "beta": 20,
  "steps_budget": 89,
  "steps_done": 89,
  "time_s": 5.432,
  "max_cos": 0.5864828408520865,
  "mean_cos": 0.16047840598307267,
  "accepted": 89,
  "calls": 89,
  "b1_gh": 2.1363905140893746,
  "slope": -0.0390680352687427,
  "logdet": 616.8729975171246,
  "log_b1": 8.547323822261983
}