{
  "dim": 89,
  "seed": "994",
  "method": "BKZ",
  "beta": 20,
  "steps_budget": 89,
  "steps_done": 89,
  "time_s": 5.488,
  "max_cos": 0.625101174640483,
  "mean_cos": 0.15864814936156177,
  "accepted": 89,
  "calls": 89,
  "b1_gh": 1.8821323640746677,
  "slope": -0.038970605331762005,
  "logdet": 616.2505642374889,
  "log_b1": 8.413617830862693
}