{
  "dim": 89,
  "seed": "0",
  "method": "ENUM",
  "beta": 30,
  "steps_budget": 89,
  "steps_done": 89,
  "time_s": 5.692,
  "max_cos": 0.6123207546831468,
  "mean_cos": 0.1518423558304407,
  "accepted": 75,
  "calls": 89,
  "b1_gh": 1.8117477120545813,
  "slope": -0.03795665824846811,
  "logdet": 616.6996193845472,
  "log_b1": 8.380549990190095
}