{
  "dim": 89,
  "seed": "7",
  "method": "ENUM",
  "beta": 30,
  "steps_budget": 89,
  "steps_done": 89,
  "time_s": 5.721,
  "max_cos": 0.6026025524531431,
  "mean_cos": 0.15456172339572424,
  "accepted": 66,
  "calls": 89,
  "b1_gh": 1.8575198591281976,
  "slope": -0.037633099426016864,
  "logdet": 616.5692959435524,
  "log_b1": 8.404035904568445
}