{
  "dim": 89,
  "seed": "218",
  "method": "ENUM_SIEVE",
  "beta": 40,
  "steps_budget": 89,
  "steps_done": 89,
  "time_s": 1.701,
  "max_cos": 0.580353558930891,
  "mean_cos": 0.1564042588845027,
  "accepted": 89,
  "calls": 89,
  "b1_gh": 1.8159791663922031,
  "slope": -0.039831893207467335,
  "logdet": 616.3211256785345,
  "log_b1": 8.378630093613406
}