{
  "dim": 89,
  "seed": "994",
  "method": "ENUM",
  "beta": 30,
  "steps_budget": 89,
  "steps_done": 89,
  "time_s": 3.557,
  "max_cos": 0.5920991577866228,
  "mean_cos": 0.15574636380794052,
  "accepted": 69,
  "calls": 89,
  "b1_gh": 1.9057908189679893,
  "slope": -0.038281172940863153,
  "logdet": 616.2505642374888,
  "log_b1": 8.426109511074845
}