{
  "dim": 89,
  "seed": "218",
  "method": "ENUM",
  "beta": 30,
  "steps_budget": 89,
  "steps_done": 89,
  "time_s": 5.561,
  "max_cos": 0.6619873199881232,
  "mean_cos": 0.16027568334769499,
  "accepted": 69,
  "calls": 89,
  "b1_gh": 2.07619267204567,
  "slope": -0.03924001702824886,
  "logdet": 616.3211256785341,
  "log_b1": 8.512541056018778
}