{
  "dim": 89,
  "seed": "223",
  "method": "ENUM",
  "beta": 30,
  "steps_budget": 89,
  "steps_done": 89,
  "time_s": 3.625,
  "max_cos": 0.5647545357316431,
  "mean_cos": 0.1573693741851948,
  "accepted": 74,
  "calls": 89,
  "b1_gh": 1.929824678052619,
  "slope": -0.038775590273278,
  "logdet": 616.3774746775994,
  "log_b1": 8.440067578975366
}