{
  "dim": 89,
  "seed": "223",
  "method": "ENUM_SIEVE",
  "beta": 40,
  "steps_budget": 89,
  "steps_done": 89,
  "time_s": 1.707,
  "max_cos": 0.6520719961151666,
  "mean_cos": 0.15600808469639946,
  "accepted": 89,
  "calls": 89,
  "b1_gh": 1.8532283904659315,
  "slope": -0.038233979681493516,
  "logdet": 616.3774746775996,
  "log_b1": 8.399567614713929
}