{
  "dim": 89,
  "seed": "5193",
  "method": "ENUM_SIEVE",
  "beta": 40,
  "steps_budget": 89,
  "steps_done": 89,
  "time_s": 1.7,
  "max_cos": 0.6331593767534289,
  "mean_cos": 0.15525153454859342,
  "accepted": 89,
  "calls": 89,
  "b1_gh": 2.006805783768681,
  "slope": -0.04063543855977414,
  "logdet": 616.8946452857234,
  "log_b1": 8.484993621990371
}