{
  "dim": 89,
  "seed": "1512",
  "method": "ENUM",
  "beta": 30,
  "steps_budget": 89,
  "steps_done": 89,
  "time_s": 3.626,
  "max_cos": 0.5765036738980049,
  "mean_cos": 0.15615391019660033,
  "accepted": 72,
  "calls": 89,
  "b1_gh": 1.9750306138353495,
  "slope": -0.0384149337274786,
  "logdet": 616.6500010859922,
  "log_b1": 8.466284413957455
}