{
  "dim": 89,
  "seed": "7",
  "method": "ENUM_SIEVE",
  "beta": 40,
  "steps_budget": 89,
  "steps_done": 89,
  "time_s": 1.714,
  "max_cos": 0.6010266054870482,
  "mean_cos": 0.16105401976310643,
  "accepted": 89,
  "calls": 89,
  "b1_gh": 1.9553966841906107,
  "slope": -0.038732313368800605,
  "logdet": 616.5692959435527,
  "log_b1": 8.455386796063888
}