{
  "dim": 89,
  "seed": "0",
  "method": "ENUM_SIEVE",
  "beta": 40,
  "steps_budget": 89,
  "steps_done": 89,
  "time_s": 1.708,
  "max_cos": 0.5719829873491774,
  "mean_cos": 0.15255335846040957,
  "accepted": 89,
  "calls": 89,
  "b1_gh": 1.9888256635031798,
  "slope": -0.03920034766401048,
  "logdet": 616.6996193845473,
  "log_b1": 8.473802369726029
}