{
  "dim": 89,
  "seed": "6281",
  "method": "ENUM",
  "beta": 30,
  "steps_budget": 89,
  "steps_done": 89,
  "time_s": 5.611,
  "max_cos": 0.5825971146333886,
  "mean_cos": 0.15530363031543268,
  "accepted": 77,
  "calls": 89,
  "b1_gh": 1.8471859182258554,
  "slope": -0.038701754681490154,
  "logdet": 616.8729975171246,
  "log_b1": 8.401869448647574
}