{
  "dim": 89,
  "seed": "1512",
  "method": "ENUM_SIEVE",
  "beta": 40,
  "steps_budget": 89,
  "steps_done": 89,
  "time_s": 1.691,
  "max_cos": 0.6860508023102416,
  "mean_cos": 0.1538606535683909,
  "accepted": 89,
  "calls": 89,
  "b1_gh": 1.8022931781214149,
  "slope": -0.03878571504897735,
  "logdet": 616.6500010859921,
  "log_b1": 8.3747603569618
}