{
  "dim": 89,
  "seed": "994",
  "method": "ENUM_SIEVE",
  "beta": 40,
  "steps_budget": 89,
  "steps_done": 89,
  "time_s": 1.671,
  "max_cos": 0.6741767019677304,
  "mean_cos": 0.15990213346158694,
  "accepted": 89,
  "calls": 89,
  "b1_gh": 1.9030861428346684,
  "slope": -0.03856430368257896,
  "logdet": 616.2505642374888,
  "log_b1": 8.424689314720357
}