{
  "dim": 89,
  "seed": "1",
  "method": "ENUM",
  "beta": 30,
  "steps_budget": 89,
  "steps_done": 89,
  "time_s": 5.606,
  "max_cos": 0.5884795000892811,
  "mean_cos": 0.15609219268557234,
  "accepted": 62,
  "calls": 89,
  "b1_gh": 1.8386833412824566,
  "slope": -0.038545970213891875,
  "logdet": 616.8964234312307,
  "log_b1": 8.39751904552897
}