{
  "dim": 89,
  "seed": "6281",
  "method": "ENUM_SIEVE",
  "beta": 40,
  "steps_budget": 89,
  "steps_done": 89,
  "time_s": 1.679,
  "max_cos": 0.59831620650951,
  "mean_cos": 0.15192124613866426,
  "accepted": 89,
  "calls": 89,
  "b1_gh": 1.81007436683261,
  "slope": -0.03865526685904387,
  "logdet": 616.8729975171246,
  "log_b1": 8.381574024007822
}