{
  "dim": 89,
  "seed": "5193",
  "method": "ENUM",
  "beta": 30,
  "steps_budget": 89,
  "steps_done": 89,
  "time_s": 3.61,
  "max_cos": 0.5951551661800113,
  "mean_cos": 0.15801358248202382,
  "accepted": 65,
  "calls": 89,
  "b1_gh": 1.9894230082886453,
  "slope": -0.04019794939047625,
  "logdet": 616.8946452857234,
  "log_b1": 8.476293977391771
}