{
  "dim": 89,
  "seed": "1",
  "method": "ENUM_SIEVE",
  "beta": 40,
  "steps_budget": 89,
  "steps_done": 89,
  "time_s": 1.679,
  "max_cos": 0.5906587513880128,
  "mean_cos": 0.15137975958680017,
  "accepted": 89,
  "calls": 89,
  "b1_gh": 1.7943142021349487,
  "slope": -0.037451117042611344,
  "logdet": 616.8964234312306,
  "log_b1": 8.373092194289054
}