{
  "dim": 89,
  "seed": "7",
  "method": "LLL",
  "beta": 0,
  "steps_budget": 89,
  "steps_done": 1,
  "time_s": 3.237,
  "max_cos": 0.6819435867062318,
  "mean_cos": 0.16967585827238033,
  "accepted": 0,
  "calls": 0,
  "b1_gh": 2.1523755518009335,
  "slope": -0.04171260052057453,
  "logdet": 616.5692959435526,
  "log_b1": 8.551365855687703
}