{
  "dim": 89,
  "seed": "218",
  "method": "LLL",
  "beta": 0,
  "steps_budget": 89,
  "steps_done": 1,
  "time_s": 5.069,
  "max_cos": 0.7379278735093439,
  "mean_cos": 0.17642185994144044,
  "accepted": 0,
  "calls": 0,
  "b1_gh": 2.6458840088077022,
  "slope": -0.04265914558067581,
  "logdet": 616.321125678534,
  "log_b1": 8.755010514053575
}