{
  "dim": 89,
  "seed": "1",
  "method": "LLL",
  "beta": 0,
  "steps_budget": 89,
  "steps_done": 1,
  "time_s": 5.179,
  "max_cos": 0.5967379050107896,
  "mean_cos": 0.18144098696874972,
  "accepted": 0,
  "calls": 0,
  "b1_gh": 2.753290677274615,
  "slope": -0.04102054221592128,
  "logdet": 616.8964234312306,
  "log_b1": 8.801266111673808
}