{
  "dim": 89,
  "seed": "223",
  "method": "LLL",
  "beta": 0,
  "steps_budget": 89,
  "steps_done": 1,
  "time_s": 5.088,
  "max_cos": 0.633121421545953,
  "mean_cos": 0.16833726610961647,
  "accepted": 0,
  "calls": 0,
  "b1_gh": 2.3679268049330098,
  "slope": -0.042210956807410924,
  "logdet": 616.3774746775993,
  "log_b1": 8.64465322703712
}