{
  "dim": 89,
  "seed": "6281",
  "method": "LLL",
  "beta": 0,
  "steps_budget": 89,
  "steps_done": 1,
  "time_s": 3.315,
  "max_cos": 0.6679890244516113,
  "mean_cos": 0.17625687602128517,
  "accepted": 0,
  "calls": 0,
  "b1_gh": 2.5109932248434172,
  "slope": -0.04169971937824383,
  "logdet": 616.8729975171246,
  "log_b1": 8.708884474907483
}