{
  "dim": 89,
  "seed": "5193",
  "method": "LLL",
  "beta": 0,
  "steps_budget": 89,
  "steps_done": 1,
  "time_s": 5.05,
  "max_cos": 0.6412521198648501,
  "mean_cos": 0.17513977352769455,
  "accepted": 0,
  "calls": 0,
  "b1_gh": 2.3720467485794647,
  "slope": -0.04221292179551935,
  "logdet": 616.8946452857234,
  "log_b1": 8.652202515729945
}