{
  "dim": 89,
  "seed": "0",
  "method": "LLL",
  "beta": 0,
  "steps_budget": 89,
  "steps_done": 1,
  "time_s": 3.235,
  "max_cos": 0.6318292778144948,
  "mean_cos": 0.16923981401252589,
  "accepted": 0,
  "calls": 0,
  "b1_gh": 2.3441095433304984,
  "slope": -0.04189825324310669,
  "logdet": 616.6996193845471,
  "log_b1": 8.638163628146467
}