{
  "dim": 89,
  "seed": "994",
  "method": "LLL",
  "beta": 0,
  "steps_budget": 89,
  "steps_done": 1,
  "time_s": 5.164,
  "max_cos": 0.7031900606190638,
  "mean_cos": 0.17316537095253082,
  "accepted": 0,
  "calls": 0,
  "b1_gh": 2.316615276494986,
  "slope": -0.042422038165640524,
  "logdet": 616.2505642374889,
  "log_b1": 8.621319648425443
}