{
  "dim": 89,
  "seed": "1512",
  "method": "LLL",
  "beta": 0,
  "steps_budget": 89,
  "steps_done": 1,
  "time_s": 5.06,
  "max_cos": 0.6932450888901123,
  "mean_cos": 0.1767606956220042,
  "accepted": 0,
  "calls": 0,
  "b1_gh": 2.570961042461725,
  "slope": -0.04306877083492262,
  "logdet": 616.6500010859918,
  "log_b1": 8.729980290538103
}