{
  "dim": 90,
  "seed": "78",
  "method": "BKZ",
  "beta": 20,
  "steps_budget": 90,
  "steps_done": 90,
  "time_s": 5.796,
  "max_cos": 0.6146000117470736,
  "mean_cos": 0.1548820945960549,
  "accepted": 90,
  "calls": 90,
  "b1_gh": 1.9598545845659978,
  "slope": -0.04115420951128434,
  "logdet": 623.2765644948618,
  "log_b1": 8.460510870839535
}