{
  "dim": 90,
  "seed": "11",
  "method": "BKZ",
  "beta": 20,
  "steps_budget": 90,
  "steps_done": 90,
  "time_s": 5.621,
  "max_cos": 0.6153076846141217,
  "mean_cos": 0.1594902921650673,
  "accepted": 90,
  "calls": 90,
  "b1_gh": 2.105132129953784,
  "slope": -0.039821327096596075,
  "logdet": 623.500005702638,
  "log_b1": 8.534501506722464
}