{
  "dim": 90,
  "seed": "1705",
  "method": "BKZ",
  "beta": 20,
  "steps_budget": 90,
  "steps_done": 90,
  "time_s": 5.664,
  "max_cos": 0.6256555699969804,
  "mean_cos": 0.16423935820504604,
  "accepted": 90,
  "calls": 90,
  "b1_gh": 2.206967906020428,
  "slope": -0.040236546224131815,
  "logdet": 623.4779481263669,
  "log_b1": 8.581497773069035
}