{
  "dim": 90,
  "seed": "2",
  "method": "BKZ",
  "beta": 20,
  "steps_budget": 90,
  "steps_done": 90,
  "time_s": 3.713,
  "max_cos": 0.6192972344908507,
  "mean_cos": 0.15905168256010835,
  "accepted": 90,
  "calls": 90,
  "b1_gh": 2.0720180190486657,
  "slope": -0.04014491509442843,
  "logdet": 623.2524098858659,
  "log_b1": 8.515895228164482
}