{
  "dim": 90,
  "seed": "3568",
  "method": "BKZ",
  "beta": 20,
  "steps_budget": 90,
  "steps_done": 90,
  "time_s": 3.677,
  "max_cos": 0.598066525823926,
  "mean_cos": 0.15203548810379172,
  "accepted": 90,
  "calls": 90,
  "b1_gh": 2.0004185184863483,
  "slope": -0.04098225843935444,
  "logdet": 623.8013834467691,
  "log_b1": 8.486828331496717
}