{
  "dim": 90,
  "seed": "9",
  "method": "BKZ",
  "beta": 20,
  "steps_budget": 90,
  "steps_done": 90,
  "time_s": 5.704,
  "max_cos": 0.6101516893082366,
  "mean_cos": 0.16159559543959004,
  "accepted": 90,
  "calls": 90,
  "b1_gh": 2.08933375514647,
  "slope": -0.039660898369669115,
  "logdet": 623.1443896320027,
  "log_b1": 8.523017220024586
}