{
  "dim": 90,
  "seed": "0",
  "method": "BKZ",
  "beta": 20,
  "steps_budget": 90,
  "steps_done": 90,
  "time_s": 5.766,
  "max_cos": 0.5875243944752822,
  "mean_cos": 0.15779038012415111,
  "accepted": 90,
  "calls": 90,
  "b1_gh": 1.9405310489138858,
  "slope": -0.03850947253779893,
  "logdet": 623.5979590383532,
  "log_b1": 8.45417331455041
}