{
  "dim": 90,
  "seed": "1",
  "method": "BKZ",
  "beta": 20,
  "steps_budget": 90,
  "steps_done": 90,
  "time_s": 3.691,
  "max_cos": 0.6510268820972234,
  "mean_cos": 0.15634751735660848,
  "accepted": 90,
  "calls": 90,
  "b1_gh": 1.9721993235588793,
  "slope": -0.03812124853225722,
  "logdet": 623.769411758243,
  "log_b1": 8.472266000529572
}