{
  "dim": 90,
  "seed": "3",
  "method": "BKZ",
  "beta": 20,
  "steps_budget": 90,
  "steps_done": 90,
  "time_s": 3.664,
  "max_cos": 0.6095510677463793,
  "mean_cos": 0.15716796121832421,
  "accepted": 90,
  "calls": 90,
  "b1_gh": 1.9268995950994179,
  "slope": -0.038878686722436336,
  "logdet": 623.5700149677301,
  "log_b1": 8.446813436526181
}