{
  "dim": 90,
  "seed": "0",
  "method": "ENUM",
  "beta": 30,
  "steps_budget": 90,
  "steps_done": 90,
  "time_s": 6.068,
  "max_cos": 0.6038735008933684,
  "mean_cos": 0.15570780329372216,
  "accepted": 66,
  "calls": 90,
  "b1_gh": 1.8020527677096423,
  "slope": -0.03697404215673581,
  "logdet": 623.5979590383532,
  "log_b1": 8.380138083995787
}