{
  "dim": 90,
  "seed": "2",
  "method": "ENUM_SIEVE",
  "beta": 40,
  "steps_budget": 90,
  "steps_done": 90,
  "time_s": 1.792,
  "max_cos": 0.7126882672711502,
  "mean_cos": 0.15251165013357562,
  "accepted": 90,
  "calls": 90,
  "b1_gh": 1.9485351292344493,
  "slope": -0.03812542911293514,
  "logdet": 623.252409885866,
  "log_b1": 8.45445008184749
}