{
  "dim": 90,
  "seed": "2",
  "method": "ENUM",
  "beta": 30,
  "steps_budget": 90,
  "steps_done": 90,
  "time_s": 3.776,
  "max_cos": 0.6020504540729938,
  "mean_cos": 0.15500700126238895,
  "accepted": 73,
  "calls": 90,
  "b1_gh": 1.9535271156309781,
  "slope": -0.03878094582119408,
  "logdet": 623.252409885866,
  "log_b1": 8.457008723307654
}