{
  "dim": 90,
  "seed": "9",
  "method": "ENUM",
  "beta": 30,
  "steps_budget": 90,
  "steps_done": 90,
  "time_s": 6.074,
  "max_cos": 0.5876834613437268,
  "mean_cos": 0.15423384887666858,
  "accepted": 72,
  "calls": 90,
  "b1_gh": 2.0446082600454623,
  "slope": -0.0389019301212313,
  "logdet": 623.144389632003,
  "log_b1": 8.501378193574938
}