{
  "dim": 90,
  "seed": "11",
  "method": "ENUM_SIEVE",
  "beta": 40,
  "steps_budget": 90,
  "steps_done": 90,
  "time_s": 1.755,
  "max_cos": 0.5520451968102384,
  "mean_cos": 0.15166397659115302,
  "accepted": 90,
  "calls": 90,
  "b1_gh": 2.011976824052632,
  "slope": -0.041988955492625976,
  "logdet": 623.5000057026382,
  "log_b1": 8.489241005294433
}