{
  "dim": 90,
  "seed": "3",
  "method": "ENUM_SIEVE",
  "beta": 40,
  "steps_budget": 90,
  "steps_done": 90,
  "time_s": 1.76,
  "max_cos": 0.6216233049029616,
  "mean_cos": 0.15705438577835024,
  "accepted": 90,
  "calls": 90,
  "b1_gh": 1.8749449120450212,
  "slope": -0.039189621704699876,
  "logdet": 623.5700149677303,
  "log_b1": 8.419480431455161
}