{
  "dim": 90,
  "seed": "9",
  "method": "ENUM_SIEVE",
  "beta": 40,
  "steps_budget": 90,
  "steps_done": 90,
  "time_s": 1.756,
  "max_cos": 0.637987134097097,
  "mean_cos": 0.1594335122091664,
  "accepted": 90,
  "calls": 90,
  "b1_gh": 2.0133164390712137,
  "slope": -0.040241907071353784,
  "logdet": 623.144389632003,
  "log_b1": 8.485955314363693
}