{
  "dim": 90,
  "seed": "1705",
  "method": "ENUM_SIEVE",
  "beta": 40,
  "steps_budget": 90,
  "steps_done": 90,
  "time_s": 1.799,
  "max_cos": 0.5661918149677767,
  "mean_cos": 0.15615140007759415,
  "accepted": 90,
  "calls": 90,
  "b1_gh": 1.8105613549480537,
  "slope": -0.03995118800571358,
  "logdet": 623.4779481263672,
  "log_b1": 8.383515125852295
}