{
  "dim": 90,
  "seed": "0",
  "method": "ENUM_SIEVE",
  "beta": 40,
  "steps_budget": 90,
  "steps_done": 90,
  "time_s": 1.778,
  "max_cos": 0.579298164953739,
  "mean_cos": 0.1518136252240837,
  "accepted": 90,
  "calls": 90,
  "b1_gh": 1.895060070916186,
  "slope": -0.03765108955940093,
  "logdet": 623.5979590383531,
  "log_b1": 8.43046218010452
}