{
  "dim": 90,
  "seed": "3568",
  "method": "ENUM_SIEVE",
  "beta": 40,
  "steps_budget": 90,
  "steps_done": 90,
  "time_s": 1.762,
  "max_cos": 0.5693488118036171,
  "mean_cos": 0.15200450708023622,
  "accepted": 90,
  "calls": 90,
  "b1_gh": 1.936036151643176,
  "slope": -0.04096448824772333,
  "logdet": 623.8013834467689,
  "log_b1": 8.454114575634705
}