{
  "dim": 90,
  "seed": "1705",
  "method": "ENUM",
  "beta": 30,
  "steps_budget": 90,
  "steps_done": 90,
  "time_s": 3.766,
  "max_cos": 0.6516847629688503,
  "mean_cos": 0.1576625413662409,
  "accepted": 73,
  "calls": 90,
  "b1_gh": 1.8488264897161606,
  "slope": -0.038765497389132944,
  "logdet": 623.477948126367,
  "log_b1": 8.404429295737769
}