{
  "dim": 90,
  "seed": "1",
  "method": "ENUM_SIEVE",
  "beta": 40,
  "steps_budget": 90,
  "steps_done": 90,
  "time_s": 1.771,
  "max_cos": 0.5889204971392631,
  "mean_cos": 0.15583033196317092,
  "accepted": 90,
  "calls": 90,
  "b1_gh": 1.8261883691382756,
  "slope": -0.039131329804308966,
  "logdet": 623.7694117582427,
  "log_b1": 8.395347608894296
}