{
  "dim": 90,
  "seed": "3",
  "method": "ENUM",
  "beta": 30,
  "steps_budget": 90,
  "steps_done": 90,
  "time_s": 3.832,
  "max_cos": 0.621269184539499,
  "mean_cos": 0.16008700134942921,
  "accepted": 72,
  "calls": 90,
  "b1_gh": 1.77907262745555,
  "slope": -0.03878532679926735,
  "logdet": 623.5700149677303,
  "log_b1": 8.36699338543408
}