{
  "dim": 90,
  "seed": "11",
  "method": "ENUM",
  "beta": 30,
  "steps_budget": 90,
  "steps_done": 90,
  "time_s": 5.823,
  "max_cos": 0.5950558089224546,
  "mean_cos": 0.1535024857743691,
  "accepted": 63,
  "calls": 90,
  "b1_gh": 1.9621583257483683,
  "slope": -0.03908267465602021,
  "logdet": 623.5000057026381,
  "log_b1": 8.464168325971304
}