{
  "dim": 90,
  "seed": "3568",
  "method": "ENUM",
  "beta": 30,
  "steps_budget": 90,
  "steps_done": 90,
  "time_s": 3.83,
  "max_cos": 0.6344991911967429,
  "mean_cos": 0.1537873236598343,
  "accepted": 64,
  "calls": 90,
  "b1_gh": 2.0477395317721467,
  "slope": -0.04034385999975802,
  "logdet": 623.8013834467689,
  "log_b1": 8.51020843092235
}