{
  "dim": 90,
  "seed": "78",
  "method": "ENUM_SIEVE",
  "beta": 40,
  "steps_budget": 90,
  "steps_done": 90,
  "time_s": 1.743,
  "max_cos": 0.6000268001420783,
  "mean_cos": 0.15701908422531657,
  "accepted": 90,
  "calls": 90,
  "b1_gh": 1.9425316142582594,
  "slope": -0.0380377343259102,
  "logdet": 623.2765644948619,
  "log_b1": 8.451632670061056
}