{
  "dim": 90,
  "seed": "1",
  "method": "ENUM",
  "beta": 30,
  "steps_budget": 90,
  "steps_done": 90,
  "time_s": 3.83,
  "max_cos": 0.5997035123804255,
  "mean_cos": 0.15154634618891769,
  "accepted": 66,
  "calls": 90,
  "b1_gh": 1.8567557705141289,
  "slope": -0.037775963800035076,
  "logdet": 623.769411758243,
  "log_b1": 8.41194742802142
}