{
  "dim": 90,
  "seed": "78",
  "method": "ENUM",
  "beta": 30,
  "steps_budget": 90,
  "steps_done": 90,
  "time_s": 5.554,
  "max_cos": 0.6520600241891615,
  "mean_cos": 0.15927721692589922,
  "accepted": 73,
  "calls": 90,
  "b1_gh": 1.9438468286561115,
  "slope": -0.038251394829318636,
  "logdet": 623.2765644948618,
  "log_b1": 8.452309502987841
}