{
  "dim": 90,
  "seed": "11",
  "method": "LLL",
  "beta": 0,
  "steps_budget": 90,
  "steps_done": 1,
  "time_s": 3.439,
  "max_cos": 0.7171873492538935,
  "mean_cos": 0.18262639835393615,
  "accepted": 0,
  "calls": 0,
  "b1_gh": 2.5412377759816835,
  "slope": -0.04296157801544458,
  "logdet": 623.5000057026384,
  "log_b1": 8.722774547694263
}