{
  "dim": 90,
  "seed": "3",
  "method": "LLL",
  "beta": 0,
  "steps_budget": 90,
  "steps_done": 1,
  "time_s": 5.304,
  "max_cos": 0.701983656917857,
  "mean_cos": 0.175944770708931,
  "accepted": 0,
  "calls": 0,
  "b1_gh": 2.4637791535441456,
  "slope": -0.04131988532489293,
  "logdet": 623.5700149677305,
  "log_b1": 8.692597565117937
}