{
  "dim": 90,
  "seed": "2",
  "method": "LLL",
  "beta": 0,
  "steps_budget": 90,
  "steps_done": 1,
  "time_s": 5.362,
  "max_cos": 0.617439517662361,
  "mean_cos": 0.17631906782849358,
  "accepted": 0,
  "calls": 0,
  "b1_gh": 2.4285086485844616,
  "slope": -0.04205367872431411,
  "logdet": 623.2524098858661,
  "log_b1": 8.674649551436906
}