{
  "dim": 90,
  "seed": "0",
  "method": "LLL",
  "beta": 0,
  "steps_budget": 90,
  "steps_done": 1,
  "time_s": 3.527,
  "max_cos": 0.6405311513113695,
  "mean_cos": 0.1701027024851346,
  "accepted": 0,
  "calls": 0,
  "b1_gh": 2.453387785945165,
  "slope": -0.040077572387603386,
  "logdet": 623.5979590383535,
  "log_b1": 8.688681481565085
}