{
  "dim": 90,
  "seed": "3568",
  "method": "LLL",
  "beta": 0,
  "steps_budget": 90,
  "steps_done": 1,
  "time_s": 3.475,
  "max_cos": 0.6285341612698749,
  "mean_cos": 0.1689620629414377,
  "accepted": 0,
  "calls": 0,
  "b1_gh": 2.69948392615621,
  "slope": -0.04208343009278732,
  "logdet": 623.8013834467689,
  "log_b1": 8.786532529865593
}