{
  "dim": 90,
  "seed": "1",
  "method": "LLL",
  "beta": 0,
  "steps_budget": 90,
  "steps_done": 1,
  "time_s": 3.497,
  "max_cos": 0.6450212373969116,
  "mean_cos": 0.17230447651683584,
  "accepted": 0,
  "calls": 0,
  "b1_gh": 2.194445590103063,
  "slope": -0.0402564997456338,
  "logdet": 623.769411758243,
  "log_b1": 8.579046108684691
}