{
  "dim": 90,
  "seed": "1705",
  "method": "LLL",
  "beta": 0,
  "steps_budget": 90,
  "steps_done": 1,
  "time_s": 5.338,
  "max_cos": 0.7057708306947829,
  "mean_cos": 0.17505494122543108,
  "accepted": 0,
  "calls": 0,
  "b1_gh": 2.5955671294656906,
  "slope": -0.04382929898788722,
  "logdet": 623.4779481263671,
  "log_b1": 8.743683227543215
}