{
  "dim": 90,
  "seed": "9",
  "method": "LLL",
  "beta": 0,
  "steps_budget": 90,
  "steps_done": 1,
  "time_s": 3.41,
  "max_cos": 0.5958494403307814,
  "mean_cos": 0.16313358108526632,
  "accepted": 0,
  "calls": 0,
  "b1_gh": 2.469671147017524,
  "slope": -0.04274934552087761,
  "logdet": 623.144389632003,
  "log_b1": 8.690256985226899
}