{
  "dim": 90,
  "seed": "78",
  "method": "LLL",
  "beta": 0,
  "steps_budget": 90,
  "steps_done": 1,
  "time_s": 5.347,
  "max_cos": 0.6301078764740564,
  "mean_cos": 0.1666585468829382,
  "accepted": 0,
  "calls": 0,
  "b1_gh": 1.9598545845659945,
  "slope": -0.04232660034720575,
  "logdet": 623.2765644948619,
  "log_b1": 8.460510870839535
}