{
  "dim": 91,
  "seed": "1303",
  "method": "BKZ",
  "beta": 20,
  "steps_budget": 91,
  "steps_done": 91,
  "time_s": 3.746,
  "max_cos": 0.6270195484361678,
  "mean_cos": 0.15369722743328026,
  "accepted": 91,
  "calls": 91,
  "b1_gh": 2.1105883676603208,
  "slope": -0.04017042797936955,
  "logdet": 630.3350871667832,
  "log_b1": 8.541311968599187
}