{
  "dim": 91,
  "seed": "733",
  "method": "BKZ",
  "beta": 20,
  "steps_budget": 91,
  "steps_done": 91,
  "time_s": 3.865,
  "max_cos": 0.6648034393418495,
  "mean_cos": 0.1579211780668259,
  "accepted": 91,
  "calls": 91,
  "b1_gh": 1.8552133711951617,
  "slope": -0.03830562656475487,
  "logdet": 630.7345289585518,
  "log_b1": 8.416734397336304
}