{
  "dim": 91,
  "seed": "1203",
  "method": "BKZ",
  "beta": 20,
  "steps_budget": 91,
  "steps_done": 91,
  "time_s": 5.862,
  "max_cos": 0.576717343332599,
  "mean_cos": 0.157970397928628,
  "accepted": 91,
  "calls": 91,
  "b1_gh": 2.184798648432097,
  "slope": -0.03986891751338542,
  "logdet": 630.7512170683347,
  "log_b1": 8.580441741364497
}