{
  "dim": 91,
  "seed": "778",
  "method": "BKZ",
  "beta": 20,
  "steps_budget": 91,
  "steps_done": 91,
  "time_s": 5.919,
  "max_cos": 0.638396334610548,
  "mean_cos": 0.15750686172934597,
  "accepted": 91,
  "calls": 91,
  "b1_gh": 2.0542108785222863,
  "slope": -0.03906881674149506,
  "logdet": 630.685908232898,
  "log_b1": 8.518092162782168
}