{
  "dim": 91,
  "seed": "421",
  "method": "BKZ",
  "beta": 20,
  "steps_budget": 91,
  "steps_done": 91,
  "time_s": 3.745,
  "max_cos": 0.7475704040505032,
  "mean_cos": 0.1627814983263622,
  "accepted": 91,
  "calls": 91,
  "b1_gh": 2.1832939443398702,
  "slope": -0.03913948635930513,
  "logdet": 630.4529505255927,
  "log_b1": 8.576475134550604
}