{
  "dim": 91,
  "seed": "5621",
  "method": "BKZ",
  "beta": 20,
  "steps_budget": 91,
  "steps_done": 91,
  "time_s": 3.72,
  "max_cos": 0.6748262566663774,
  "mean_cos": 0.15856673827449128,
  "accepted": 91,
  "calls": 91,
  "b1_gh": 2.117819314448705,
  "slope": -0.03913920058506173,
  "logdet": 630.1588281606976,
  "log_b1": 8.542795234620556
}