{
  "dim": 91,
  "seed": "3924",
  "method": "BKZ",
  "beta": 20,
  "steps_budget": 91,
  "steps_done": 91,
  "time_s": 5.778,
  "max_cos": 0.5991034980610724,
  "mean_cos": 0.15802581277592967,
  "accepted": 91,
  "calls": 91,
  "b1_gh": 1.8720363567913305,
  "slope": -0.04034772245144853,
  "logdet": 630.6392456980484,
  "log_b1": 8.424714413421668
}