{
  "dim": 91,
  "seed": "78",
  "method": "BKZ",
  "beta": 20,
  "steps_budget": 91,
  "steps_done": 91,
  "time_s": 6.329,
  "max_cos": 0.6641066361282238,
  "mean_cos": 0.15261231875774,
  "accepted": 91,
  "calls": 91,
  "b1_gh": 1.7436433585697892,
  "slope": -0.039106909621451774,
  "logdet": 630.6260391634863,
  "log_b1": 8.353519295780204
}