{
  "dim": 91,
  "seed": "161",
  "method": "BKZ",
  "beta": 20,
  "steps_budget": 91,
  "steps_done": 91,
  "time_s": 5.816,
  "max_cos": 0.7178566799958375,
  "mean_cos": 0.15933645584544223,
  "accepted": 91,
  "calls": 91,
  "b1_gh": 1.9519806761897989,
  "slope": -0.039895707088885714,
  "logdet": 630.4190472887699,
  "log_b1": 8.464112439901616
}