{
  "dim": 91,
  "seed": "1203",
  "method": "ENUM",
  "beta": 30,
  "steps_budget": 91,
  "steps_done": 91,
  "time_s": 6.087,
  "max_cos": 0.5734393837365857,
  "mean_cos": 0.15882841677161422,
  "accepted": 73,
  "calls": 91,
  "b1_gh": 2.0536943581709868,
  "slope": -0.03888829505945717,
  "logdet": 630.7512170683349,
  "log_b1": 8.518558366017203
}