{
  "dim": 91,
  "seed": "733",
  "method": "ENUM_SIEVE",
  "beta": 40,
  "steps_budget": 91,
  "steps_done": 91,
  "time_s": 1.827,
  "max_cos": 0.6231848137829181,
  "mean_cos": 0.15596526990093007,
  "accepted": 91,
  "calls": 91,
  "b1_gh": 2.0619282548238895,
  "slope": -0.04019281517467481,
  "logdet": 630.734528958552,
  "log_b1": 8.522376274003323
}