{
  "dim": 91,
  "seed": "3924",
  "method": "ENUM_SIEVE",
  "beta": 40,
  "steps_budget": 91,
  "steps_done": 91,
  "time_s": 1.789,
  "max_cos": 0.5804965295034137,
  "mean_cos": 0.15633531252248856,
  "accepted": 91,
  "calls": 91,
  "b1_gh": 2.1197125311700566,
  "slope": -0.040638748444656835,
  "logdet": 630.6392456980483,
  "log_b1": 8.548968095176892
}