{
  "dim": 91,
  "seed": "421",
  "method": "ENUM_SIEVE",
  "beta": 40,
  "steps_budget": 91,
  "steps_done": 91,
  "time_s": 1.826,
  "max_cos": 0.6217442695426442,
  "mean_cos": 0.15400279134689457,
  "accepted": 91,
  "calls": 91,
  "b1_gh": 1.7691981325916732,
  "slope": -0.037649072095341185,
  "logdet": 630.4529505255925,
  "log_b1": 8.36616682599611
}