{
  "dim": 91,
  "seed": "733",
  "method": "ENUM",
  "beta": 30,
  "steps_budget": 91,
  "steps_done": 91,
  "time_s": 4.014,
  "max_cos": 0.6200819253605716,
  "mean_cos": 0.1563816633924013,
  "accepted": 67,
  "calls": 91,
  "b1_gh": 1.8634981775789705,
  "slope": -0.03757375612571967,
  "logdet": 630.734528958552,
  "log_b1": 8.4211901449694
}