{
  "dim": 91,
  "seed": "778",
  "method": "ENUM",
  "beta": 30,
  "steps_budget": 91,
  "steps_done": 91,
  "time_s": 4.02,
  "max_cos": 0.634386046784244,
  "mean_cos": 0.15308753118564503,
  "accepted": 75,
  "calls": 91,
  "b1_gh": 1.9159975518595471,
  "slope": -0.03748518568167595,
  "logdet": 630.6859082328983,
  "log_b1": 8.448438791112963
}