{
  "dim": 91,
  "seed": "1203",
  "method": "ENUM_SIEVE",
  "beta": 40,
  "steps_budget": 91,
  "steps_done": 91,
  "time_s": 1.837,
  "max_cos": 0.5840980801366149,
  "mean_cos": 0.15303269706407982,
  "accepted": 91,
  "calls": 91,
  "b1_gh": 1.8722053587042709,
  "slope": -0.038090050783248015,
  "logdet": 630.7512170683349,
  "log_b1": 8.426035141011818
}