{
  "dim": 91,
  "seed": "1303",
  "method": "ENUM",
  "beta": 30,
  "steps_budget": 91,
  "steps_done": 91,
  "time_s": 3.929,
  "max_cos": 0.5753740975410765,
  "mean_cos": 0.15849334487283528,
  "accepted": 72,
  "calls": 91,
  "b1_gh": 2.118225819650371,
  "slope": -0.03888029799673542,
  "logdet": 630.3350871667827,
  "log_b1": 8.544924073532512
}