{
  "dim": 91,
  "seed": "5621",
  "method": "ENUM_SIEVE",
  "beta": 40,
  "steps_budget": 91,
  "steps_done": 91,
  "time_s": 1.812,
  "max_cos": 0.6436350865996682,
  "mean_cos": 0.15365571218628654,
  "accepted": 91,
  "calls": 91,
  "b1_gh": 2.004319953956756,
  "slope": -0.042003627970526376,
  "logdet": 630.1588281606975,
  "log_b1": 8.487713128736448
}