{
  "dim": 91,
  "seed": "161",
  "method": "ENUM",
  "beta": 30,
  "steps_budget": 91,
  "steps_done": 91,
  "time_s": 3.932,
  "max_cos": 0.6240656603648614,
  "mean_cos": 0.153813413110361,
  "accepted": 70,
  "calls": 91,
  "b1_gh": 2.077022401231299,
  "slope": -0.03873395144585114,
  "logdet": 630.4190472887698,
  "log_b1": 8.526203181667032
}