{
  "dim": 91,
  "seed": "3924",
  "method": "ENUM",
  "beta": 30,
  "steps_budget": 91,
  "steps_done": 91,
  "time_s": 3.936,
  "max_cos": 0.7160899907676349,
  "mean_cos": 0.16545424177195014,
  "accepted": 76,
  "calls": 91,
  "b1_gh": 2.030506352680509,
  "slope": -0.03821271296746239,
  "logdet": 630.6392456980482,
  "log_b1": 8.505972810959957
}