{
  "dim": 91,
  "seed": "78",
  "method": "ENUM",
  "beta": 30,
  "steps_budget": 91,
  "steps_done": 91,
  "time_s": 6.144,
  "max_cos": 0.6420857354547828,
  "mean_cos": 0.15121660810278367,
  "accepted": 71,
  "calls": 91,
  "b1_gh": 1.743643358569783,
  "slope": -0.03756502532786412,
  "logdet": 630.6260391634867,
  "log_b1": 8.353519295780204
}