{
  "dim": 91,
  "seed": "161",
  "method": "ENUM_SIEVE",
  "beta": 40,
  "steps_budget": 91,
  "steps_done": 91,
  "time_s": 1.813,
  "max_cos": 0.6502892877746757,
  "mean_cos": 0.15275176980280933,
  "accepted": 91,
  "calls": 91,
  "b1_gh": 1.8888071169458749,
  "slope": -0.03995886223465913,
  "logdet": 630.4190472887701,
  "log_b1": 8.431213326206906
}