{
  "dim": 91,
  "seed": "78",
  "method": "ENUM_SIEVE",
  "beta": 40,
  "steps_budget": 91,
  "steps_done": 91,
  "time_s": 1.816,
  "max_cos": 0.6157999847912367,
  "mean_cos": 0.15512849402039766,
  "accepted": 91,
  "calls": 91,
  "b1_gh": 1.8608172783184742,
  "slope": -0.03737131454155223,
  "logdet": 630.6260391634869,
  "log_b1": 8.418558275602503
}