{
  "dim": 91,
  "seed": "421",
  "method": "ENUM",
  "beta": 30,
  "steps_budget": 91,
  "steps_done": 91,
  "time_s": 6.041,
  "max_cos": 0.5583550003730314,
  "mean_cos": 0.15621657263847452,
  "accepted": 67,
  "calls": 91,
  "b1_gh": 1.9602687817361215,
  "slope": -0.04025440458765107,
  "logdet": 630.4529505255925,
  "log_b1": 8.468722011873972
}