{
  "dim": 91,
  "seed": "5621",
  "method": "ENUM",
  "beta": 30,
  "steps_budget": 91,
  "steps_done": 91,
  "time_s": 3.922,
  "max_cos": 0.5949156462874423,
  "mean_cos": 0.1558402159414925,
  "accepted": 69,
  "calls": 91,
  "b1_gh": 2.108533562972414,
  "slope": -0.039285375880631655,
  "logdet": 630.1588281606976,
  "log_b1": 8.538401012610564
}