{
  "dim": 91,
  "seed": "1303",
  "method": "ENUM_SIEVE",
  "beta": 40,
  "steps_budget": 91,
  "steps_done": 91,
  "time_s": 1.83,
  "max_cos": 0.590003878533706,
  "mean_cos": 0.15141231826884388,
  "accepted": 91,
  "calls": 91,
  "b1_gh": 2.123825532660325,
  "slope": -0.039098228071118145,
  "logdet": 630.3350871667832,
  "log_b1": 8.547564171823387
}