{
  "dim": 91,
  "seed": "778",
  "method": "ENUM_SIEVE",
  "beta": 40,
  "steps_budget": 91,
  "steps_done": 91,
  "time_s": 1.787,
  "max_cos": 0.6042256288767782,
  "mean_cos": 0.15622478477737317,
  "accepted": 91,
  "calls": 91,
  "b1_gh": 1.8197519283427386,
  "slope": -0.03856835519235705,
  "logdet": 630.685908232898,
  "log_b1": 8.396900577990413
}