{
  "dim": 91,
  "seed": "778",
  "method": "LLL",
  "beta": 0,
  "steps_budget": 91,
  "steps_done": 1,
  "time_s": 3.639,
  "max_cos": 0.6526261581235135,
  "mean_cos": 0.17077586109454693,
  "accepted": 0,
  "calls": 0,
  "b1_gh": 2.503744764386086,
  "slope": -0.040810189475525636,
  "logdet": 630.6859082328986,
  "log_b1": 8.715987906187015
}