{
  "dim": 91,
  "seed": "421",
  "method": "LLL",
  "beta": 0,
  "steps_budget": 91,
  "steps_done": 1,
  "time_s": 5.521,
  "max_cos": 0.6351579919955841,
  "mean_cos": 0.1663018558958888,
  "accepted": 0,
  "calls": 0,
  "b1_gh": 2.3623564042170675,
  "slope": -0.04202421661374296,
  "logdet": 630.4529505255928,
  "log_b1": 8.655300011749379
}