{
  "dim": 91,
  "seed": "3924",
  "method": "LLL",
  "beta": 0,
  "steps_budget": 91,
  "steps_done": 1,
  "time_s": 3.519,
  "max_cos": 0.7422919403181836,
  "mean_cos": 0.1727062307656352,
  "accepted": 0,
  "calls": 0,
  "b1_gh": 2.626014158943696,
  "slope": -0.04499722694277171,
  "logdet": 630.6392456980484,
  "log_b1": 8.763154781887321
}