{
  "dim": 91,
  "seed": "733",
  "method": "LLL",
  "beta": 0,
  "steps_budget": 91,
  "steps_done": 1,
  "time_s": 5.955,
  "max_cos": 0.7409855239222731,
  "mean_cos": 0.16936318331038253,
  "accepted": 0,
  "calls": 0,
  "b1_gh": 2.919622267770187,
  "slope": -0.04261891477654738,
  "logdet": 630.7345289585525,
  "log_b1": 8.87018893054846
}