{
  "dim": 91,
  "seed": "1303",
  "method": "LLL",
  "beta": 0,
  "steps_budget": 91,
  "steps_done": 1,
  "time_s": 3.468,
  "max_cos": 0.6747632012900876,
  "mean_cos": 0.17836662454377983,
  "accepted": 0,
  "calls": 0,
  "b1_gh": 2.987241155345604,
  "slope": -0.04377553744125136,
  "logdet": 630.3350871667828,
  "log_b1": 8.888695483691297
}