{
  "dim": 91,
  "seed": "5621",
  "method": "LLL",
  "beta": 0,
  "steps_budget": 91,
  "steps_done": 1,
  "time_s": 5.476,
  "max_cos": 0.7143256659414997,
  "mean_cos": 0.17407983368301813,
  "accepted": 0,
  "calls": 0,
  "b1_gh": 3.140391726835749,
  "slope": -0.045950481595750846,
  "logdet": 630.1588281606971,
  "log_b1": 8.936755846503107
}