{
  "dim": 91,
  "seed": "161",
  "method": "LLL",
  "beta": 0,
  "steps_budget": 91,
  "steps_done": 1,
  "time_s": 5.488,
  "max_cos": 0.6692643137589401,
  "mean_cos": 0.1670802553217988,
  "accepted": 0,
  "calls": 0,
  "b1_gh": 2.2147590921033204,
  "slope": -0.042393434585933434,
  "logdet": 630.4190472887699,
  "log_b1": 8.590411487004623
}