{
  "dim": 91,
  "seed": "1203",
  "method": "LLL",
  "beta": 0,
  "steps_budget": 91,
  "steps_done": 1,
  "time_s": 3.637,
  "max_cos": 0.6170824944166491,
  "mean_cos": 0.16258661431858856,
  "accepted": 0,
  "calls": 0,
  "b1_gh": 2.3383245525052585,
  "slope": -0.041510558701640714,
  "logdet": 630.751217068335,
  "log_b1": 8.648352738524519
}