{
  "dim": 91,
  "seed": "78",
  "method": "LLL",
  "beta": 0,
  "steps_budget": 91,
  "steps_done": 1,
  "time_s": 3.676,
  "max_cos": 0.6775258659294306,
  "mean_cos": 0.1624071151573318,
  "accepted": 0,
  "calls": 0,
  "b1_gh": 2.160650127183551,
  "slope": -0.04053887935831728,
  "logdet": 630.6260391634868,
  "log_b1": 8.56795164865498
}