{
  "dim": 92,
  "seed": "148",
  "method": "BKZ",
  "beta": 20,
  "steps_budget": 92,
  "steps_done": 92,
  "time_s": 3.971,
  "max_cos": 0.6505706405752338,
  "mean_cos": 0.15888441975708054,
  "accepted": 92,
  "calls": 92,
  "b1_gh": 2.1909338078202363,
  "slope": -0.04158051745390027,
  "logdet": 637.6756451078021,
  "log_b1": 8.588356603498672
}