{
  "dim": 92,
  "seed": "501",
  "method": "BKZ",
  "beta": 20,
  "steps_budget": 92,
  "steps_done": 92,
  "time_s": 6.176,
  "max_cos": 0.6687482278961405,
  "mean_cos": 0.15602546978796716,
  "accepted": 92,
  "calls": 92,
  "b1_gh": 2.0613058444325345,
  "slope": -0.03950178987837839,
  "logdet": 637.5137608138557,
  "log_b1": 8.525608829428528
}