{
  "dim": 92,
  "seed": "3",
  "method": "BKZ",
  "beta": 20,
  "steps_budget": 92,
  "steps_done": 92,
  "time_s": 6.332,
  "max_cos": 0.5837404946086735,
  "mean_cos": 0.15598098318255013,
  "accepted": 92,
  "calls": 92,
  "b1_gh": 1.8382265604320125,
  "slope": -0.03828681812818694,
  "logdet": 637.30460678029,
  "log_b1": 8.408797009977247
}