{
  "dim": 92,
  "seed": "1",
  "method": "BKZ",
  "beta": 20,
  "steps_budget": 92,
  "steps_done": 92,
  "time_s": 6.107,
  "max_cos": 0.6491334410059889,
  "mean_cos": 0.15839233714133616,
  "accepted": 92,
  "calls": 92,
  "b1_gh": 2.0786358585009608,
  "slope": -0.03979764742519042,
  "logdet": 637.3608776550855,
  "log_b1": 8.532319210229495
}