{
  "dim": 92,
  "seed": "60",
  "method": "BKZ",
  "beta": 20,
  "steps_budget": 92,
  "steps_done": 92,
  "time_s": 3.997,
  "max_cos": 0.5907720676890397,
  "mean_cos": 0.16224715068162934,
  "accepted": 92,
  "calls": 92,
  "b1_gh": 1.9751728869405343,
  "slope": -0.03810539354474475,
  "logdet": 637.6392370259565,
  "log_b1": 8.484288946479603
}