{
  "dim": 92,
  "seed": "2",
  "method": "BKZ",
  "beta": 20,
  "steps_budget": 92,
  "steps_done": 92,
  "time_s": 6.082,
  "max_cos": 0.6127556582731982,
  "mean_cos": 0.16349504711267798,
  "accepted": 92,
  "calls": 92,
  "b1_gh": 2.3011300158033334,
  "slope": -0.04170397756865416,
  "logdet": 637.4876646092458,
  "log_b1": 8.635385801497819
}