{
  "dim": 92,
  "seed": "904",
  "method": "BKZ",
  "beta": 20,
  "steps_budget": 92,
  "steps_done": 92,
  "time_s": 6.559,
  "max_cos": 0.6395208583765977,
  "mean_cos": 0.16348284444561054,
  "accepted": 92,
  "calls": 92,
  "b1_gh": 2.212700724737732,
  "slope": -0.038594229284149975,
  "logdet": 637.4464970933801,
  "log_b1": 8.595751831829338
}