{
  "dim": 92,
  "seed": "1351",
  "method": "BKZ",
  "beta": 20,
  "steps_budget": 92,
  "steps_done": 92,
  "time_s": 4.007,
  "max_cos": 0.6510732276777137,
  "mean_cos": 0.15533170740265154,
  "accepted": 92,
  "calls": 92,
  "b1_gh": 2.187047973346698,
  "slope": -0.04071578093578609,
  "logdet": 637.6615588181655,
  "log_b1": 8.586428319583188
}