{
  "dim": 92,
  "seed": "0",
  "method": "BKZ",
  "beta": 20,
  "steps_budget": 92,
  "steps_done": 92,
  "time_s": 4.022,
  "max_cos": 0.5671673187201132,
  "mean_cos": 0.15997891059541608,
  "accepted": 92,
  "calls": 92,
  "b1_gh": 2.0300058059278827,
  "slope": -0.038247022514700045,
  "logdet": 637.6686567381528,
  "log_b1": 8.511991446859305
}