{
  "dim": 92,
  "seed": "501",
  "method": "ENUM",
  "beta": 30,
  "steps_budget": 92,
  "steps_done": 92,
  "time_s": 6.507,
  "max_cos": 0.6019543513402701,
  "mean_cos": 0.1555064571887661,
  "accepted": 75,
  "calls": 92,
  "b1_gh": 1.9488744968338292,
  "slope": -0.03886346089333899,
  "logdet": 637.5137608138557,
  "log_b1": 8.469521167227308
}