{
  "dim": 92,
  "seed": "148",
  "method": "ENUM_SIEVE",
  "beta": 40,
  "steps_budget": 92,
  "steps_done": 92,
  "time_s": 1.889,
  "max_cos": 0.6477532518838461,
  "mean_cos": 0.1541118829860694,
  "accepted": 92,
  "calls": 92,
  "b1_gh": 1.884415745284649,
  "slope": -0.03830291661665373,
  "logdet": 637.6756451078021,
  "log_b1": 8.43764657769097
}