{
  "dim": 92,
  "seed": "501",
  "method": "ENUM_SIEVE",
  "beta": 40,
  "steps_budget": 92,
  "steps_done": 92,
  "time_s": 1.975,
  "max_cos": 0.6030659459382202,
  "mean_cos": 0.1548432974006015,
  "accepted": 92,
  "calls": 92,
  "b1_gh": 2.0245203380691703,
  "slope": -0.0401208945546517,
  "logdet": 637.5137608138559,
  "log_b1": 8.507601944806703
}