{
  "dim": 92,
  "seed": "2",
  "method": "ENUM_SIEVE",
  "beta": 40,
  "steps_budget": 92,
  "steps_done": 92,
  "time_s": 1.927,
  "max_cos": 0.6830621519496854,
  "mean_cos": 0.15406506395573857,
  "accepted": 92,
  "calls": 92,
  "b1_gh": 2.082945362110514,
  "slope": -0.039359619740630424,
  "logdet": 637.4876646092459,
  "log_b1": 8.535768419548713
}