{
  "dim": 92,
  "seed": "904",
  "method": "ENUM",
  "beta": 30,
  "steps_budget": 92,
  "steps_done": 92,
  "time_s": 4.194,
  "max_cos": 0.6049358694394665,
  "mean_cos": 0.15959039400226144,
  "accepted": 73,
  "calls": 92,
  "b1_gh": 2.0370026703158257,
  "slope": -0.03769574129264918,
  "logdet": 637.4464970933801,
  "log_b1": 8.513017463149133
}