{
  "dim": 92,
  "seed": "3",
  "method": "ENUM",
  "beta": 30,
  "steps_budget": 92,
  "steps_done": 92,
  "time_s": 6.316,
  "max_cos": 0.6025216742787507,
  "mean_cos": 0.16104856727632136,
  "accepted": 75,
  "calls": 92,
  "b1_gh": 1.9947065934632717,
  "slope": -0.03876608459063607,
  "logdet": 637.3046067802906,
  "log_b1": 8.490492697567436
}