{
  "dim": 92,
  "seed": "3",
  "method": "ENUM_SIEVE",
  "beta": 40,
  "steps_budget": 92,
  "steps_done": 92,
  "time_s": 1.887,
  "max_cos": 0.6021460380046303,
  "mean_cos": 0.15092783072284605,
  "accepted": 92,
  "calls": 92,
  "b1_gh": 1.769062040638805,
  "slope": -0.039401014239502694,
  "logdet": 637.3046067802903,
  "log_b1": 8.370445214572504
}