{
  "dim": 92,
  "seed": "1351",
  "method": "ENUM_SIEVE",
  "beta": 40,
  "steps_budget": 92,
  "steps_done": 92,
  "time_s": 1.897,
  "max_cos": 0.7089449398765014,
  "mean_cos": 0.1505874911642362,
  "accepted": 92,
  "calls": 92,
  "b1_gh": 1.9795703596598995,
  "slope": -0.039228344180706524,
  "logdet": 637.6615588181652,
  "log_b1": 8.486755473532424
}