{
  "dim": 92,
  "seed": "60",
  "method": "ENUM_SIEVE",
  "beta": 40,
  "steps_budget": 92,
  "steps_done": 92,
  "time_s": 1.909,
  "max_cos": 0.6116240849160549,
  "mean_cos": 0.16041091411565037,
  "accepted": 92,
  "calls": 92,
  "b1_gh": 2.041940173574392,
  "slope": -0.03984598342308667,
  "logdet": 637.6392370259564,
  "log_b1": 8.517533435623854
}