{
  "dim": 92,
  "seed": "2",
  "method": "ENUM",
  "beta": 30,
  "steps_budget": 92,
  "steps_done": 92,
  "time_s": 6.301,
  "max_cos": 0.6040191749596506,
  "mean_cos": 0.1562833830520792,
  "accepted": 67,
  "calls": 92,
  "b1_gh": 1.9903262688779038,
  "slope": -0.03899248314780606,
  "logdet": 637.4876646092454,
  "log_b1": 8.49028406750509
}