{
  "dim": 92,
  "seed": "1351",
  "method": "ENUM",
  "beta": 30,
  "steps_budget": 92,
  "steps_done": 92,
  "time_s": 4.176,
  "max_cos": 0.5675164953820058,
  "mean_cos": 0.1525723261219467,
  "accepted": 75,
  "calls": 92,
  "b1_gh": 1.8611395968258353,
  "slope": -0.03841541962375734,
  "logdet": 637.6615588181654,
  "log_b1": 8.425064629017381
}