{
  "dim": 92,
  "seed": "0",
  "method": "ENUM_SIEVE",
  "beta": 40,
  "steps_budget": 92,
  "steps_done": 92,
  "time_s": 1.909,
  "max_cos": 0.5875646666355863,
  "mean_cos": 0.15744638392878574,
  "accepted": 92,
  "calls": 92,
  "b1_gh": 1.9250382705130091,
  "slope": -0.03941145827748157,
  "logdet": 637.6686567381521,
  "log_b1": 8.458898642074802
}