{
  "dim": 92,
  "seed": "904",
  "method": "ENUM_SIEVE",
  "beta": 40,
  "steps_budget": 92,
  "steps_done": 92,
  "time_s": 1.874,
  "max_cos": 0.5906914387106229,
  "mean_cos": 0.1627878931664213,
  "accepted": 92,
  "calls": 92,
  "b1_gh": 1.9666693139778684,
  "slope": -0.03822153170813252,
  "logdet": 637.4464970933801,
  "log_b1": 8.477879423332274
}