{
  "dim": 92,
  "seed": "1",
  "method": "ENUM",
  "beta": 30,
  "steps_budget": 92,
  "steps_done": 92,
  "time_s": 6.319,
  "max_cos": 0.616681680985523,
  "mean_cos": 0.15800286969260594,
  "accepted": 65,
  "calls": 92,
  "b1_gh": 1.8036474735560672,
  "slope": -0.03859337891067592,
  "logdet": 637.3608776550853,
  "log_b1": 8.390418357703844
}