{
  "dim": 92,
  "seed": "148",
  "method": "ENUM",
  "beta": 30,
  "steps_budget": 92,
  "steps_done": 92,
  "time_s": 4.165,
  "max_cos": 0.6002367490811333,
  "mean_cos": 0.15682789212272058,
  "accepted": 70,
  "calls": 92,
  "b1_gh": 2.047524634751793,
  "slope": -0.03824607485512794,
  "logdet": 637.675645107802,
  "log_b1": 8.520660322583883
}