{
  "dim": 92,
  "seed": "0",
  "method": "ENUM",
  "beta": 30,
  "steps_budget": 92,
  "steps_done": 92,
  "time_s": 6.453,
  "max_cos": 0.6232574952324766,
  "mean_cos": 0.1546465374366879,
  "accepted": 70,
  "calls": 92,
  "b1_gh": 1.9346929088867224,
  "slope": -0.03753870426564211,
  "logdet": 637.6686567381525,
  "log_b1": 8.463901404216012
}