{
  "dim": 92,
  "seed": "1",
  "method": "ENUM_SIEVE",
  "beta": 40,
  "steps_budget": 92,
  "steps_done": 92,
  "time_s": 1.852,
  "max_cos": 0.5717345764204038,
  "mean_cos": 0.152504738349965,
  "accepted": 92,
  "calls": 92,
  "b1_gh": 1.9656467217175264,
  "slope": -0.03998371399460519,
  "logdet": 637.3608776550852,
  "log_b1": 8.476428680570649
}