{
  "dim": 92,
  "seed": "60",
  "method": "ENUM",
  "beta": 30,
  "steps_budget": 92,
  "steps_done": 92,
  "time_s": 6.376,
  "max_cos": 0.5813776520689528,
  "mean_cos": 0.1581316612355562,
  "accepted": 63,
  "calls": 92,
  "b1_gh": 2.0162306222080244,
  "slope": -0.03808557225199082,
  "logdet": 637.6392370259563,
  "log_b1": 8.504862753869231
}