{
  "dim": 92,
  "seed": "60",
  "method": "LLL",
  "beta": 0,
  "steps_budget": 92,
  "steps_done": 1,
  "time_s": 3.793,
  "max_cos": 0.6457962724599984,
  "mean_cos": 0.16851857190792188,
  "accepted": 0,
  "calls": 0,
  "b1_gh": 2.487803465238545,
  "slope": -0.040494993211484406,
  "logdet": 637.6392370259565,
  "log_b1": 8.7150331929518
}