{
  "dim": 92,
  "seed": "0",
  "method": "LLL",
  "beta": 0,
  "steps_budget": 92,
  "steps_done": 1,
  "time_s": 5.928,
  "max_cos": 0.6571561781833619,
  "mean_cos": 0.17383505250638054,
  "accepted": 0,
  "calls": 0,
  "b1_gh": 2.5268958286553316,
  "slope": -0.03984814174294446,
  "logdet": 637.6686567381522,
  "log_b1": 8.730944397977101
}