{
  "dim": 92,
  "seed": "1",
  "method": "LLL",
  "beta": 0,
  "steps_budget": 92,
  "steps_done": 1,
  "time_s": 5.737,
  "max_cos": 0.6606795442922287,
  "mean_cos": 0.1718379049593938,
  "accepted": 0,
  "calls": 0,
  "b1_gh": 2.5486508232233542,
  "slope": -0.044656921791534236,
  "logdet": 637.3608776550852,
  "log_b1": 8.736171499152128
}