{
  "dim": 92,
  "seed": "501",
  "method": "LLL",
  "beta": 0,
  "steps_budget": 92,
  "steps_done": 1,
  "time_s": 3.737,
  "max_cos": 0.669819627555186,
  "mean_cos": 0.16541008246712796,
  "accepted": 0,
  "calls": 0,
  "b1_gh": 2.217190656538999,
  "slope": -0.041307854337901885,
  "logdet": 637.5137608138559,
  "log_b1": 8.598510066869009
}