{
  "dim": 92,
  "seed": "2",
  "method": "LLL",
  "beta": 0,
  "steps_budget": 92,
  "steps_done": 1,
  "time_s": 3.762,
  "max_cos": 0.6747992123627818,
  "mean_cos": 0.1743798872396791,
  "accepted": 0,
  "calls": 0,
  "b1_gh": 2.7113564614348555,
  "slope": -0.04333360031799767,
  "logdet": 637.4876646092453,
  "log_b1": 8.799434536936175
}