{
  "dim": 92,
  "seed": "904",
  "method": "LLL",
  "beta": 0,
  "steps_budget": 92,
  "steps_done": 1,
  "time_s": 3.794,
  "max_cos": 0.6122556407496459,
  "mean_cos": 0.17273207726819856,
  "accepted": 0,
  "calls": 0,
  "b1_gh": 2.7689663121100527,
  "slope": -0.04303059548532498,
  "logdet": 637.4464970933801,
  "log_b1": 8.820012093028781
}