{
  "dim": 92,
  "seed": "3",
  "method": "LLL",
  "beta": 0,
  "steps_budget": 92,
  "steps_done": 1,
  "time_s": 3.716,
  "max_cos": 0.645829961553068,
  "mean_cos": 0.1680889221430417,
  "accepted": 0,
  "calls": 0,
  "b1_gh": 2.5776351019401003,
  "slope": -0.042811150276947346,
  "logdet": 637.3046067802906,
  "log_b1": 8.74686808040629
}