{
  "dim": 92,
  "seed": "1351",
  "method": "LLL",
  "beta": 0,
  "steps_budget": 92,
  "steps_done": 1,
  "time_s": 3.704,
  "max_cos": 0.6864396810274075,
  "mean_cos": 0.17423311622480475,
  "accepted": 0,
  "calls": 0,
  "b1_gh": 2.6900795267938586,
  "slope": -0.04264033954495204,
  "logdet": 637.6615588181659,
  "log_b1": 8.79344639948313
}