{
  "dim": 92,
  "seed": "148",
  "method": "LLL",
  "beta": 0,
  "steps_budget": 92,
  "steps_done": 1,
  "time_s": 3.761,
  "max_cos": 0.6721599038584621,
  "mean_cos": 0.1686656137903657,
  "accepted": 0,
  "calls": 0,
  "b1_gh": 2.19093380782024,
  "slope": -0.043363282649894065,
  "logdet": 637.6756451078019,
  "log_b1": 8.588356603498672
}