{
  "dim": 93,
  "seed": "133",
  "method": "BKZ",
  "beta": 20,
  "steps_budget": 93,
  "steps_done": 93,
  "time_s": 4.134,
  "max_cos": 0.6109624132583724,
  "mean_cos": 0.1558281220999352,
  "accepted": 93,
  "calls": 93,
  "b1_gh": 2.1860591989167864,
  "slope": -0.039745583616784305,
  "logdet": 644.1379798352249,
  "log_b1": 8.58621906661392
}