{
  "dim": 93,
  "seed": "1",
  "method": "BKZ",
  "beta": 20,
  "steps_budget": 93,
  "steps_done": 93,
  "time_s": 4.055,
  "max_cos": 0.6100961229319724,
  "mean_cos": 0.15878963322475326,
  "accepted": 93,
  "calls": 93,
  "b1_gh": 2.0774647984152765,
  "slope": -0.04077656460051357,
  "logdet": 644.538644453085,
  "log_b1": 8.539575121391405
}