{
  "dim": 93,
  "seed": "283",
  "method": "BKZ",
  "beta": 20,
  "steps_budget": 93,
  "steps_done": 93,
  "time_s": 6.471,
  "max_cos": 0.6240609211104066,
  "mean_cos": 0.15962265909951126,
  "accepted": 93,
  "calls": 93,
  "b1_gh": 2.144673026731132,
  "slope": -0.04132306095938493,
  "logdet": 644.2767605555485,
  "log_b1": 8.568597967774634
}