{
  "dim": 93,
  "seed": "2",
  "method": "BKZ",
  "beta": 20,
  "steps_budget": 93,
  "steps_done": 93,
  "time_s": 6.516,
  "max_cos": 0.5912217245369543,
  "mean_cos": 0.16093990613443204,
  "accepted": 93,
  "calls": 93,
  "b1_gh": 2.307095666260881,
  "slope": -0.040003169348678216,
  "logdet": 644.5022835184651,
  "log_b1": 8.644025286352234
}