{
  "dim": 93,
  "seed": "302",
  "method": "BKZ",
  "beta": 20,
  "steps_budget": 93,
  "steps_done": 93,
  "time_s": 4.131,
  "max_cos": 0.6423974628615393,
  "mean_cos": 0.15292590253274235,
  "accepted": 93,
  "calls": 93,
  "b1_gh": 2.034208720941107,
  "slope": -0.038687514775416515,
  "logdet": 644.0576824122824,
  "log_b1": 8.513362091504877
}