{
  "dim": 93,
  "seed": "257",
  "method": "BKZ",
  "beta": 20,
  "steps_budget": 93,
  "steps_done": 93,
  "time_s": 4.165,
  "max_cos": 0.5882372629944734,
  "mean_cos": 0.15830464124688112,
  "accepted": 93,
  "calls": 93,
  "b1_gh": 2.106754588003412,
  "slope": -0.038337524759194296,
  "logdet": 644.4855344102385,
  "log_b1": 8.55300439569393
}