{
  "dim": 93,
  "seed": "1139",
  "method": "BKZ",
  "beta": 20,
  "steps_budget": 93,
  "steps_done": 93,
  "time_s": 6.48,
  "max_cos": 0.6103208433575467,
  "mean_cos": 0.16387966463485562,
  "accepted": 93,
  "calls": 93,
  "b1_gh": 2.1886582576120834,
  "slope": -0.039801300043557176,
  "logdet": 643.970957600224,
  "log_b1": 8.585611346597538
}