{
  "dim": 93,
  "seed": "0",
  "method": "BKZ",
  "beta": 20,
  "steps_budget": 93,
  "steps_done": 93,
  "time_s": 6.449,
  "max_cos": 0.5886251704802059,
  "mean_cos": 0.1564069238433094,
  "accepted": 93,
  "calls": 93,
  "b1_gh": 2.0299367627273663,
  "slope": -0.039738553604531504,
  "logdet": 644.3513033411476,
  "log_b1": 8.51441703863612
}