{
  "dim": 93,
  "seed": "3",
  "method": "BKZ",
  "beta": 20,
  "steps_budget": 93,
  "steps_done": 93,
  "time_s": 4.068,
  "max_cos": 0.5884858756536145,
  "mean_cos": 0.15633593788022065,
  "accepted": 93,
  "calls": 93,
  "b1_gh": 2.045594433806644,
  "slope": -0.04018023956638969,
  "logdet": 644.3234286290034,
  "log_b1": 8.521801093280445
}