{
  "dim": 93,
  "seed": "283",
  "method": "ENUM_SIEVE",
  "beta": 40,
  "steps_budget": 93,
  "steps_done": 93,
  "time_s": 1.977,
  "max_cos": 0.5877124507927156,
  "mean_cos": 0.15826639100130135,
  "accepted": 93,
  "calls": 93,
  "b1_gh": 1.9995707630604647,
  "slope": -0.03859123601841168,
  "logdet": 644.2767605555489,
  "log_b1": 8.498543401160786
}