{
  "dim": 93,
  "seed": "283",
  "method": "ENUM",
  "beta": 30,
  "steps_budget": 93,
  "steps_done": 93,
  "time_s": 6.551,
  "max_cos": 0.5985011308710892,
  "mean_cos": 0.15181712125586064,
  "accepted": 71,
  "calls": 93,
  "b1_gh": 1.8879800313651165,
  "slope": -0.03917069231376459,
  "logdet": 644.2767605555485,
  "log_b1": 8.441118353164361
}