{
  "dim": 93,
  "seed": "133",
  "method": "ENUM_SIEVE",
  "beta": 40,
  "steps_budget": 93,
  "steps_done": 93,
  "time_s": 1.92,
  "max_cos": 0.6048088761949669,
  "mean_cos": 0.15310735311751342,
  "accepted": 93,
  "calls": 93,
  "b1_gh": 1.8585187307410844,
  "slope": -0.03885511538966448,
  "logdet": 644.1379798352251,
  "log_b1": 8.42389838541756
}