{
  "dim": 93,
  "seed": "3",
  "method": "ENUM_SIEVE",
  "beta": 40,
  "steps_budget": 93,
  "steps_done": 93,
  "time_s": 1.971,
  "max_cos": 0.6030322966633274,
  "mean_cos": 0.15683509334769558,
  "accepted": 93,
  "calls": 93,
  "b1_gh": 1.990303936727821,
  "slope": -0.039153719342670944,
  "logdet": 644.3234286290033,
  "log_b1": 8.494400028443977
}