{
  "dim": 93,
  "seed": "1139",
  "method": "ENUM_SIEVE",
  "beta": 40,
  "steps_budget": 93,
  "steps_done": 93,
  "time_s": 1.99,
  "max_cos": 0.5674331606709444,
  "mean_cos": 0.15328034588839437,
  "accepted": 93,
  "calls": 93,
  "b1_gh": 1.9167448034921761,
  "slope": -0.03936009812222481,
  "logdet": 643.970957600224,
  "log_b1": 8.452950990633344
}