{
  "dim": 93,
  "seed": "0",
  "method": "ENUM_SIEVE",
  "beta": 40,
  "steps_budget": 93,
  "steps_done": 93,
  "time_s": 1.936,
  "max_cos": 0.5607527233666906,
  "mean_cos": 0.14726863429000558,
  "accepted": 93,
  "calls": 93,
  "b1_gh": 1.9606508393530362,
  "slope": -0.040578761394471315,
  "logdet": 644.3513033411484,
  "log_b1": 8.479688876450291
}