{
  "dim": 93,
  "seed": "0",
  "method": "ENUM",
  "beta": 30,
  "steps_budget": 93,
  "steps_done": 93,
  "time_s": 4.299,
  "max_cos": 0.6235645883660814,
  "mean_cos": 0.15586266485018907,
  "accepted": 70,
  "calls": 93,
  "b1_gh": 2.03929090655247,
  "slope": -0.03851686892650835,
  "logdet": 644.3513033411477,
  "log_b1": 8.519014550037287
}