{
  "dim": 93,
  "seed": "2",
  "method": "ENUM",
  "beta": 30,
  "steps_budget": 93,
  "steps_done": 93,
  "time_s": 4.217,
  "max_cos": 0.586245970366299,
  "mean_cos": 0.15694714230381235,
  "accepted": 72,
  "calls": 93,
  "b1_gh": 2.0820645179546187,
  "slope": -0.03927269530441008,
  "logdet": 644.502283518465,
  "log_b1": 8.54139579836379
}