{
  "dim": 93,
  "seed": "133",
  "method": "ENUM",
  "beta": 30,
  "steps_budget": 93,
  "steps_done": 93,
  "time_s": 4.277,
  "max_cos": 0.6855515422942692,
  "mean_cos": 0.1575315816368259,
  "accepted": 67,
  "calls": 93,
  "b1_gh": 2.0919767244100442,
  "slope": -0.03809719580739863,
  "logdet": 644.1379798352251,
  "log_b1": 8.542228016436274
}