{
  "dim": 93,
  "seed": "1",
  "method": "ENUM_SIEVE",
  "beta": 40,
  "steps_budget": 93,
  "steps_done": 93,
  "time_s": 1.971,
  "max_cos": 0.6753579173514198,
  "mean_cos": 0.1558274275406568,
  "accepted": 93,
  "calls": 93,
  "b1_gh": 2.126472749484147,
  "slope": -0.0384452398029588,
  "logdet": 644.5386444530848,
  "log_b1": 8.562891438894896
}