{
  "dim": 93,
  "seed": "3",
  "method": "ENUM",
  "beta": 30,
  "steps_budget": 93,
  "steps_done": 93,
  "time_s": 6.61,
  "max_cos": 0.6531835528716267,
  "mean_cos": 0.1591374864987498,
  "accepted": 68,
  "calls": 93,
  "b1_gh": 1.7132735852440588,
  "slope": -0.039917842219764,
  "logdet": 644.3234286290034,
  "log_b1": 8.344518587111155
}