{
  "dim": 93,
  "seed": "257",
  "method": "ENUM",
  "beta": 30,
  "steps_budget": 93,
  "steps_done": 93,
  "time_s": 4.208,
  "max_cos": 0.6793317926532502,
  "mean_cos": 0.15303343885644452,
  "accepted": 70,
  "calls": 93,
  "b1_gh": 2.007260556696964,
  "slope": -0.038582845909536985,
  "logdet": 644.4855344102383,
  "log_b1": 8.504626627614805
}