{
  "dim": 93,
  "seed": "2",
  "method": "ENUM_SIEVE",
  "beta": 40,
  "steps_budget": 93,
  "steps_done": 93,
  "time_s": 1.945,
  "max_cos": 0.570740210977459,
  "mean_cos": 0.15872033518482787,
  "accepted": 93,
  "calls": 93,
  "b1_gh": 2.1102168401719124,
  "slope": -0.03877990636319459,
  "logdet": 644.5022835184653,
  "log_b1": 8.554826550262032
}