{
  "dim": 93,
  "seed": "1139",
  "method": "ENUM",
  "beta": 30,
  "steps_budget": 93,
  "steps_done": 93,
  "time_s": 6.677,
  "max_cos": 0.6471666189445305,
  "mean_cos": 0.15299674571093755,
  "accepted": 80,
  "calls": 93,
  "b1_gh": 1.9469163335343729,
  "slope": -0.0380826146289991,
  "logdet": 643.9709576002241,
  "log_b1": 8.468569411759928
}