{
  "dim": 93,
  "seed": "302",
  "method": "ENUM_SIEVE",
  "beta": 40,
  "steps_budget": 93,
  "steps_done": 93,
  "time_s": 1.955,
  "max_cos": 0.6536042610085533,
  "mean_cos": 0.15393768205198655,
  "accepted": 93,
  "calls": 93,
  "b1_gh": 2.0128267624987566,
  "slope": -0.03892171179452592,
  "logdet": 644.0576824122822,
  "log_b1": 8.502795266734175
}