{
  "dim": 93,
  "seed": "1",
  "method": "ENUM",
  "beta": 30,
  "steps_budget": 93,
  "steps_done": 93,
  "time_s": 6.568,
  "max_cos": 0.5696646078018528,
  "mean_cos": 0.15586704991999698,
  "accepted": 74,
  "calls": 93,
  "b1_gh": 2.152210161515098,
  "slope": -0.040476947167319054,
  "logdet": 644.5386444530853,
  "log_b1": 8.574922114219781
}