{
  "dim": 93,
  "seed": "302",
  "method": "ENUM",
  "beta": 30,
  "steps_budget": 93,
  "steps_done": 93,
  "time_s": 4.291,
  "max_cos": 0.5960586063332628,
  "mean_cos": 0.15389109393681372,
  "accepted": 78,
  "calls": 93,
  "b1_gh": 1.8905176646605308,
  "slope": -0.03816656236029287,
  "logdet": 644.057682412282,
  "log_b1": 8.440105871359085
}