{
  "dim": 93,
  "seed": "257",
  "method": "ENUM_SIEVE",
  "beta": 40,
  "steps_budget": 93,
  "steps_done": 93,
  "time_s": 2.015,
  "max_cos": 0.6215204611572418,
  "mean_cos": 0.15994059013742964,
  "accepted": 93,
  "calls": 93,
  "b1_gh": 2.1640704999479747,
  "slope": -0.03960558042139638,
  "logdet": 644.4855344102389,
  "log_b1": 8.579846681250155
}