{
  "dim": 93,
  "seed": "1",
  "method": "LLL",
  "beta": 0,
  "steps_budget": 93,
  "steps_done": 1,
  "time_s": 6.04,
  "max_cos": 0.6596430646543221,
  "mean_cos": 0.17659876247933798,
  "accepted": 0,
  "calls": 0,
  "b1_gh": 2.8857290250499137,
  "slope": -0.04220138615556687,
  "logdet": 644.5386444530844,
  "log_b1": 8.868204381021293
}