{
  "dim": 93,
  "seed": "133",
  "method": "LLL",
  "beta": 0,
  "steps_budget": 93,
  "steps_done": 1,
  "time_s": 3.922,
  "max_cos": 0.6780632955497862,
  "mean_cos": 0.17054412625616847,
  "accepted": 0,
  "calls": 0,
  "b1_gh": 2.4805797814523256,
  "slope": -0.04021131830919694,
  "logdet": 644.137979835225,
  "log_b1": 8.712610911992133
}