{
  "dim": 93,
  "seed": "302",
  "method": "LLL",
  "beta": 0,
  "steps_budget": 93,
  "steps_done": 1,
  "time_s": 6.154,
  "max_cos": 0.6446824649048324,
  "mean_cos": 0.16561664503805118,
  "accepted": 0,
  "calls": 0,
  "b1_gh": 2.3505387802417217,
  "slope": -0.03972548466422845,
  "logdet": 644.0576824122824,
  "log_b1": 8.657899753210692
}