{
  "dim": 93,
  "seed": "0",
  "method": "LLL",
  "beta": 0,
  "steps_budget": 93,
  "steps_done": 1,
  "time_s": 3.952,
  "max_cos": 0.6962959832427313,
  "mean_cos": 0.16615095222771278,
  "accepted": 0,
  "calls": 0,
  "b1_gh": 2.6197467395713874,
  "slope": -0.04151205119503214,
  "logdet": 644.3513033411476,
  "log_b1": 8.76949004624845
}