{
  "dim": 93,
  "seed": "1139",
  "method": "LLL",
  "beta": 0,
  "steps_budget": 93,
  "steps_done": 1,
  "time_s": 3.914,
  "max_cos": 0.6247009194493508,
  "mean_cos": 0.16989418813009208,
  "accepted": 0,
  "calls": 0,
  "b1_gh": 2.681598896354772,
  "slope": -0.04110426601465538,
  "logdet": 643.970957600224,
  "log_b1": 8.788735878027081
}