{
  "dim": 93,
  "seed": "2",
  "method": "LLL",
  "beta": 0,
  "steps_budget": 93,
  "steps_done": 1,
  "time_s": 3.854,
  "max_cos": 0.6942533220518904,
  "mean_cos": 0.1836684463385455,
  "accepted": 0,
  "calls": 0,
  "b1_gh": 3.0617445460296695,
  "slope": -0.04478062197383652,
  "logdet": 644.5022835184649,
  "log_b1": 8.927020706793478
}