{
  "dim": 93,
  "seed": "283",
  "method": "LLL",
  "beta": 0,
  "steps_budget": 93,
  "steps_done": 1,
  "time_s": 6.02,
  "max_cos": 0.6888299907540811,
  "mean_cos": 0.16751517899089688,
  "accepted": 0,
  "calls": 0,
  "b1_gh": 2.8476416921907606,
  "slope": -0.04271553133904314,
  "logdet": 644.2767605555481,
  "log_b1": 8.852102037413108
}