{
  "dim": 93,
  "seed": "257",
  "method": "LLL",
  "beta": 0,
  "steps_budget": 93,
  "steps_done": 1,
  "time_s": 6.071,
  "max_cos": 0.6394693839167925,
  "mean_cos": 0.17217012202212134,
  "accepted": 0,
  "calls": 0,
  "b1_gh": 2.680479095583041,
  "slope": -0.041753951303288614,
  "logdet": 644.4855344102382,
  "log_b1": 8.793851287816842
}