{
  "dim": 93,
  "seed": "3",
  "method": "LLL",
  "beta": 0,
  "steps_budget": 93,
  "steps_done": 1,
  "time_s": 6.171,
  "max_cos": 0.6488687485238268,
  "mean_cos": 0.1708661270171028,
  "accepted": 0,
  "calls": 0,
  "b1_gh": 2.760549613099428,
  "slope": -0.04131182896981338,
  "logdet": 644.3234286290032,
  "log_b1": 8.821542464431124
}