{
  "dim": 94,
  "seed": "2",
  "method": "BKZ",
  "beta": 20,
  "steps_budget": 94,
  "steps_done": 94,
  "time_s": 7.113,
  "max_cos": 0.6846584628608152,
  "mean_cos": 0.15680800430683592,
  "accepted": 94,
  "calls": 94,
  "b1_gh": 2.1624325252819223,
  "slope": -0.039997162780103256,
  "logdet": 651.2179861313821,
  "log_b1": 8.582067843684975
}