{
  "dim": 94,
  "seed": "4719",
  "method": "BKZ",
  "beta": 20,
  "steps_budget": 94,
  "steps_done": 94,
  "time_s": 4.448,
  "max_cos": 0.6434999388712964,
  "mean_cos": 0.15889676318902746,
  "accepted": 94,
  "calls": 94,
  "b1_gh": 2.1880653429737422,
  "slope": -0.039280480018198505,
  "logdet": 651.528387589222,
  "log_b1": 8.59715397805956
}