{
  "dim": 94,
  "seed": "1",
  "method": "BKZ",
  "beta": 20,
  "steps_budget": 94,
  "steps_done": 94,
  "time_s": 4.313,
  "max_cos": 0.6526796837789168,
  "mean_cos": 0.15388710100302996,
  "accepted": 94,
  "calls": 94,
  "b1_gh": 2.1407388662803104,
  "slope": -0.039100889261563736,
  "logdet": 651.1692109404921,
  "log_b1": 8.571466235580793
}