{
  "dim": 94,
  "seed": "800",
  "method": "BKZ",
  "beta": 20,
  "steps_budget": 94,
  "steps_done": 94,
  "time_s": 4.237,
  "max_cos": 0.6805713834464483,
  "mean_cos": 0.1552604078702122,
  "accepted": 94,
  "calls": 94,
  "b1_gh": 2.1567117667926143,
  "slope": -0.04093760745269416,
  "logdet": 651.2978519398847,
  "log_b1": 8.58026845437584
}