{
  "dim": 94,
  "seed": "678",
  "method": "BKZ",
  "beta": 20,
  "steps_budget": 94,
  "steps_done": 94,
  "time_s": 4.397,
  "max_cos": 0.6285573599060873,
  "mean_cos": 0.16052555172684171,
  "accepted": 94,
  "calls": 94,
  "b1_gh": 2.258110708007219,
  "slope": -0.04063383526575361,
  "logdet": 651.1568096770671,
  "log_b1": 8.62471176694405
}