{
  "dim": 94,
  "seed": "229",
  "method": "BKZ",
  "beta": 20,
  "steps_budget": 94,
  "steps_done": 94,
  "time_s": 4.365,
  "max_cos": 0.5754281743337486,
  "mean_cos": 0.1564228364374447,
  "accepted": 94,
  "calls": 94,
  "b1_gh": 1.9813857789481026,
  "slope": -0.03736000432883728,
  "logdet": 651.0331270999168,
  "log_b1": 8.492663989344958
}