{
  "dim": 94,
  "seed": "650",
  "method": "BKZ",
  "beta": 20,
  "steps_budget": 94,
  "steps_done": 94,
  "time_s": 6.694,
  "max_cos": 0.6373416034988505,
  "mean_cos": 0.1611751605169749,
  "accepted": 94,
  "calls": 94,
  "b1_gh": 2.2155209003012484,
  "slope": -0.040440021993861576,
  "logdet": 651.5518828422489,
  "log_b1": 8.609873724483771
}