{
  "dim": 94,
  "seed": "147",
  "method": "BKZ",
  "beta": 20,
  "steps_budget": 94,
  "steps_done": 94,
  "time_s": 6.632,
  "max_cos": 0.6013371347035495,
  "mean_cos": 0.15384799280525469,
  "accepted": 94,
  "calls": 94,
  "b1_gh": 2.095572219111627,
  "slope": -0.039200921856862025,
  "logdet": 651.2390633566764,
  "log_b1": 8.55088496402415
}