{
  "dim": 94,
  "seed": "0",
  "method": "BKZ",
  "beta": 20,
  "steps_budget": 94,
  "steps_done": 94,
  "time_s": 4.407,
  "max_cos": 0.5762359648284209,
  "mean_cos": 0.159229335718833,
  "accepted": 94,
  "calls": 94,
  "b1_gh": 2.142521899400388,
  "slope": -0.03815735075600423,
  "logdet": 651.1304647645461,
  "log_b1": 8.57188660102036
}