{
  "dim": 94,
  "seed": "229",
  "method": "ENUM",
  "beta": 30,
  "steps_budget": 94,
  "steps_done": 94,
  "time_s": 4.654,
  "max_cos": 0.6515233622779946,
  "mean_cos": 0.1527769345496704,
  "accepted": 78,
  "calls": 94,
  "b1_gh": 2.0262790340601247,
  "slope": -0.038501942463357246,
  "logdet": 651.0331270999166,
  "log_b1": 8.515068624016044
}