{
  "dim": 94,
  "seed": "650",
  "method": "ENUM",
  "beta": 30,
  "steps_budget": 94,
  "steps_done": 94,
  "time_s": 6.954,
  "max_cos": 0.669006296798014,
  "mean_cos": 0.15887749773764684,
  "accepted": 70,
  "calls": 94,
  "b1_gh": 2.1320842582233364,
  "slope": -0.03977766833973521,
  "logdet": 651.5518828422494,
  "log_b1": 8.571486205463772
}