{
  "dim": 94,
  "seed": "1",
  "method": "ENUM",
  "beta": 30,
  "steps_budget": 94,
  "steps_done": 94,
  "time_s": 6.792,
  "max_cos": 0.6135302390468319,
  "mean_cos": 0.1572793482983231,
  "accepted": 65,
  "calls": 94,
  "b1_gh": 2.1593823458585075,
  "slope": -0.03971307931568443,
  "logdet": 651.169210940492,
  "log_b1": 8.580137431333037
}