{
  "dim": 94,
  "seed": "0",
  "method": "ENUM",
  "beta": 30,
  "steps_budget": 94,
  "steps_done": 94,
  "time_s": 6.978,
  "max_cos": 0.673500742566857,
  "mean_cos": 0.15407454932896403,
  "accepted": 73,
  "calls": 94,
  "b1_gh": 2.156336231472152,
  "slope": -0.038396319789006164,
  "logdet": 651.1304647645461,
  "log_b1": 8.578313600564321
}