{
  "dim": 94,
  "seed": "678",
  "method": "ENUM",
  "beta": 30,
  "steps_budget": 94,
  "steps_done": 94,
  "time_s": 4.483,
  "max_cos": 0.6028236950234171,
  "mean_cos": 0.15227813814933913,
  "accepted": 71,
  "calls": 94,
  "b1_gh": 1.9902090102295014,
  "slope": -0.039362107038460714,
  "logdet": 651.1568096770673,
  "log_b1": 8.49842293667306
}