{
  "dim": 94,
  "seed": "800",
  "method": "ENUM_SIEVE",
  "beta": 40,
  "steps_budget": 94,
  "steps_done": 94,
  "time_s": 2.051,
  "max_cos": 0.6420048369105874,
  "mean_cos": 0.15403025419300784,
  "accepted": 94,
  "calls": 94,
  "b1_gh": 2.0265868365061266,
  "slope": -0.039810284530663924,
  "logdet": 651.2978519398849,
  "log_b1": 8.518036739442632
}