{
  "dim": 94,
  "seed": "147",
  "method": "ENUM_SIEVE",
  "beta": 40,
  "steps_budget": 94,
  "steps_done": 94,
  "time_s": 2.053,
  "max_cos": 0.630435978453758,
  "mean_cos": 0.1507168892799121,
  "accepted": 94,
  "calls": 94,
  "b1_gh": 1.9863096501844086,
  "slope": -0.040093554469428465,
  "logdet": 651.2390633566771,
  "log_b1": 8.497336782307679
}