{
  "dim": 94,
  "seed": "2",
  "method": "ENUM_SIEVE",
  "beta": 40,
  "steps_budget": 94,
  "steps_done": 94,
  "time_s": 2.058,
  "max_cos": 0.6487216092946373,
  "mean_cos": 0.1582461717207989,
  "accepted": 94,
  "calls": 94,
  "b1_gh": 1.789939521913371,
  "slope": -0.03898453417560734,
  "logdet": 651.2179861313815,
  "log_b1": 8.393015919170946
}