{
  "dim": 94,
  "seed": "678",
  "method": "ENUM_SIEVE",
  "beta": 40,
  "steps_budget": 94,
  "steps_done": 94,
  "time_s": 2.141,
  "max_cos": 0.578202465350908,
  "mean_cos": 0.15187793161937382,
  "accepted": 94,
  "calls": 94,
  "b1_gh": 1.94579315648529,
  "slope": -0.03953163600488146,
  "logdet": 651.1568096770671,
  "log_b1": 8.475852959668924
}