{
  "dim": 94,
  "seed": "147",
  "method": "ENUM",
  "beta": 30,
  "steps_budget": 94,
  "steps_done": 94,
  "time_s": 4.425,
  "max_cos": 0.5884532925981166,
  "mean_cos": 0.15258580234601815,
  "accepted": 77,
  "calls": 94,
  "b1_gh": 2.0958499110429876,
  "slope": -0.039834784716600194,
  "logdet": 651.2390633566769,
  "log_b1": 8.551017468898703
}