{
  "dim": 94,
  "seed": "4719",
  "method": "ENUM_SIEVE",
  "beta": 40,
  "steps_budget": 94,
  "steps_done": 94,
  "time_s": 2.049,
  "max_cos": 0.6391806137237721,
  "mean_cos": 0.15777742085453206,
  "accepted": 94,
  "calls": 94,
  "b1_gh": 2.1123447359331955,
  "slope": -0.04026783117803905,
  "logdet": 651.5283875892214,
  "log_b1": 8.561934809463143
}