{
  "dim": 94,
  "seed": "650",
  "method": "ENUM_SIEVE",
  "beta": 40,
  "steps_budget": 94,
  "steps_done": 94,
  "time_s": 2.088,
  "max_cos": 0.6298051441093612,
  "mean_cos": 0.15590437932633497,
  "accepted": 94,
  "calls": 94,
  "b1_gh": 2.1008985412348418,
  "slope": -0.03861593215222608,
  "logdet": 651.5518828422491,
  "log_b1": 8.556751309193151
}