{
  "dim": 94,
  "seed": "800",
  "method": "ENUM",
  "beta": 30,
  "steps_budget": 94,
  "steps_done": 94,
  "time_s": 4.497,
  "max_cos": 0.6247127215064134,
  "mean_cos": 0.16014379120656835,
  "accepted": 76,
  "calls": 94,
  "b1_gh": 2.1446358023609915,
  "slope": -0.039391628008949325,
  "logdet": 651.2978519398846,
  "log_b1": 8.574653471645393
}