{
  "dim": 94,
  "seed": "0",
  "method": "ENUM_SIEVE",
  "beta": 40,
  "steps_budget": 94,
  "steps_done": 94,
  "time_s": 2.067,
  "max_cos": 0.5791974933661667,
  "mean_cos": 0.15575067312557492,
  "accepted": 94,
  "calls": 94,
  "b1_gh": 2.134089272076841,
  "slope": -0.03969366422295479,
  "logdet": 651.1304647645461,
  "log_b1": 8.567942993376766
}