{
  "dim": 94,
  "seed": "1",
  "method": "ENUM_SIEVE",
  "beta": 40,
  "steps_budget": 94,
  "steps_done": 94,
  "time_s": 2.018,
  "max_cos": 0.6036561297335278,
  "mean_cos": 0.1613570293218885,
  "accepted": 94,
  "calls": 94,
  "b1_gh": 2.109837755504183,
  "slope": -0.04036210407024156,
  "logdet": 651.1692109404919,
  "log_b1": 8.556926252925741
}