{
  "dim": 94,
  "seed": "4719",
  "method": "ENUM",
  "beta": 30,
  "steps_budget": 94,
  "steps_done": 94,
  "time_s": 4.557,
  "max_cos": 0.6110930693871867,
  "mean_cos": 0.15906482319287002,
  "accepted": 74,
  "calls": 94,
  "b1_gh": 2.0984056728503293,
  "slope": -0.0388309771441183,
  "logdet": 651.5283875892216,
  "log_b1": 8.555314082682068
}