{
  "dim": 94,
  "seed": "2",
  "method": "ENUM",
  "beta": 30,
  "steps_budget": 94,
  "steps_done": 94,
  "time_s": 4.472,
  "max_cos": 0.6073469487292898,
  "mean_cos": 0.15670428421453805,
  "accepted": 76,
  "calls": 94,
  "b1_gh": 2.13417917408452,
  "slope": -0.03995249364236101,
  "logdet": 651.2179861313816,
  "log_b1": 8.568916197498737
}