{
  "dim": 94,
  "seed": "229",
  "method": "ENUM_SIEVE",
  "beta": 40,
  "steps_budget": 94,
  "steps_done": 94,
  "time_s": 2.026,
  "max_cos": 0.6013145334180371,
  "mean_cos": 0.15142476440462663,
  "accepted": 94,
  "calls": 94,
  "b1_gh": 2.008245326947073,
  "slope": -0.03804446354408662,
  "logdet": 651.0331270999168,
  "log_b1": 8.506128870229716
}