{
  "dim": 94,
  "seed": "1",
  "method": "LLL",
  "beta": 0,
  "steps_budget": 94,
  "steps_done": 1,
  "time_s": 4.039,
  "max_cos": 0.6446463556300198,
  "mean_cos": 0.17250600340173539,
  "accepted": 0,
  "calls": 0,
  "b1_gh": 2.5698222803523114,
  "slope": -0.0425279900751679,
  "logdet": 651.1692109404916,
  "log_b1": 8.75415194642233
}