{
  "dim": 94,
  "seed": "0",
  "method": "LLL",
  "beta": 0,
  "steps_budget": 94,
  "steps_done": 1,
  "time_s": 4.145,
  "max_cos": 0.6648958742297948,
  "mean_cos": 0.16808596252016844,
  "accepted": 0,
  "calls": 0,
  "b1_gh": 2.584997505332658,
  "slope": -0.041261777469132954,
  "logdet": 651.1304647645461,
  "log_b1": 8.759627551063911
}