{
  "dim": 94,
  "seed": "2",
  "method": "LLL",
  "beta": 0,
  "steps_budget": 94,
  "steps_done": 1,
  "time_s": 6.318,
  "max_cos": 0.6527107639071753,
  "mean_cos": 0.17464557253706497,
  "accepted": 0,
  "calls": 0,
  "b1_gh": 2.774817222029451,
  "slope": -0.041611340810239164,
  "logdet": 651.2179861313815,
  "log_b1": 8.831418965623447
}