{
  "dim": 94,
  "seed": "4719",
  "method": "LLL",
  "beta": 0,
  "steps_budget": 94,
  "steps_done": 1,
  "time_s": 6.872,
  "max_cos": 0.6579027274888399,
  "mean_cos": 0.17691252092039708,
  "accepted": 0,
  "calls": 0,
  "b1_gh": 2.7321406726514446,
  "slope": -0.04192441553018349,
  "logdet": 651.5283875892216,
  "log_b1": 8.819221660802704
}