{
  "dim": 94,
  "seed": "678",
  "method": "LLL",
  "beta": 0,
  "steps_budget": 94,
  "steps_done": 1,
  "time_s": 6.485,
  "max_cos": 0.6398205023540736,
  "mean_cos": 0.1708177613160512,
  "accepted": 0,
  "calls": 0,
  "b1_gh": 2.5750233037242256,
  "slope": -0.04191710981086127,
  "logdet": 651.1568096770669,
  "log_b1": 8.756041857250606
}