{
  "dim": 94,
  "seed": "800",
  "method": "LLL",
  "beta": 0,
  "steps_budget": 94,
  "steps_done": 1,
  "time_s": 6.258,
  "max_cos": 0.661466988456383,
  "mean_cos": 0.17219847995655235,
  "accepted": 0,
  "calls": 0,
  "b1_gh": 2.4040601503503654,
  "slope": -0.04241658937005531,
  "logdet": 651.2978519398854,
  "log_b1": 8.688842760094673
}