{
  "dim": 94,
  "seed": "650",
  "method": "LLL",
  "beta": 0,
  "steps_budget": 94,
  "steps_done": 1,
  "time_s": 6.348,
  "max_cos": 0.6535355158392546,
  "mean_cos": 0.1685946539092094,
  "accepted": 0,
  "calls": 0,
  "b1_gh": 2.5052445886583343,
  "slope": -0.04169767969557906,
  "logdet": 651.5518828422494,
  "log_b1": 8.732772549151749
}