{
  "dim": 94,
  "seed": "147",
  "method": "LLL",
  "beta": 0,
  "steps_budget": 94,
  "steps_done": 1,
  "time_s": 4.017,
  "max_cos": 0.7033464702162063,
  "mean_cos": 0.17822642782788117,
  "accepted": 0,
  "calls": 0,
  "b1_gh": 2.891786189621349,
  "slope": -0.04186875390818931,
  "logdet": 651.2390633566765,
  "log_b1": 8.872932682227887
}