{
  "dim": 94,
  "seed": "229",
  "method": "LLL",
  "beta": 0,
  "steps_budget": 94,
  "steps_done": 1,
  "time_s": 6.343,
  "max_cos": 0.7222960138482303,
  "mean_cos": 0.15967280437619066,
  "accepted": 0,
  "calls": 0,
  "b1_gh": 2.1094394891056254,
  "slope": -0.03943317219047954,
  "logdet": 651.0331270999168,
  "log_b1": 8.555289768312987
}