{
  "dim": 95,
  "seed": "4056",
  "method": "BKZ",
  "beta": 20,
  "steps_budget": 95,
  "steps_done": 95,
  "time_s": 4.564,
  "max_cos": 0.6322021100727053,
  "mean_cos": 0.15939596215152843,
  "accepted": 95,
  "calls": 95,
  "b1_gh": 2.4087229170417133,
  "slope": -0.04242912044035051,
  "logdet": 658.037279627083,
  "log_b1": 8.693815950503568
}