{
  "dim": 95,
  "seed": "521",
  "method": "BKZ",
  "beta": 20,
  "steps_budget": 95,
  "steps_done": 95,
  "time_s": 4.531,
  "max_cos": 0.6378909250105128,
  "mean_cos": 0.15408557364179198,
  "accepted": 95,
  "calls": 95,
  "b1_gh": 2.2360756457137354,
  "slope": -0.03968282850563811,
  "logdet": 658.1106654364959,
  "log_b1": 8.620214121139142
}