{
  "dim": 95,
  "seed": "121",
  "method": "BKZ",
  "beta": 20,
  "steps_budget": 95,
  "steps_done": 95,
  "time_s": 4.596,
  "max_cos": 0.65409269707162,
  "mean_cos": 0.15659230948637923,
  "accepted": 95,
  "calls": 95,
  "b1_gh": 2.0411252418048265,
  "slope": -0.038569422333293614,
  "logdet": 658.2118292794136,
  "log_b1": 8.530057863062247
}