{
  "dim": 95,
  "seed": "248",
  "method": "BKZ",
  "beta": 20,
  "steps_budget": 95,
  "steps_done": 95,
  "time_s": 4.647,
  "max_cos": 0.7336549213040776,
  "mean_cos": 0.16044268957941155,
  "accepted": 95,
  "calls": 95,
  "b1_gh": 2.3674996480183874,
  "slope": -0.040156131956963576,
  "logdet": 657.8229654144756,
  "log_b1": 8.674297711719825
}