{
  "dim": 95,
  "seed": "122",
  "method": "BKZ",
  "beta": 20,
  "steps_budget": 95,
  "steps_done": 95,
  "time_s": 4.499,
  "max_cos": 0.6429264281538037,
  "mean_cos": 0.16075113221420784,
  "accepted": 95,
  "calls": 95,
  "b1_gh": 2.2137802284814057,
  "slope": -0.040104147070163056,
  "logdet": 658.1453249655362,
  "log_b1": 8.61055813764376
}