{
  "dim": 95,
  "seed": "0",
  "method": "BKZ",
  "beta": 20,
  "steps_budget": 95,
  "steps_done": 95,
  "time_s": 4.63,
  "max_cos": 0.6483983608630147,
  "mean_cos": 0.1592974651523209,
  "accepted": 95,
  "calls": 95,
  "b1_gh": 2.153609672564386,
  "slope": -0.039076801310603745,
  "logdet": 658.4728722132497,
  "log_b1": 8.586449790316587
}