{
  "dim": 95,
  "seed": "1",
  "method": "BKZ",
  "beta": 20,
  "steps_budget": 95,
  "steps_done": 95,
  "time_s": 4.579,
  "max_cos": 0.6628260529842943,
  "mean_cos": 0.15855783090629913,
  "accepted": 95,
  "calls": 95,
  "b1_gh": 2.4496316605372863,
  "slope": -0.04135941795357925,
  "logdet": 658.4554554461004,
  "log_b1": 8.7150587747368
}