{
  "dim": 95,
  "seed": "135",
  "method": "BKZ",
  "beta": 20,
  "steps_budget": 95,
  "steps_done": 95,
  "time_s": 7.17,
  "max_cos": 0.6757206834197447,
  "mean_cos": 0.16104915510645001,
  "accepted": 95,
  "calls": 95,
  "b1_gh": 2.3810304647091822,
  "slope": -0.0399291194027123,
  "logdet": 657.7978405318986,
  "log_b1": 8.679732204210667
}