{
  "dim": 95,
  "seed": "2",
  "method": "BKZ",
  "beta": 20,
  "steps_budget": 95,
  "steps_done": 95,
  "time_s": 6.909,
  "max_cos": 0.6712472155229893,
  "mean_cos": 0.16105167633631887,
  "accepted": 95,
  "calls": 95,
  "b1_gh": 2.331393511033124,
  "slope": -0.04076121741137169,
  "logdet": 658.0813637477443,
  "log_b1": 8.661649458977237
}