{
  "dim": 95,
  "seed": "4056",
  "method": "ENUM",
  "beta": 30,
  "steps_budget": 95,
  "steps_done": 95,
  "time_s": 4.755,
  "max_cos": 0.6189809412557226,
  "mean_cos": 0.15777726129921613,
  "accepted": 76,
  "calls": 95,
  "b1_gh": 2.271947766084993,
  "slope": -0.03983743324121006,
  "logdet": 658.037279627083,
  "log_b1": 8.635356763709227
}