{
  "dim": 95,
  "seed": "2",
  "method": "ENUM_SIEVE",
  "beta": 40,
  "steps_budget": 95,
  "steps_done": 95,
  "time_s": 2.103,
  "max_cos": 0.724884297307898,
  "mean_cos": 0.16092861649837945,
  "accepted": 95,
  "calls": 95,
  "b1_gh": 2.160559934113076,
  "slope": -0.03891291608344641,
  "logdet": 658.0813637477441,
  "log_b1": 8.585550713627635
}