{
  "dim": 95,
  "seed": "0",
  "method": "ENUM",
  "beta": 30,
  "steps_budget": 95,
  "steps_done": 95,
  "time_s": 7.444,
  "max_cos": 0.5971430549493913,
  "mean_cos": 0.15563225555100865,
  "accepted": 62,
  "calls": 95,
  "b1_gh": 2.1264223935472155,
  "slope": -0.03943421228511474,
  "logdet": 658.47287221325,
  "log_b1": 8.573745378634696
}