{
  "dim": 95,
  "seed": "248",
  "method": "ENUM",
  "beta": 30,
  "steps_budget": 95,
  "steps_done": 95,
  "time_s": 7.186,
  "max_cos": 0.6655461214706416,
  "mean_cos": 0.15262683133896007,
  "accepted": 69,
  "calls": 95,
  "b1_gh": 1.9854508239493174,
  "slope": -0.0392352076441906,
  "logdet": 657.8229654144762,
  "log_b1": 8.498309318006099
}