{
  "dim": 95,
  "seed": "135",
  "method": "ENUM_SIEVE",
  "beta": 40,
  "steps_budget": 95,
  "steps_done": 95,
  "time_s": 2.119,
  "max_cos": 0.6139876343899393,
  "mean_cos": 0.152188278046584,
  "accepted": 95,
  "calls": 95,
  "b1_gh": 2.0383937217982218,
  "slope": -0.03927941251635515,
  "logdet": 657.7978405318986,
  "log_b1": 8.524360948291251
}