{
  "dim": 95,
  "seed": "521",
  "method": "ENUM",
  "beta": 30,
  "steps_budget": 95,
  "steps_done": 95,
  "time_s": 4.788,
  "max_cos": 0.5770512174861485,
  "mean_cos": 0.15027059196511652,
  "accepted": 79,
  "calls": 95,
  "b1_gh": 1.9211284500571733,
  "slope": -0.037677564312542856,
  "logdet": 658.1106654364958,
  "log_b1": 8.468404483394686
}