{
  "dim": 95,
  "seed": "2",
  "method": "ENUM",
  "beta": 30,
  "steps_budget": 95,
  "steps_done": 95,
  "time_s": 4.772,
  "max_cos": 0.634201735246337,
  "mean_cos": 0.15669431120926955,
  "accepted": 81,
  "calls": 95,
  "b1_gh": 2.094213654699708,
  "slope": -0.04018148294397314,
  "logdet": 658.0813637477443,
  "log_b1": 8.5543614358657
}