{
  "dim": 95,
  "seed": "1",
  "method": "ENUM_SIEVE",
  "beta": 40,
  "steps_budget": 95,
  "steps_done": 95,
  "time_s": 2.226,
  "max_cos": 0.6233993385847795,
  "mean_cos": 0.1611854945795989,
  "accepted": 95,
  "calls": 95,
  "b1_gh": 2.1726230404910987,
  "slope": -0.0402243724742503,
  "logdet": 658.4554554461009,
  "log_b1": 8.595056316113224
}