{
  "dim": 95,
  "seed": "521",
  "method": "ENUM_SIEVE",
  "beta": 40,
  "steps_budget": 95,
  "steps_done": 95,
  "time_s": 2.124,
  "max_cos": 0.6081837999237215,
  "mean_cos": 0.1474480437064472,
  "accepted": 95,
  "calls": 95,
  "b1_gh": 2.0992107140172496,
  "slope": -0.0393109690811482,
  "logdet": 658.1106654364961,
  "log_b1": 8.557053159210353
}