{
  "dim": 95,
  "seed": "135",
  "method": "ENUM",
  "beta": 30,
  "steps_budget": 95,
  "steps_done": 95,
  "time_s": 7.023,
  "max_cos": 0.6291287378326063,
  "mean_cos": 0.15507742482838732,
  "accepted": 72,
  "calls": 95,
  "b1_gh": 2.164766082870816,
  "slope": -0.04124311215376376,
  "logdet": 657.7978405318992,
  "log_b1": 8.584511152619665
}