{
  "dim": 95,
  "seed": "4056",
  "method": "ENUM_SIEVE",
  "beta": 40,
  "steps_budget": 95,
  "steps_done": 95,
  "time_s": 2.105,
  "max_cos": 0.6254678898964195,
  "mean_cos": 0.15498781040156492,
  "accepted": 95,
  "calls": 95,
  "b1_gh": 2.1039223374628717,
  "slope": -0.03983474442216564,
  "logdet": 658.0372796270835,
  "log_b1": 8.558522635736058
}