{
  "dim": 95,
  "seed": "121",
  "method": "ENUM_SIEVE",
  "beta": 40,
  "steps_budget": 95,
  "steps_done": 95,
  "time_s": 2.232,
  "max_cos": 0.6485353752748089,
  "mean_cos": 0.15749458696871277,
  "accepted": 95,
  "calls": 95,
  "b1_gh": 2.2994521922374638,
  "slope": -0.040633300970822774,
  "logdet": 658.2118292794136,
  "log_b1": 8.6492275354338
}