{
  "dim": 95,
  "seed": "121",
  "method": "ENUM",
  "beta": 30,
  "steps_budget": 95,
  "steps_done": 95,
  "time_s": 7.15,
  "max_cos": 0.5967103837550601,
  "mean_cos": 0.15632130048364298,
  "accepted": 71,
  "calls": 95,
  "b1_gh": 2.141365226081379,
  "slope": -0.03904206355147882,
  "logdet": 658.2118292794136,
  "log_b1": 8.578000199894529
}