{
  "dim": 95,
  "seed": "122",
  "method": "ENUM",
  "beta": 30,
  "steps_budget": 95,
  "steps_done": 95,
  "time_s": 7.179,
  "max_cos": 0.6317783633827699,
  "mean_cos": 0.15399349936933895,
  "accepted": 69,
  "calls": 95,
  "b1_gh": 2.125404849241945,
  "slope": -0.03982004854276905,
  "logdet": 658.1453249655366,
  "log_b1": 8.569818874266831
}