{
  "dim": 95,
  "seed": "0",
  "method": "ENUM_SIEVE",
  "beta": 40,
  "steps_budget": 95,
  "steps_done": 95,
  "time_s": 2.3,
  "max_cos": 0.6303184340531143,
  "mean_cos": 0.15643477117589313,
  "accepted": 95,
  "calls": 95,
  "b1_gh": 2.1076697437776466,
  "slope": -0.03945775515212584,
  "logdet": 658.4728722132498,
  "log_b1": 8.564887388879868
}