{
  "dim": 95,
  "seed": "248",
  "method": "ENUM_SIEVE",
  "beta": 40,
  "steps_budget": 95,
  "steps_done": 95,
  "time_s": 2.131,
  "max_cos": 0.6246855143743532,
  "mean_cos": 0.16324145137738996,
  "accepted": 95,
  "calls": 95,
  "b1_gh": 2.321853757241489,
  "slope": -0.039535011501670735,
  "logdet": 657.822965414476,
  "log_b1": 8.65482921422883
}