{
  "dim": 95,
  "seed": "1",
  "method": "ENUM",
  "beta": 30,
  "steps_budget": 95,
  "steps_done": 95,
  "time_s": 7.133,
  "max_cos": 0.5609005789436792,
  "mean_cos": 0.15467652286668862,
  "accepted": 70,
  "calls": 95,
  "b1_gh": 1.972462474216804,
  "slope": -0.040127231985406575,
  "logdet": 658.4554554461007,
  "log_b1": 8.498403853199349
}