{
  "dim": 95,
  "seed": "122",
  "method": "ENUM_SIEVE",
  "beta": 40,
  "steps_budget": 95,
  "steps_done": 95,
  "time_s": 2.241,
  "max_cos": 0.567732953484394,
  "mean_cos": 0.15320052786429705,
  "accepted": 95,
  "calls": 95,
  "b1_gh": 2.125404849241945,
  "slope": -0.039993629329882104,
  "logdet": 658.1453249655365,
  "log_b1": 8.569818874266831
}