{
  "dim": 95,
  "seed": "121",
  "method": "LLL",
  "beta": 0,
  "steps_budget": 95,
  "steps_done": 1,
  "time_s": 4.277,
  "max_cos": 0.6581516728496929,
  "mean_cos": 0.1722105372990119,
  "accepted": 0,
  "calls": 0,
  "b1_gh": 2.368068774402648,
  "slope": -0.04605373692957352,
  "logdet": 658.2118292794145,
  "log_b1": 8.678631377999853
}