{
  "dim": 95,
  "seed": "2",
  "method": "LLL",
  "beta": 0,
  "steps_budget": 95,
  "steps_done": 1,
  "time_s": 6.869,
  "max_cos": 0.6282052892083175,
  "mean_cos": 0.17194890631264456,
  "accepted": 0,
  "calls": 0,
  "b1_gh": 2.6767543269082155,
  "slope": -0.04275047576522688,
  "logdet": 658.0813637477445,
  "log_b1": 8.799788285302688
}