{
  "dim": 95,
  "seed": "248",
  "method": "LLL",
  "beta": 0,
  "steps_budget": 95,
  "steps_done": 1,
  "time_s": 6.758,
  "max_cos": 0.6472894792747873,
  "mean_cos": 0.17354184728535405,
  "accepted": 0,
  "calls": 0,
  "b1_gh": 3.350696955419488,
  "slope": -0.04479547749768217,
  "logdet": 657.8229654144759,
  "log_b1": 9.021631684906222
}