{
  "dim": 95,
  "seed": "0",
  "method": "LLL",
  "beta": 0,
  "steps_budget": 95,
  "steps_done": 1,
  "time_s": 6.683,
  "max_cos": 0.6108233542553676,
  "mean_cos": 0.1670408909151016,
  "accepted": 0,
  "calls": 0,
  "b1_gh": 2.6788114539182275,
  "slope": -0.041593480973201646,
  "logdet": 658.4728722132497,
  "log_b1": 8.804677647320863
}