{
  "dim": 95,
  "seed": "1",
  "method": "LLL",
  "beta": 0,
  "steps_budget": 95,
  "steps_done": 1,
  "time_s": 4.316,
  "max_cos": 0.6653611317485018,
  "mean_cos": 0.16965487837926055,
  "accepted": 0,
  "calls": 0,
  "b1_gh": 2.9121517264499794,
  "slope": -0.04298588599602268,
  "logdet": 658.4554554461002,
  "log_b1": 8.88801333696099
}