{
  "dim": 95,
  "seed": "4056",
  "method": "LLL",
  "beta": 0,
  "steps_budget": 95,
  "steps_done": 1,
  "time_s": 4.292,
  "max_cos": 0.6802879993348792,
  "mean_cos": 0.1721553439340426,
  "accepted": 0,
  "calls": 0,
  "b1_gh": 2.8993529735834325,
  "slope": -0.045861378055636205,
  "logdet": 658.0372796270834,
  "log_b1": 8.87920685293578
}