{
  "dim": 95,
  "seed": "122",
  "method": "LLL",
  "beta": 0,
  "steps_budget": 95,
  "steps_done": 1,
  "time_s": 5.571,
  "max_cos": 0.6469327979150364,
  "mean_cos": 0.1744588982555935,
  "accepted": 0,
  "calls": 0,
  "b1_gh": 3.043243581989038,
  "slope": -0.04210848858442087,
  "logdet": 658.1453249655364,
  "log_b1": 8.92878048711838
}