{
  "dim": 95,
  "seed": "521",
  "method": "LLL",
  "beta": 0,
  "steps_budget": 95,
  "steps_done": 1,
  "time_s": 6.141,
  "max_cos": 0.6025341045792908,
  "mean_cos": 0.16886241565420654,
  "accepted": 0,
  "calls": 0,
  "b1_gh": 2.301947395116258,
  "slope": -0.04075723190862784,
  "logdet": 658.1106654364961,
  "log_b1": 8.649247193819589
}