{
  "dim": 95,
  "seed": "135",
  "method": "LLL",
  "beta": 0,
  "steps_budget": 95,
  "steps_done": 1,
  "time_s": 4.202,
  "max_cos": 0.7186701133723612,
  "mean_cos": 0.17369078040190508,
  "accepted": 0,
  "calls": 0,
  "b1_gh": 2.970860772122747,
  "slope": -0.04417372470178075,
  "logdet": 657.7978405318988,
  "log_b1": 8.90105057495364
}