{
  "dim": 96,
  "seed": "860",
  "method": "BKZ",
  "beta": 20,
  "steps_budget": 96,
  "steps_done": 96,
  "time_s": 4.782,
  "max_cos": 0.6037217293066253,
  "mean_cos": 0.155567853024479,
  "accepted": 96,
  "calls": 96,
  "b1_gh": 2.076170729744524,
  "slope": -0.03896948207935345,
  "logdet": 664.9841148952237,
  "log_b1": 8.550431493586457
}