{
  "dim": 96,
  "seed": "414",
  "method": "BKZ",
  "beta": 20,
  "steps_budget": 96,
  "steps_done": 96,
  "time_s": 7.384,
  "max_cos": 0.6404752240022169,
  "mean_cos": 0.1576380116693824,
  "accepted": 96,
  "calls": 96,
  "b1_gh": 2.279141308810018,
  "slope": -0.039416332068467445,
  "logdet": 665.2823771597673,
  "log_b1": 8.646811943576632
}