{
  "dim": 96,
  "seed": "970",
  "method": "BKZ",
  "beta": 20,
  "steps_budget": 96,
  "steps_done": 96,
  "time_s": 7.403,
  "max_cos": 0.6250817462086491,
  "mean_cos": 0.16066605439311973,
  "accepted": 96,
  "calls": 96,
  "b1_gh": 2.176578033198372,
  "slope": -0.03871001324334396,
  "logdet": 665.0537565399885,
  "log_b1": 8.598385659676795
}