{
  "dim": 96,
  "seed": "18",
  "method": "BKZ",
  "beta": 20,
  "steps_budget": 96,
  "steps_done": 96,
  "time_s": 4.728,
  "max_cos": 0.587018528702629,
  "mean_cos": 0.15346453701074672,
  "accepted": 96,
  "calls": 96,
  "b1_gh": 2.245169075601867,
  "slope": -0.03943457543931021,
  "logdet": 665.2185888107982,
  "log_b1": 8.631129558954061
}