{
  "dim": 96,
  "seed": "3376",
  "method": "BKZ",
  "beta": 20,
  "steps_budget": 96,
  "steps_done": 96,
  "time_s": 4.686,
  "max_cos": 0.647721733441913,
  "mean_cos": 0.16139433250439403,
  "accepted": 96,
  "calls": 96,
  "b1_gh": 2.1401102956391647,
  "slope": -0.03919409504395754,
  "logdet": 665.3294148221455,
  "log_b1": 8.584360533865675
}