{
  "dim": 96,
  "seed": "301",
  "method": "BKZ",
  "beta": 20,
  "steps_budget": 96,
  "steps_done": 96,
  "time_s": 7.491,
  "max_cos": 0.6116409503542432,
  "mean_cos": 0.16390250456655353,
  "accepted": 96,
  "calls": 96,
  "b1_gh": 2.329249609953268,
  "slope": -0.03994124472602336,
  "logdet": 664.8532704647571,
  "log_b1": 8.664089488978076
}