{
  "dim": 96,
  "seed": "145",
  "method": "BKZ",
  "beta": 20,
  "steps_budget": 96,
  "steps_done": 96,
  "time_s": 7.208,
  "max_cos": 0.6370682979203168,
  "mean_cos": 0.16077171586307606,
  "accepted": 96,
  "calls": 96,
  "b1_gh": 2.3948759501443346,
  "slope": -0.04240963740281493,
  "logdet": 665.1471841678502,
  "log_b1": 8.694936364334133
}