{
  "dim": 96,
  "seed": "1677",
  "method": "BKZ",
  "beta": 20,
  "steps_budget": 96,
  "steps_done": 96,
  "time_s": 4.715,
  "max_cos": 0.6117163661730338,
  "mean_cos": 0.15827776807567898,
  "accepted": 96,
  "calls": 96,
  "b1_gh": 2.280818815340066,
  "slope": -0.04112124634625663,
  "logdet": 665.1836952266242,
  "log_b1": 8.646519761718299
}