{
  "dim": 96,
  "seed": "8012",
  "method": "BKZ",
  "beta": 20,
  "steps_budget": 96,
  "steps_done": 96,
  "time_s": 4.706,
  "max_cos": 0.645884782929669,
  "mean_cos": 0.15965284539284202,
  "accepted": 96,
  "calls": 96,
  "b1_gh": 2.157275083807432,
  "slope": -0.038651141563680574,
  "logdet": 664.7298948923867,
  "log_b1": 8.586104056889681
}