{
  "dim": 96,
  "seed": "860",
  "method": "ENUM_SIEVE",
  "beta": 40,
  "steps_budget": 96,
  "steps_done": 96,
  "time_s": 2.3,
  "max_cos": 0.6164832574594857,
  "mean_cos": 0.151174939419245,
  "accepted": 96,
  "calls": 96,
  "b1_gh": 2.0674581571324504,
  "slope": -0.039063832915359926,
  "logdet": 664.9841148952236,
  "log_b1": 8.546226201225721
}