{
  "dim": 96,
  "seed": "3376",
  "method": "ENUM_SIEVE",
  "beta": 40,
  "steps_budget": 96,
  "steps_done": 96,
  "time_s": 2.192,
  "max_cos": 0.6231424709254079,
  "mean_cos": 0.16013189537204817,
  "accepted": 96,
  "calls": 96,
  "b1_gh": 2.044971283186831,
  "slope": -0.03909641031421792,
  "logdet": 665.329414822146,
  "log_b1": 8.538886913086502
}