{
  "dim": 96,
  "seed": "301",
  "method": "ENUM_SIEVE",
  "beta": 40,
  "steps_budget": 96,
  "steps_done": 96,
  "time_s": 2.197,
  "max_cos": 0.6292987740283242,
  "mean_cos": 0.15925108936005528,
  "accepted": 96,
  "calls": 96,
  "b1_gh": 2.150972196110922,
  "slope": -0.03886270846643601,
  "logdet": 664.8532704647572,
  "log_b1": 8.584463253258354
}