{
  "dim": 96,
  "seed": "1677",
  "method": "ENUM",
  "beta": 30,
  "steps_budget": 96,
  "steps_done": 96,
  "time_s": 4.861,
  "max_cos": 0.6138677977383424,
  "mean_cos": 0.15396429822349833,
  "accepted": 70,
  "calls": 96,
  "b1_gh": 1.959126495507935,
  "slope": -0.03934188487138366,
  "logdet": 665.1836952266242,
  "log_b1": 8.494483962035249
}