{
  "dim": 96,
  "seed": "8012",
  "method": "ENUM_SIEVE",
  "beta": 40,
  "steps_budget": 96,
  "steps_done": 96,
  "time_s": 2.286,
  "max_cos": 0.6818383890632297,
  "mean_cos": 0.15674534178863578,
  "accepted": 96,
  "calls": 96,
  "b1_gh": 2.161228295369127,
  "slope": -0.038640615904914605,
  "logdet": 664.7298948923865,
  "log_b1": 8.587934882209856
}