{
  "dim": 96,
  "seed": "301",
  "method": "ENUM",
  "beta": 30,
  "steps_budget": 96,
  "steps_done": 96,
  "time_s": 7.603,
  "max_cos": 0.5929257049716568,
  "mean_cos": 0.15331119521021486,
  "accepted": 73,
  "calls": 96,
  "b1_gh": 2.029300001882307,
  "slope": -0.04089664452088367,
  "logdet": 664.8532704647571,
  "log_b1": 8.526234236013977
}