{
  "dim": 96,
  "seed": "18",
  "method": "ENUM_SIEVE",
  "beta": 40,
  "steps_budget": 96,
  "steps_done": 96,
  "time_s": 2.207,
  "max_cos": 0.5869785104533497,
  "mean_cos": 0.1576640579911986,
  "accepted": 96,
  "calls": 96,
  "b1_gh": 2.1820006214759036,
  "slope": -0.040028371450345594,
  "logdet": 665.2185888107986,
  "log_b1": 8.602590900753784
}