{
  "dim": 96,
  "seed": "145",
  "method": "ENUM_SIEVE",
  "beta": 40,
  "steps_budget": 96,
  "steps_done": 96,
  "time_s": 2.25,
  "max_cos": 0.5864955474076538,
  "mean_cos": 0.1597261101276491,
  "accepted": 96,
  "calls": 96,
  "b1_gh": 2.3601360095374995,
  "slope": -0.03988173679209267,
  "logdet": 665.1471841678504,
  "log_b1": 8.68032417869638
}