{
  "dim": 96,
  "seed": "970",
  "method": "ENUM",
  "beta": 30,
  "steps_budget": 96,
  "steps_done": 96,
  "time_s": 7.575,
  "max_cos": 0.6051241754666031,
  "mean_cos": 0.15525376650328118,
  "accepted": 79,
  "calls": 96,
  "b1_gh": 2.06569594337841,
  "slope": -0.04028540105594031,
  "logdet": 665.0537565399883,
  "log_b1": 8.546098913922794
}