{
  "dim": 96,
  "seed": "8012",
  "method": "ENUM",
  "beta": 30,
  "steps_budget": 96,
  "steps_done": 96,
  "time_s": 4.964,
  "max_cos": 0.6195411830448164,
  "mean_cos": 0.15805271175152497,
  "accepted": 74,
  "calls": 96,
  "b1_gh": 2.1201276137439025,
  "slope": -0.038934076048288954,
  "logdet": 664.729894892387,
  "log_b1": 8.568734448907922
}