{
  "dim": 96,
  "seed": "1677",
  "method": "ENUM_SIEVE",
  "beta": 40,
  "steps_budget": 96,
  "steps_done": 96,
  "time_s": 2.171,
  "max_cos": 0.5919247126943676,
  "mean_cos": 0.15714584413372484,
  "accepted": 96,
  "calls": 96,
  "b1_gh": 2.2008993426761254,
  "slope": -0.039293511703491726,
  "logdet": 665.1836952266243,
  "log_b1": 8.610851322645455
}