{
  "dim": 96,
  "seed": "3376",
  "method": "ENUM",
  "beta": 30,
  "steps_budget": 96,
  "steps_done": 96,
  "time_s": 4.733,
  "max_cos": 0.6155721003326452,
  "mean_cos": 0.15361128324631157,
  "accepted": 71,
  "calls": 96,
  "b1_gh": 2.0732978688707853,
  "slope": -0.04004284281062021,
  "logdet": 665.3294148221457,
  "log_b1": 8.5526436790322
}