{
  "dim": 96,
  "seed": "414",
  "method": "ENUM_SIEVE",
  "beta": 40,
  "steps_budget": 96,
  "steps_done": 96,
  "time_s": 2.26,
  "max_cos": 0.5608749478128043,
  "mean_cos": 0.1510178361928813,
  "accepted": 96,
  "calls": 96,
  "b1_gh": 1.992309242390142,
  "slope": -0.03873051836397097,
  "logdet": 665.2823771597672,
  "log_b1": 8.512307579769296
}