{
  "dim": 96,
  "seed": "970",
  "method": "ENUM_SIEVE",
  "beta": 40,
  "steps_budget": 96,
  "steps_done": 96,
  "time_s": 2.42,
  "max_cos": 0.5759856176700974,
  "mean_cos": 0.15315648656575084,
  "accepted": 96,
  "calls": 96,
  "b1_gh": 2.0564310806224047,
  "slope": -0.03884755970401281,
  "logdet": 665.0537565399886,
  "log_b1": 8.541603720881376
}