{
  "dim": 96,
  "seed": "18",
  "method": "ENUM",
  "beta": 30,
  "steps_budget": 96,
  "steps_done": 96,
  "time_s": 7.538,
  "max_cos": 0.6615770811036747,
  "mean_cos": 0.15758234564323448,
  "accepted": 75,
  "calls": 96,
  "b1_gh": 2.074998729072454,
  "slope": -0.037997645956482244,
  "logdet": 665.2185888107986,
  "log_b1": 8.552309269710829
}