{
  "dim": 96,
  "seed": "860",
  "method": "ENUM",
  "beta": 30,
  "steps_budget": 96,
  "steps_done": 96,
  "time_s": 4.915,
  "max_cos": 0.6804740627834284,
  "mean_cos": 0.1587097961465187,
  "accepted": 67,
  "calls": 96,
  "b1_gh": 2.0452586035843856,
  "slope": -0.039122649769678754,
  "logdet": 664.9841148952236,
  "log_b1": 8.53543052992328
}