{
  "dim": 96,
  "seed": "414",
  "method": "ENUM",
  "beta": 30,
  "steps_budget": 96,
  "steps_done": 96,
  "time_s": 4.903,
  "max_cos": 0.6082232688308449,
  "mean_cos": 0.1531399859197444,
  "accepted": 71,
  "calls": 96,
  "b1_gh": 2.06442514207266,
  "slope": -0.03883822704556442,
  "logdet": 665.2823771597675,
  "log_b1": 8.547864996586764
}