{
  "dim": 96,
  "seed": "145",
  "method": "ENUM",
  "beta": 30,
  "steps_budget": 96,
  "steps_done": 96,
  "time_s": 7.487,
  "max_cos": 0.6580314538272853,
  "mean_cos": 0.16010157937386385,
  "accepted": 71,
  "calls": 96,
  "b1_gh": 2.021125481556034,
  "slope": -0.039557493293569626,
  "logdet": 665.1471841678499,
  "log_b1": 8.525259455498704
}