{
  "dim": 96,
  "seed": "145",
  "method": "LLL",
  "beta": 0,
  "steps_budget": 96,
  "steps_done": 1,
  "time_s": 4.399,
  "max_cos": 0.611050172901958,
  "mean_cos": 0.17645442452696414,
  "accepted": 0,
  "calls": 0,
  "b1_gh": 3.0752474097971816,
  "slope": -0.04604618740846162,
  "logdet": 665.147184167851,
  "log_b1": 8.944990286652022
}