{
  "dim": 96,
  "seed": "301",
  "method": "LLL",
  "beta": 0,
  "steps_budget": 96,
  "steps_done": 1,
  "time_s": 6.832,
  "max_cos": 0.6585532485603778,
  "mean_cos": 0.1683399813669308,
  "accepted": 0,
  "calls": 0,
  "b1_gh": 2.9821000331891083,
  "slope": -0.04309992642165445,
  "logdet": 664.8532704647575,
  "log_b1": 8.911171090535927
}