{
  "dim": 96,
  "seed": "8012",
  "method": "LLL",
  "beta": 0,
  "steps_budget": 96,
  "steps_done": 1,
  "time_s": 7.004,
  "max_cos": 0.614024589123288,
  "mean_cos": 0.1681099806463844,
  "accepted": 0,
  "calls": 0,
  "b1_gh": 2.4398762603607027,
  "slope": -0.04045782649146063,
  "logdet": 664.7298948923874,
  "log_b1": 8.709205491925681
}