{
  "dim": 96,
  "seed": "414",
  "method": "LLL",
  "beta": 0,
  "steps_budget": 96,
  "steps_done": 1,
  "time_s": 7.104,
  "max_cos": 0.7461009706558751,
  "mean_cos": 0.186694724214032,
  "accepted": 0,
  "calls": 0,
  "b1_gh": 3.1855580662317147,
  "slope": -0.04367937392348229,
  "logdet": 665.282377159767,
  "log_b1": 8.981640681194621
}