{
  "dim": 96,
  "seed": "18",
  "method": "LLL",
  "beta": 0,
  "steps_budget": 96,
  "steps_done": 1,
  "time_s": 4.465,
  "max_cos": 0.6560284549120957,
  "mean_cos": 0.16123499179615383,
  "accepted": 0,
  "calls": 0,
  "b1_gh": 2.3952059871021927,
  "slope": -0.042045581446613925,
  "logdet": 665.2185888107983,
  "log_b1": 8.695817962828823
}