{
  "dim": 96,
  "seed": "860",
  "method": "LLL",
  "beta": 0,
  "steps_budget": 96,
  "steps_done": 1,
  "time_s": 4.507,
  "max_cos": 0.6873604792892821,
  "mean_cos": 0.1679808002347025,
  "accepted": 0,
  "calls": 0,
  "b1_gh": 2.339351153477929,
  "slope": -0.04186902027932183,
  "logdet": 664.9841148952239,
  "log_b1": 8.669779897983558
}