{
  "dim": 96,
  "seed": "970",
  "method": "LLL",
  "beta": 0,
  "steps_budget": 96,
  "steps_done": 1,
  "time_s": 6.515,
  "max_cos": 0.6386215135017231,
  "mean_cos": 0.1617559422981224,
  "accepted": 0,
  "calls": 0,
  "b1_gh": 2.189991407392193,
  "slope": -0.04156737626994945,
  "logdet": 665.0537565399884,
  "log_b1": 8.604529345958122
}