{
  "dim": 96,
  "seed": "1677",
  "method": "LLL",
  "beta": 0,
  "steps_budget": 96,
  "steps_done": 1,
  "time_s": 6.796,
  "max_cos": 0.6388090935845941,
  "mean_cos": 0.17038022902492636,
  "accepted": 0,
  "calls": 0,
  "b1_gh": 2.8546690559942935,
  "slope": -0.044454611150023894,
  "logdet": 665.1836952266239,
  "log_b1": 8.870941172737442
}