{
  "dim": 96,
  "seed": "3376",
  "method": "LLL",
  "beta": 0,
  "steps_budget": 96,
  "steps_done": 1,
  "time_s": 6.761,
  "max_cos": 0.6976622790768106,
  "mean_cos": 0.17250419225807628,
  "accepted": 0,
  "calls": 0,
  "b1_gh": 3.6575308123585857,
  "slope": -0.04591803467021739,
  "logdet": 665.3294148221455,
  "log_b1": 9.120291444450014
}