{
  "dim": 97,
  "seed": "243",
  "method": "BKZ",
  "beta": 20,
  "steps_budget": 97,
  "steps_done": 97,
  "time_s": 4.88,
  "max_cos": 0.6512117634764661,
  "mean_cos": 0.1607427308443378,
  "accepted": 97,
  "calls": 97,
  "b1_gh": 2.4056691442837175,
  "slope": -0.04192152693747754,
  "logdet": 671.9201459129247,
  "log_b1": 8.702756232138192
}