{
  "dim": 97,
  "seed": "510",
  "method": "BKZ",
  "beta": 20,
  "steps_budget": 97,
  "steps_done": 97,
  "time_s": 7.637,
  "max_cos": 0.6411487355069273,
  "mean_cos": 0.15428424135483415,
  "accepted": 97,
  "calls": 97,
  "b1_gh": 2.253857127873335,
  "slope": -0.04023710569107875,
  "logdet": 672.2062148974724,
  "log_b1": 8.640520329169068
}