{
  "dim": 97,
  "seed": "906",
  "method": "BKZ",
  "beta": 20,
  "steps_budget": 97,
  "steps_done": 97,
  "time_s": 4.981,
  "max_cos": 0.5688927935529423,
  "mean_cos": 0.1546309247335534,
  "accepted": 97,
  "calls": 97,
  "b1_gh": 2.342171357235783,
  "slope": -0.041050455506535105,
  "logdet": 671.7071865941558,
  "log_b1": 8.67381110946441
}