{
  "dim": 97,
  "seed": "4198",
  "method": "BKZ",
  "beta": 20,
  "steps_budget": 97,
  "steps_done": 97,
  "time_s": 4.985,
  "max_cos": 0.5915104070532967,
  "mean_cos": 0.155045740441078,
  "accepted": 97,
  "calls": 97,
  "b1_gh": 2.1666608182503526,
  "slope": -0.039091007645007836,
  "logdet": 672.2378906877749,
  "log_b1": 8.60139104509711
}