{
  "dim": 97,
  "seed": "164",
  "method": "BKZ",
  "beta": 20,
  "steps_budget": 97,
  "steps_done": 97,
  "time_s": 6.511,
  "max_cos": 0.6035352905928034,
  "mean_cos": 0.1614475516133875,
  "accepted": 97,
  "calls": 97,
  "b1_gh": 2.0631654354551916,
  "slope": -0.03827566505384093,
  "logdet": 671.7011463940735,
  "log_b1": 8.546911832372833
}