{
  "dim": 97,
  "seed": "7582",
  "method": "BKZ",
  "beta": 20,
  "steps_budget": 97,
  "steps_done": 97,
  "time_s": 4.975,
  "max_cos": 0.6114843026277187,
  "mean_cos": 0.1614049062368026,
  "accepted": 97,
  "calls": 97,
  "b1_gh": 2.4294868671407057,
  "slope": -0.04061146437952492,
  "logdet": 671.8222063119526,
  "log_b1": 8.711598519468133
}