{
  "dim": 97,
  "seed": "404",
  "method": "BKZ",
  "beta": 20,
  "steps_budget": 97,
  "steps_done": 97,
  "time_s": 4.882,
  "max_cos": 0.6409302644887958,
  "mean_cos": 0.1596106293044476,
  "accepted": 97,
  "calls": 97,
  "b1_gh": 2.4563345176932363,
  "slope": -0.04151728431876992,
  "logdet": 672.0152760118681,
  "log_b1": 8.724579064759933
}