{
  "dim": 97,
  "seed": "0",
  "method": "BKZ",
  "beta": 20,
  "steps_budget": 97,
  "steps_done": 97,
  "time_s": 4.763,
  "max_cos": 0.6197871363512957,
  "mean_cos": 0.16006182866276622,
  "accepted": 97,
  "calls": 97,
  "b1_gh": 2.244585223174211,
  "slope": -0.04055373701138168,
  "logdet": 671.9617115494431,
  "log_b1": 8.633877396825024
}