{
  "dim": 97,
  "seed": "1033",
  "method": "BKZ",
  "beta": 20,
  "steps_budget": 97,
  "steps_done": 97,
  "time_s": 4.818,
  "max_cos": 0.6516718880854394,
  "mean_cos": 0.15922450038587166,
  "accepted": 97,
  "calls": 97,
  "b1_gh": 2.350457736554542,
  "slope": -0.03983680963854221,
  "logdet": 671.733235920977,
  "log_b1": 8.677611320375687
}