{
  "dim": 97,
  "seed": "243",
  "method": "ENUM_SIEVE",
  "beta": 40,
  "steps_budget": 97,
  "steps_done": 97,
  "time_s": 2.326,
  "max_cos": 0.6036757485355794,
  "mean_cos": 0.1554207164148976,
  "accepted": 97,
  "calls": 97,
  "b1_gh": 2.406535905925278,
  "slope": -0.040517166613765615,
  "logdet": 671.9201459129246,
  "log_b1": 8.703116466850506
}