{
  "dim": 97,
  "seed": "4198",
  "method": "ENUM_SIEVE",
  "beta": 40,
  "steps_budget": 97,
  "steps_done": 97,
  "time_s": 2.278,
  "max_cos": 0.6017213208742875,
  "mean_cos": 0.15994465498348043,
  "accepted": 97,
  "calls": 97,
  "b1_gh": 2.180803940051416,
  "slope": -0.0399090298683099,
  "logdet": 672.2378906877758,
  "log_b1": 8.607897444794872
}