{
  "dim": 97,
  "seed": "0",
  "method": "ENUM_SIEVE",
  "beta": 40,
  "steps_budget": 97,
  "steps_done": 97,
  "time_s": 2.395,
  "max_cos": 0.5830589870855664,
  "mean_cos": 0.15476693710774062,
  "accepted": 97,
  "calls": 97,
  "b1_gh": 1.9603233539200624,
  "slope": -0.03948370342448161,
  "logdet": 671.9617115494432,
  "log_b1": 8.4984660846498
}