{
  "dim": 97,
  "seed": "510",
  "method": "ENUM_SIEVE",
  "beta": 40,
  "steps_budget": 97,
  "steps_done": 97,
  "time_s": 2.348,
  "max_cos": 0.6341669326607283,
  "mean_cos": 0.1552295601377728,
  "accepted": 97,
  "calls": 97,
  "b1_gh": 2.246219721896815,
  "slope": -0.04005253354002684,
  "logdet": 672.2062148974725,
  "log_b1": 8.637125981221507
}