{
  "dim": 97,
  "seed": "1033",
  "method": "ENUM_SIEVE",
  "beta": 40,
  "steps_budget": 97,
  "steps_done": 97,
  "time_s": 2.378,
  "max_cos": 0.6935243890688134,
  "mean_cos": 0.1569157976490934,
  "accepted": 97,
  "calls": 97,
  "b1_gh": 2.2061064809932454,
  "slope": -0.039536774351263945,
  "logdet": 671.7332359209771,
  "log_b1": 8.614230418150184
}