{
  "dim": 97,
  "seed": "404",
  "method": "ENUM",
  "beta": 30,
  "steps_budget": 97,
  "steps_done": 97,
  "time_s": 7.728,
  "max_cos": 0.621029741294014,
  "mean_cos": 0.15736188957144226,
  "accepted": 81,
  "calls": 97,
  "b1_gh": 2.1719043071052595,
  "slope": -0.03910049840776058,
  "logdet": 672.0152760118687,
  "log_b1": 8.601513203076458
}