{
  "dim": 97,
  "seed": "0",
  "method": "ENUM",
  "beta": 30,
  "steps_budget": 97,
  "steps_done": 97,
  "time_s": 5.014,
  "max_cos": 0.624116818655598,
  "mean_cos": 0.1595060958801579,
  "accepted": 75,
  "calls": 97,
  "b1_gh": 2.32645634407535,
  "slope": -0.039497075496691306,
  "logdet": 671.9617115494426,
  "log_b1": 8.669702876015606
}