{
  "dim": 97,
  "seed": "510",
  "method": "ENUM",
  "beta": 30,
  "steps_budget": 97,
  "steps_done": 97,
  "time_s": 5.12,
  "max_cos": 0.6118463951432322,
  "mean_cos": 0.16075063312926716,
  "accepted": 69,
  "calls": 97,
  "b1_gh": 2.229699453427674,
  "slope": -0.03989043831798817,
  "logdet": 672.2062148974725,
  "log_b1": 8.629744103738622
}