{
  "dim": 97,
  "seed": "1033",
  "method": "ENUM",
  "beta": 30,
  "steps_budget": 97,
  "steps_done": 97,
  "time_s": 7.835,
  "max_cos": 0.5855732688828189,
  "mean_cos": 0.15648358486642827,
  "accepted": 80,
  "calls": 97,
  "b1_gh": 2.105549121373547,
  "slope": -0.03953580063198704,
  "logdet": 671.7332359209773,
  "log_b1": 8.56757752805002
}