{
  "dim": 97,
  "seed": "404",
  "method": "ENUM_SIEVE",
  "beta": 40,
  "steps_budget": 97,
  "steps_done": 97,
  "time_s": 2.296,
  "max_cos": 0.6131974244495784,
  "mean_cos": 0.15451145924713416,
  "accepted": 97,
  "calls": 97,
  "b1_gh": 2.204656380559199,
  "slope": -0.04061115133318132,
  "logdet": 672.0152760118685,
  "log_b1": 8.616480519751466
}