{
  "dim": 97,
  "seed": "164",
  "method": "ENUM",
  "beta": 30,
  "steps_budget": 97,
  "steps_done": 97,
  "time_s": 7.892,
  "max_cos": 0.6735350084749055,
  "mean_cos": 0.1566091702702556,
  "accepted": 72,
  "calls": 97,
  "b1_gh": 2.199098702748157,
  "slope": -0.038851990105366774,
  "logdet": 671.7011463940734,
  "log_b1": 8.61071800566276
}