{
  "dim": 97,
  "seed": "7582",
  "method": "ENUM_SIEVE",
  "beta": 40,
  "steps_budget": 97,
  "steps_done": 97,
  "time_s": 2.294,
  "max_cos": 0.6343819171664823,
  "mean_cos": 0.1511119073197797,
  "accepted": 97,
  "calls": 97,
  "b1_gh": 2.031711398918471,
  "slope": -0.0398171718800796,
  "logdet": 671.8222063119518,
  "log_b1": 8.532796941738006
}