{
  "dim": 97,
  "seed": "7582",
  "method": "ENUM",
  "beta": 30,
  "steps_budget": 97,
  "steps_done": 97,
  "time_s": 7.723,
  "max_cos": 0.6976389808036054,
  "mean_cos": 0.15661660211899564,
  "accepted": 79,
  "calls": 97,
  "b1_gh": 2.0883711253317143,
  "slope": -0.03934458110572196,
  "logdet": 671.8222063119523,
  "log_b1": 8.56030284644328
}