{
  "dim": 97,
  "seed": "906",
  "method": "ENUM",
  "beta": 30,
  "steps_budget": 97,
  "steps_done": 97,
  "time_s": 7.75,
  "max_cos": 0.6109517359748313,
  "mean_cos": 0.154065011172432,
  "accepted": 73,
  "calls": 97,
  "b1_gh": 2.289404001785326,
  "slope": -0.03957961370259777,
  "logdet": 671.7071865941572,
  "log_b1": 8.651024202376679
}