{
  "dim": 97,
  "seed": "4198",
  "method": "ENUM",
  "beta": 30,
  "steps_budget": 97,
  "steps_done": 97,
  "time_s": 7.808,
  "max_cos": 0.6092706359099708,
  "mean_cos": 0.15413014284236176,
  "accepted": 68,
  "calls": 97,
  "b1_gh": 2.148899946691351,
  "slope": -0.039389050288623,
  "logdet": 672.2378906877752,
  "log_b1": 8.593159914635308
}