{
  "dim": 97,
  "seed": "906",
  "method": "ENUM_SIEVE",
  "beta": 40,
  "steps_budget": 97,
  "steps_done": 97,
  "time_s": 2.299,
  "max_cos": 0.6142485787991775,
  "mean_cos": 0.15681344151653906,
  "accepted": 97,
  "calls": 97,
  "b1_gh": 2.156188646596371,
  "slope": -0.03950409975296205,
  "logdet": 671.7071865941564,
  "log_b1": 8.591074827553777
}