{
  "dim": 97,
  "seed": "164",
  "method": "ENUM_SIEVE",
  "beta": 40,
  "steps_budget": 97,
  "steps_done": 97,
  "time_s": 2.38,
  "max_cos": 0.622666693279835,
  "mean_cos": 0.15398659066597123,
  "accepted": 97,
  "calls": 97,
  "b1_gh": 2.0243965792216496,
  "slope": -0.03886230266277875,
  "logdet": 671.7011463940732,
  "log_b1": 8.527942080391943
}