{
  "dim": 97,
  "seed": "243",
  "method": "ENUM",
  "beta": 30,
  "steps_budget": 97,
  "steps_done": 97,
  "time_s": 7.705,
  "max_cos": 0.6097056318410037,
  "mean_cos": 0.1544971073121591,
  "accepted": 69,
  "calls": 97,
  "b1_gh": 2.1852343721772938,
  "slope": -0.040920523715798296,
  "logdet": 671.9201459129242,
  "log_b1": 8.606651223757515
}