{
  "dim": 97,
  "seed": "243",
  "method": "LLL",
  "beta": 0,
  "steps_budget": 97,
  "steps_done": 1,
  "time_s": 4.606,
  "max_cos": 0.6917618967393461,
  "mean_cos": 0.1673224777190823,
  "accepted": 0,
  "calls": 0,
  "b1_gh": 2.5613254550996984,
  "slope": -0.043607159172040715,
  "logdet": 671.9201459129248,
  "log_b1": 8.76545301720844
}