{
  "dim": 97,
  "seed": "4198",
  "method": "LLL",
  "beta": 0,
  "steps_budget": 97,
  "steps_done": 1,
  "time_s": 4.709,
  "max_cos": 0.6580359293387257,
  "mean_cos": 0.17045311098443028,
  "accepted": 0,
  "calls": 0,
  "b1_gh": 2.558076122822612,
  "slope": -0.04069059638917848,
  "logdet": 672.2378906877755,
  "log_b1": 8.767459317576801
}