{
  "dim": 97,
  "seed": "906",
  "method": "LLL",
  "beta": 0,
  "steps_budget": 97,
  "steps_done": 1,
  "time_s": 4.737,
  "max_cos": 0.6407080229445887,
  "mean_cos": 0.1787790928648632,
  "accepted": 0,
  "calls": 0,
  "b1_gh": 3.1582416809687923,
  "slope": -0.042193414488124976,
  "logdet": 671.7071865941568,
  "log_b1": 8.972748122574464
}