{
  "dim": 97,
  "seed": "7582",
  "method": "LLL",
  "beta": 0,
  "steps_budget": 97,
  "steps_done": 1,
  "time_s": 7.069,
  "max_cos": 0.6261466018901021,
  "mean_cos": 0.16266864418382546,
  "accepted": 0,
  "calls": 0,
  "b1_gh": 2.699717201415378,
  "slope": -0.04287115726096769,
  "logdet": 671.8222063119522,
  "log_b1": 8.81706547750814
}