{
  "dim": 97,
  "seed": "510",
  "method": "LLL",
  "beta": 0,
  "steps_budget": 97,
  "steps_done": 1,
  "time_s": 4.707,
  "max_cos": 0.609843002295851,
  "mean_cos": 0.1617955947757745,
  "accepted": 0,
  "calls": 0,
  "b1_gh": 2.299874864536405,
  "slope": -0.04097788882216475,
  "logdet": 672.2062148974732,
  "log_b1": 8.660732016328849
}