{
  "dim": 97,
  "seed": "0",
  "method": "LLL",
  "beta": 0,
  "steps_budget": 97,
  "steps_done": 1,
  "time_s": 4.599,
  "max_cos": 0.6457396851409867,
  "mean_cos": 0.16583190134933,
  "accepted": 0,
  "calls": 0,
  "b1_gh": 2.9200158760178914,
  "slope": -0.04275026453254563,
  "logdet": 671.9617115494433,
  "log_b1": 8.896945701782512
}