{
  "dim": 97,
  "seed": "164",
  "method": "LLL",
  "beta": 0,
  "steps_budget": 97,
  "steps_done": 1,
  "time_s": 7.305,
  "max_cos": 0.6445014899743199,
  "mean_cos": 0.1694820455431972,
  "accepted": 0,
  "calls": 0,
  "b1_gh": 2.596146983574084,
  "slope": -0.040508280539388215,
  "logdet": 671.7011463940736,
  "log_b1": 8.776698826298974
}