{
  "dim": 97,
  "seed": "1033",
  "method": "LLL",
  "beta": 0,
  "steps_budget": 97,
  "steps_done": 1,
  "time_s": 7.159,
  "max_cos": 0.6947115399420186,
  "mean_cos": 0.17466784785715037,
  "accepted": 0,
  "calls": 0,
  "b1_gh": 2.703828758161861,
  "slope": -0.04332376298247181,
  "logdet": 671.7332359209765,
  "log_b1": 8.817670056767696
}