{
  "dim": 97,
  "seed": "404",
  "method": "LLL",
  "beta": 0,
  "steps_budget": 97,
  "steps_done": 1,
  "time_s": 7.129,
  "max_cos": 0.6824674493124603,
  "mean_cos": 0.17333981309022709,
  "accepted": 0,
  "calls": 0,
  "b1_gh": 3.4313515203195024,
  "slope": -0.04358115916788823,
  "logdet": 672.0152760118691,
  "log_b1": 9.058863072293896
}