{
  "dim": 98,
  "seed": "0",
  "method": "BKZ",
  "beta": 20,
  "steps_budget": 98,
  "steps_done": 98,
  "time_s": 5.286,
  "max_cos": 0.6503356136473882,
  "mean_cos": 0.16117601073232915,
  "accepted": 98,
  "calls": 98,
  "b1_gh": 2.394061572718115,
  "slope": -0.04033089384718765,
  "logdet": 679.1758120940838,
  "log_b1": 8.706152465523738
}