{
  "dim": 98,
  "seed": "111",
  "method": "BKZ",
  "beta": 20,
  "steps_budget": 98,
  "steps_done": 98,
  "time_s": 7.991,
  "max_cos": 0.658732329516748,
  "mean_cos": 0.15589017906619673,
  "accepted": 98,
  "calls": 98,
  "b1_gh": 2.303454566379278,
  "slope": -0.040154640500485374,
  "logdet": 678.8722459462598,
  "log_b1": 8.66447350683274
}