{
  "dim": 98,
  "seed": "129",
  "method": "BKZ",
  "beta": 20,
  "steps_budget": 98,
  "steps_done": 98,
  "time_s": 5.692,
  "max_cos": 0.6582712678668937,
  "mean_cos": 0.1609915613190293,
  "accepted": 98,
  "calls": 98,
  "b1_gh": 2.207595109349166,
  "slope": -0.03887094246454437,
  "logdet": 679.2044586823368,
  "log_b1": 8.625357188456267
}