{
  "dim": 98,
  "seed": "6139",
  "method": "BKZ",
  "beta": 20,
  "steps_budget": 98,
  "steps_done": 98,
  "time_s": 7.894,
  "max_cos": 0.660273739107178,
  "mean_cos": 0.1605339197725129,
  "accepted": 98,
  "calls": 98,
  "b1_gh": 2.3800089534016213,
  "slope": -0.040425085082064556,
  "logdet": 678.6229852401754,
  "log_b1": 8.694624298384248
}