{
  "dim": 98,
  "seed": "239",
  "method": "BKZ",
  "beta": 20,
  "steps_budget": 98,
  "steps_done": 98,
  "time_s": 7.997,
  "max_cos": 0.6304863478192524,
  "mean_cos": 0.1582287560689928,
  "accepted": 98,
  "calls": 98,
  "b1_gh": 2.1884047032378375,
  "slope": -0.04006257859230901,
  "logdet": 679.2767981364437,
  "log_b1": 8.617364441313068
}