{
  "dim": 98,
  "seed": "33",
  "method": "BKZ",
  "beta": 20,
  "steps_budget": 98,
  "steps_done": 98,
  "time_s": 7.861,
  "max_cos": 0.6007828678648498,
  "mean_cos": 0.15483156854580074,
  "accepted": 98,
  "calls": 98,
  "b1_gh": 2.2681720166904458,
  "slope": -0.04071946824238337,
  "logdet": 679.1554866531653,
  "log_b1": 8.651927964753158
}