{
  "dim": 98,
  "seed": "27",
  "method": "BKZ",
  "beta": 20,
  "steps_budget": 98,
  "steps_done": 98,
  "time_s": 5.181,
  "max_cos": 0.6808025936125583,
  "mean_cos": 0.16109939821227973,
  "accepted": 98,
  "calls": 98,
  "b1_gh": 2.313647791738108,
  "slope": -0.03918535757024595,
  "logdet": 678.8736550866096,
  "log_b1": 8.668903313990892
}