{
  "dim": 98,
  "seed": "116",
  "method": "BKZ",
  "beta": 20,
  "steps_budget": 98,
  "steps_done": 98,
  "time_s": 5.25,
  "max_cos": 0.5818451446066152,
  "mean_cos": 0.16407864781254777,
  "accepted": 98,
  "calls": 98,
  "b1_gh": 2.2491792311337386,
  "slope": -0.04029255021972692,
  "logdet": 678.6138745920908,
  "log_b1": 8.637992446480594
}