{
  "dim": 98,
  "seed": "1",
  "method": "BKZ",
  "beta": 20,
  "steps_budget": 98,
  "steps_done": 98,
  "time_s": 7.948,
  "max_cos": 0.5679376822690962,
  "mean_cos": 0.15604085970477866,
  "accepted": 98,
  "calls": 98,
  "b1_gh": 2.393556647985663,
  "slope": -0.040769936117999464,
  "logdet": 679.2214260452962,
  "log_b1": 8.706406984599248
}