{
  "dim": 98,
  "seed": "33",
  "method": "ENUM_SIEVE",
  "beta": 40,
  "steps_budget": 98,
  "steps_done": 98,
  "time_s": 2.359,
  "max_cos": 0.6145224179998644,
  "mean_cos": 0.15828572445192263,
  "accepted": 98,
  "calls": 98,
  "b1_gh": 2.4140732173043933,
  "slope": -0.04172037336394057,
  "logdet": 679.1554866531658,
  "log_b1": 8.714269189161039
}