{
  "dim": 98,
  "seed": "0",
  "method": "ENUM",
  "beta": 30,
  "steps_budget": 98,
  "steps_done": 98,
  "time_s": 8.21,
  "max_cos": 0.6814154055127403,
  "mean_cos": 0.15400157908895426,
  "accepted": 61,
  "calls": 98,
  "b1_gh": 2.210554491121968,
  "slope": -0.038690199731116724,
  "logdet": 679.1758120940835,
  "log_b1": 8.626404524139934
}