{
  "dim": 98,
  "seed": "129",
  "method": "ENUM_SIEVE",
  "beta": 40,
  "steps_budget": 98,
  "steps_done": 98,
  "time_s": 2.388,
  "max_cos": 0.6086999730691743,
  "mean_cos": 0.1513047472895696,
  "accepted": 98,
  "calls": 98,
  "b1_gh": 2.049152698380784,
  "slope": -0.038501207588228885,
  "logdet": 679.2044586823376,
  "log_b1": 8.550879841093444
}