{
  "dim": 98,
  "seed": "6139",
  "method": "ENUM",
  "beta": 30,
  "steps_budget": 98,
  "steps_done": 98,
  "time_s": 5.32,
  "max_cos": 0.6067018053540182,
  "mean_cos": 0.16030699030400852,
  "accepted": 71,
  "calls": 98,
  "b1_gh": 2.201290542322761,
  "slope": -0.038756575973819624,
  "logdet": 678.6229852401755,
  "log_b1": 8.616563847296991
}