{
  "dim": 98,
  "seed": "111",
  "method": "ENUM_SIEVE",
  "beta": 40,
  "steps_budget": 98,
  "steps_done": 98,
  "time_s": 2.4,
  "max_cos": 0.5651215857672407,
  "mean_cos": 0.15447273080502655,
  "accepted": 98,
  "calls": 98,
  "b1_gh": 2.1221671134751823,
  "slope": -0.0402964350712873,
  "logdet": 678.8722459462598,
  "log_b1": 8.58250131527396
}