{
  "dim": 98,
  "seed": "27",
  "method": "ENUM",
  "beta": 30,
  "steps_budget": 98,
  "steps_done": 98,
  "time_s": 8.137,
  "max_cos": 0.6197560734772598,
  "mean_cos": 0.1525569567339681,
  "accepted": 79,
  "calls": 98,
  "b1_gh": 2.136015930122007,
  "slope": -0.038593974179500536,
  "logdet": 678.8736550866098,
  "log_b1": 8.589020283342773
}