{
  "dim": 98,
  "seed": "1",
  "method": "ENUM_SIEVE",
  "beta": 40,
  "steps_budget": 98,
  "steps_done": 98,
  "time_s": 2.387,
  "max_cos": 0.5827341662677168,
  "mean_cos": 0.15197528899757481,
  "accepted": 98,
  "calls": 98,
  "b1_gh": 2.171360774399512,
  "slope": -0.03903404121189803,
  "logdet": 679.2214260452964,
  "log_b1": 8.608980643595729
}