{
  "dim": 98,
  "seed": "0",
  "method": "ENUM_SIEVE",
  "beta": 40,
  "steps_budget": 98,
  "steps_done": 98,
  "time_s": 2.412,
  "max_cos": 0.6272054386332686,
  "mean_cos": 0.1571388272203302,
  "accepted": 98,
  "calls": 98,
  "b1_gh": 2.3532268808643186,
  "slope": -0.04059799279641536,
  "logdet": 679.1758120940842,
  "log_b1": 8.688948666174209
}