{
  "dim": 98,
  "seed": "239",
  "method": "ENUM",
  "beta": 30,
  "steps_budget": 98,
  "steps_done": 98,
  "time_s": 8.282,
  "max_cos": 0.5734850210120055,
  "mean_cos": 0.15717355638563177,
  "accepted": 80,
  "calls": 98,
  "b1_gh": 2.118197828064279,
  "slope": -0.038641952004224676,
  "logdet": 679.2767981364436,
  "log_b1": 8.584757254998816
}