{
  "dim": 98,
  "seed": "1",
  "method": "ENUM",
  "beta": 30,
  "steps_budget": 98,
  "steps_done": 98,
  "time_s": 8.217,
  "max_cos": 0.7002789864204286,
  "mean_cos": 0.1584112278648012,
  "accepted": 79,
  "calls": 98,
  "b1_gh": 2.2688974615687196,
  "slope": -0.03861816987550713,
  "logdet": 679.2214260452963,
  "log_b1": 8.652920601355769
}