{
  "dim": 98,
  "seed": "116",
  "method": "ENUM",
  "beta": 30,
  "steps_budget": 98,
  "steps_done": 98,
  "time_s": 5.366,
  "max_cos": 0.6862380473211795,
  "mean_cos": 0.15652279031252012,
  "accepted": 74,
  "calls": 98,
  "b1_gh": 2.0983383764444725,
  "slope": -0.0389563877656891,
  "logdet": 678.6138745920905,
  "log_b1": 8.56857286519196
}