{
  "dim": 98,
  "seed": "6139",
  "method": "ENUM_SIEVE",
  "beta": 40,
  "steps_budget": 98,
  "steps_done": 98,
  "time_s": 2.372,
  "max_cos": 0.7047973165488187,
  "mean_cos": 0.15711629571042054,
  "accepted": 98,
  "calls": 98,
  "b1_gh": 2.201791532273383,
  "slope": -0.040173661944327706,
  "logdet": 678.6229852401754,
  "log_b1": 8.616791410601193
}