{
  "dim": 98,
  "seed": "111",
  "method": "ENUM",
  "beta": 30,
  "steps_budget": 98,
  "steps_done": 98,
  "time_s": 6.312,
  "max_cos": 0.6132501651817951,
  "mean_cos": 0.15988793625661185,
  "accepted": 78,
  "calls": 98,
  "b1_gh": 2.3034545663792536,
  "slope": -0.03939848975310197,
  "logdet": 678.8722459462608,
  "log_b1": 8.66447350683274
}