{
  "dim": 98,
  "seed": "116",
  "method": "ENUM_SIEVE",
  "beta": 40,
  "steps_budget": 98,
  "steps_done": 98,
  "time_s": 2.394,
  "max_cos": 0.6276733145620983,
  "mean_cos": 0.15473742572325352,
  "accepted": 98,
  "calls": 98,
  "b1_gh": 2.0678680028625323,
  "slope": -0.04050350792671875,
  "logdet": 678.6138745920905,
  "log_b1": 8.553945209183734
}