{
  "dim": 98,
  "seed": "33",
  "method": "ENUM",
  "beta": 30,
  "steps_budget": 98,
  "steps_done": 98,
  "time_s": 5.142,
  "max_cos": 0.6314070832811629,
  "mean_cos": 0.15812898163895248,
  "accepted": 68,
  "calls": 98,
  "b1_gh": 2.135117859402628,
  "slope": -0.0407843975123691,
  "logdet": 679.1554866531652,
  "log_b1": 8.591475585286343
}