{
  "dim": 98,
  "seed": "129",
  "method": "ENUM",
  "beta": 30,
  "steps_budget": 98,
  "steps_done": 98,
  "time_s": 5.403,
  "max_cos": 0.6137070554212206,
  "mean_cos": 0.15719175482840642,
  "accepted": 75,
  "calls": 98,
  "b1_gh": 2.1489599065386935,
  "slope": -0.04012268639180049,
  "logdet": 679.2044586823374,
  "log_b1": 8.598437411932741
}