{
  "dim": 98,
  "seed": "27",
  "method": "ENUM_SIEVE",
  "beta": 40,
  "steps_budget": 98,
  "steps_done": 98,
  "time_s": 2.375,
  "max_cos": 0.6254749743864265,
  "mean_cos": 0.1561352003134214,
  "accepted": 98,
  "calls": 98,
  "b1_gh": 2.155407446206954,
  "slope": -0.03952547307053156,
  "logdet": 678.8736550866093,
  "log_b1": 8.598057680200183
}