{
  "dim": 98,
  "seed": "239",
  "method": "ENUM_SIEVE",
  "beta": 40,
  "steps_budget": 98,
  "steps_done": 98,
  "time_s": 2.383,
  "max_cos": 0.6559548122964858,
  "mean_cos": 0.15576182996943674,
  "accepted": 98,
  "calls": 98,
  "b1_gh": 2.2646102849743053,
  "slope": -0.03983313198397457,
  "logdet": 679.2767981364434,
  "log_b1": 8.651594293457537
}