{
  "dim": 98,
  "seed": "0",
  "method": "LLL",
  "beta": 0,
  "steps_budget": 98,
  "steps_done": 1,
  "time_s": 5.007,
  "max_cos": 0.710280639139214,
  "mean_cos": 0.16812428393412518,
  "accepted": 0,
  "calls": 0,
  "b1_gh": 2.7289597608359806,
  "slope": -0.04310620598989939,
  "logdet": 679.1758120940835,
  "log_b1": 8.837081635716354
}