{
  "dim": 98,
  "seed": "6139",
  "method": "LLL",
  "beta": 0,
  "steps_budget": 98,
  "steps_done": 1,
  "time_s": 4.85,
  "max_cos": 0.6197845272659362,
  "mean_cos": 0.16701585767483798,
  "accepted": 0,
  "calls": 0,
  "b1_gh": 2.7428209908533088,
  "slope": -0.042134063378788354,
  "logdet": 678.6229852401749,
  "log_b1": 8.836506998247977
}