{
  "dim": 98,
  "seed": "33",
  "method": "LLL",
  "beta": 0,
  "steps_budget": 98,
  "steps_done": 1,
  "time_s": 4.741,
  "max_cos": 0.6776893798211467,
  "mean_cos": 0.1654515481067751,
  "accepted": 0,
  "calls": 0,
  "b1_gh": 2.776142529169449,
  "slope": -0.04311887755946242,
  "logdet": 679.1554866531653,
  "log_b1": 8.854016121349424
}