{
  "dim": 98,
  "seed": "239",
  "method": "LLL",
  "beta": 0,
  "steps_budget": 98,
  "steps_done": 1,
  "time_s": 7.611,
  "max_cos": 0.6659402248159711,
  "mean_cos": 0.17985869132237672,
  "accepted": 0,
  "calls": 0,
  "b1_gh": 3.219736798310466,
  "slope": -0.04299031338090152,
  "logdet": 679.2767981364434,
  "log_b1": 9.0034912255008
}