{
  "dim": 98,
  "seed": "129",
  "method": "LLL",
  "beta": 0,
  "steps_budget": 98,
  "steps_done": 1,
  "time_s": 4.986,
  "max_cos": 0.6712509336020964,
  "mean_cos": 0.17536230066508637,
  "accepted": 0,
  "calls": 0,
  "b1_gh": 3.310464467949305,
  "slope": -0.04108338151213786,
  "logdet": 679.2044586823372,
  "log_b1": 9.03054195343349
}