{
  "dim": 98,
  "seed": "111",
  "method": "LLL",
  "beta": 0,
  "steps_budget": 98,
  "steps_done": 1,
  "time_s": 4.875,
  "max_cos": 0.6856821781968551,
  "mean_cos": 0.1754575720924739,
  "accepted": 0,
  "calls": 0,
  "b1_gh": 3.2008793693114033,
  "slope": -0.041847850490074785,
  "logdet": 678.87224594626,
  "log_b1": 8.993489100331278
}