{
  "dim": 98,
  "seed": "27",
  "method": "LLL",
  "beta": 0,
  "steps_budget": 98,
  "steps_done": 1,
  "time_s": 7.511,
  "max_cos": 0.6199471129217665,
  "mean_cos": 0.17098364395099228,
  "accepted": 0,
  "calls": 0,
  "b1_gh": 2.837015494261363,
  "slope": -0.042609724855335214,
  "logdet": 678.873655086609,
  "log_b1": 8.872830521657157
}