{
  "dim": 98,
  "seed": "116",
  "method": "LLL",
  "beta": 0,
  "steps_budget": 98,
  "steps_done": 1,
  "time_s": 7.436,
  "max_cos": 0.5910714922576823,
  "mean_cos": 0.16944943963085715,
  "accepted": 0,
  "calls": 0,
  "b1_gh": 3.061689021567917,
  "slope": -0.042454326833654105,
  "logdet": 678.6138745920906,
  "log_b1": 8.946393814496433
}