{
  "dim": 98,
  "seed": "1",
  "method": "LLL",
  "beta": 0,
  "steps_budget": 98,
  "steps_done": 1,
  "time_s": 4.98,
  "max_cos": 0.6107638682679125,
  "mean_cos": 0.16918529792841158,
  "accepted": 0,
  "calls": 0,
  "b1_gh": 2.742729966471411,
  "slope": -0.04137678116635713,
  "logdet": 679.2214260452963,
  "log_b1": 8.842580350115087
}