{
  "dim": 99,
  "seed": "1679",
  "method": "BKZ",
  "beta": 20,
  "steps_budget": 99,
  "steps_done": 99,
  "time_s": 5.255,
  "max_cos": 0.612190457395036,
  "mean_cos": 0.15695070292545396,
  "accepted": 99,
  "calls": 99,
  "b1_gh": 2.343493270014177,
  "slope": -0.04025523688463159,
  "logdet": 685.7746376728203,
  "log_b1": 8.686286745538808
}