{
  "dim": 99,
  "seed": "1445",
  "method": "BKZ",
  "beta": 20,
  "steps_budget": 99,
  "steps_done": 99,
  "time_s": 8.22,
  "max_cos": 0.6475335269971918,
  "mean_cos": 0.15807158449499434,
  "accepted": 99,
  "calls": 99,
  "b1_gh": 2.534535453310158,
  "slope": -0.04092929046868894,
  "logdet": 686.189115248328,
  "log_b1": 8.768841088224246
}