{
  "dim": 99,
  "seed": "1251",
  "method": "BKZ",
  "beta": 20,
  "steps_budget": 99,
  "steps_done": 99,
  "time_s": 5.34,
  "max_cos": 0.6237521746316101,
  "mean_cos": 0.15729552749761666,
  "accepted": 99,
  "calls": 99,
  "b1_gh": 2.3734638124811407,
  "slope": -0.03938686596846483,
  "logdet": 686.1921890794823,
  "log_b1": 8.703212182319238
}