{
  "dim": 99,
  "seed": "603",
  "method": "BKZ",
  "beta": 20,
  "steps_budget": 99,
  "steps_done": 99,
  "time_s": 8.367,
  "max_cos": 0.6225116941777613,
  "mean_cos": 0.1624273873072782,
  "accepted": 99,
  "calls": 99,
  "b1_gh": 2.45979830931371,
  "slope": -0.04088116668755095,
  "logdet": 686.0158092630081,
  "log_b1": 8.73715951409702
}