{
  "dim": 99,
  "seed": "1042",
  "method": "BKZ",
  "beta": 20,
  "steps_budget": 99,
  "steps_done": 99,
  "time_s": 5.354,
  "max_cos": 0.5826285919514695,
  "mean_cos": 0.15790490254973139,
  "accepted": 99,
  "calls": 99,
  "b1_gh": 2.24943356498456,
  "slope": -0.03949297491293694,
  "logdet": 685.761323952358,
  "log_b1": 8.645188032530882
}