{
  "dim": 99,
  "seed": "5569",
  "method": "BKZ",
  "beta": 20,
  "steps_budget": 99,
  "steps_done": 99,
  "time_s": 8.379,
  "max_cos": 0.6112218180176365,
  "mean_cos": 0.16076447316513218,
  "accepted": 99,
  "calls": 99,
  "b1_gh": 2.3744435120558696,
  "slope": -0.039273918148753854,
  "logdet": 685.9724073513945,
  "log_b1": 8.701404851768443
}