{
  "dim": 99,
  "seed": "487",
  "method": "BKZ",
  "beta": 20,
  "steps_budget": 99,
  "steps_done": 99,
  "time_s": 8.332,
  "max_cos": 0.6484129610015934,
  "mean_cos": 0.16370164523376804,
  "accepted": 99,
  "calls": 99,
  "b1_gh": 2.286631656466684,
  "slope": -0.03866034065766539,
  "logdet": 686.1513452707384,
  "log_b1": 8.665529048550338
}