{
  "dim": 99,
  "seed": "1145",
  "method": "BKZ",
  "beta": 20,
  "steps_budget": 99,
  "steps_done": 99,
  "time_s": 8.659,
  "max_cos": 0.5958835673631317,
  "mean_cos": 0.15216100275039454,
  "accepted": 99,
  "calls": 99,
  "b1_gh": 2.2398957842746237,
  "slope": -0.03949361641611164,
  "logdet": 686.0811250905556,
  "log_b1": 8.644169251338857
}