{
  "dim": 99,
  "seed": "691",
  "method": "BKZ",
  "beta": 20,
  "steps_budget": 99,
  "steps_done": 99,
  "time_s": 8.196,
  "max_cos": 0.6030007484130782,
  "mean_cos": 0.15785486529383985,
  "accepted": 99,
  "calls": 99,
  "b1_gh": 2.383224482562797,
  "slope": -0.039711984453300576,
  "logdet": 686.096717215285,
  "log_b1": 8.706351802983864
}