{
  "dim": 99,
  "seed": "5569",
  "method": "ENUM_SIEVE",
  "beta": 40,
  "steps_budget": 99,
  "steps_done": 99,
  "time_s": 2.52,
  "max_cos": 0.598905661655262,
  "mean_cos": 0.1545730424134752,
  "accepted": 99,
  "calls": 99,
  "b1_gh": 2.1678116546842117,
  "slope": -0.03892133933717697,
  "logdet": 685.9724073513945,
  "log_b1": 8.610359957108077
}