{
  "dim": 99,
  "seed": "5569",
  "method": "ENUM",
  "beta": 30,
  "steps_budget": 99,
  "steps_done": 99,
  "time_s": 5.56,
  "max_cos": 0.5824462334039778,
  "mean_cos": 0.15841084723414697,
  "accepted": 74,
  "calls": 99,
  "b1_gh": 2.1343594877747214,
  "slope": -0.03992504525214436,
  "logdet": 685.9724073513938,
  "log_b1": 8.594808348393935
}