{
  "dim": 99,
  "seed": "1445",
  "method": "ENUM",
  "beta": 30,
  "steps_budget": 99,
  "steps_done": 99,
  "time_s": 5.941,
  "max_cos": 0.6756220162295636,
  "mean_cos": 0.15772502998049498,
  "accepted": 69,
  "calls": 99,
  "b1_gh": 2.221136935217454,
  "slope": -0.04040164205497708,
  "logdet": 686.1891152483279,
  "log_b1": 8.636849918875777
}