{
  "dim": 99,
  "seed": "1042",
  "method": "ENUM",
  "beta": 30,
  "steps_budget": 99,
  "steps_done": 99,
  "time_s": 5.507,
  "max_cos": 0.6068525229418739,
  "mean_cos": 0.15410019378528642,
  "accepted": 83,
  "calls": 99,
  "b1_gh": 2.24943356498456,
  "slope": -0.03875781081604558,
  "logdet": 685.761323952358,
  "log_b1": 8.645188032530882
}