{
  "dim": 99,
  "seed": "1251",
  "method": "ENUM",
  "beta": 30,
  "steps_budget": 99,
  "steps_done": 99,
  "time_s": 5.36,
  "max_cos": 0.6209613181999497,
  "mean_cos": 0.15562054736965622,
  "accepted": 73,
  "calls": 99,
  "b1_gh": 2.1896057235136315,
  "slope": -0.03922142554809919,
  "logdet": 686.1921890794815,
  "log_b1": 8.622583262600518
}