{
  "dim": 99,
  "seed": "487",
  "method": "ENUM",
  "beta": 30,
  "steps_budget": 99,
  "steps_done": 99,
  "time_s": 8.486,
  "max_cos": 0.6602461935644774,
  "mean_cos": 0.16182664283103856,
  "accepted": 74,
  "calls": 99,
  "b1_gh": 2.2850715816081126,
  "slope": -0.03950411768846093,
  "logdet": 686.1513452707387,
  "log_b1": 8.664846556779601
}