{
  "dim": 99,
  "seed": "1251",
  "method": "ENUM_SIEVE",
  "beta": 40,
  "steps_budget": 99,
  "steps_done": 99,
  "time_s": 2.503,
  "max_cos": 0.6555889700816391,
  "mean_cos": 0.1557866245489118,
  "accepted": 99,
  "calls": 99,
  "b1_gh": 2.27045557478176,
  "slope": -0.04048177879937851,
  "logdet": 686.1921890794819,
  "log_b1": 8.658842274999103
}