{
  "dim": 99,
  "seed": "691",
  "method": "ENUM_SIEVE",
  "beta": 40,
  "steps_budget": 99,
  "steps_done": 99,
  "time_s": 2.443,
  "max_cos": 0.619446731500244,
  "mean_cos": 0.1533503550589069,
  "accepted": 99,
  "calls": 99,
  "b1_gh": 2.1394684546843856,
  "slope": -0.04198187762637698,
  "logdet": 686.0967172152848,
  "log_b1": 8.598454820160441
}