{
  "dim": 99,
  "seed": "603",
  "method": "ENUM",
  "beta": 30,
  "steps_budget": 99,
  "steps_done": 99,
  "time_s": 8.594,
  "max_cos": 0.6494247467529649,
  "mean_cos": 0.1573675938937726,
  "accepted": 75,
  "calls": 99,
  "b1_gh": 2.309876752571067,
  "slope": -0.03951596774685448,
  "logdet": 686.0158092630084,
  "log_b1": 8.67427432484281
}