{
  "dim": 99,
  "seed": "691",
  "method": "ENUM",
  "beta": 30,
  "steps_budget": 99,
  "steps_done": 99,
  "time_s": 8.433,
  "max_cos": 0.6030385692961402,
  "mean_cos": 0.15708885215191082,
  "accepted": 79,
  "calls": 99,
  "b1_gh": 2.182728973229947,
  "slope": -0.03957968543394938,
  "logdet": 686.096717215285,
  "log_b1": 8.618473324147946
}