{
  "dim": 99,
  "seed": "603",
  "method": "ENUM_SIEVE",
  "beta": 40,
  "steps_budget": 99,
  "steps_done": 99,
  "time_s": 2.467,
  "max_cos": 0.607905945484243,
  "mean_cos": 0.15109927431504558,
  "accepted": 99,
  "calls": 99,
  "b1_gh": 2.3068420324326224,
  "slope": -0.04001923785848786,
  "logdet": 686.0158092630084,
  "log_b1": 8.67295965929056
}