{
  "dim": 99,
  "seed": "487",
  "method": "ENUM_SIEVE",
  "beta": 40,
  "steps_budget": 99,
  "steps_done": 99,
  "time_s": 2.506,
  "max_cos": 0.5857434581693871,
  "mean_cos": 0.15342951032345656,
  "accepted": 99,
  "calls": 99,
  "b1_gh": 2.2376787914728755,
  "slope": -0.03914882465982556,
  "logdet": 686.1513452707386,
  "log_b1": 8.643888280958963
}