{
  "dim": 99,
  "seed": "1145",
  "method": "ENUM",
  "beta": 30,
  "steps_budget": 99,
  "steps_done": 99,
  "time_s": 5.496,
  "max_cos": 0.5882564859338995,
  "mean_cos": 0.15734801491920775,
  "accepted": 85,
  "calls": 99,
  "b1_gh": 2.400853784165938,
  "slope": -0.03850162911001114,
  "logdet": 686.0811250905549,
  "log_b1": 8.71356432892631
}