{
  "dim": 99,
  "seed": "1145",
  "method": "ENUM_SIEVE",
  "beta": 40,
  "steps_budget": 99,
  "steps_done": 99,
  "time_s": 2.458,
  "max_cos": 0.5647888611255791,
  "mean_cos": 0.15501129509652126,
  "accepted": 99,
  "calls": 99,
  "b1_gh": 2.13657979250417,
  "slope": -0.04038765221575855,
  "logdet": 686.0811250905549,
  "log_b1": 8.5969462341351
}