{
  "dim": 99,
  "seed": "1679",
  "method": "ENUM",
  "beta": 30,
  "steps_budget": 99,
  "steps_done": 99,
  "time_s": 6.152,
  "max_cos": 0.5948721485991358,
  "mean_cos": 0.15858588998021703,
  "accepted": 70,
  "calls": 99,
  "b1_gh": 1.856154947596823,
  "slope": -0.03877643826819666,
  "logdet": 685.774637672821,
  "log_b1": 8.453151194505175
}