{
  "dim": 99,
  "seed": "1679",
  "method": "ENUM_SIEVE",
  "beta": 40,
  "steps_budget": 99,
  "steps_done": 99,
  "time_s": 2.474,
  "max_cos": 0.6600565866874043,
  "mean_cos": 0.14895864912544274,
  "accepted": 99,
  "calls": 99,
  "b1_gh": 2.0297988786472208,
  "slope": -0.03928335485417941,
  "logdet": 685.7746376728207,
  "log_b1": 8.542580792516722
}