{
  "dim": 99,
  "seed": "1445",
  "method": "ENUM_SIEVE",
  "beta": 40,
  "steps_budget": 99,
  "steps_done": 99,
  "time_s": 2.511,
  "max_cos": 0.6145778855896975,
  "mean_cos": 0.158849107557473,
  "accepted": 99,
  "calls": 99,
  "b1_gh": 2.343000839188921,
  "slope": -0.0391130934506629,
  "logdet": 686.1891152483282,
  "log_b1": 8.690263238800243
}