{
  "dim": 99,
  "seed": "1042",
  "method": "ENUM_SIEVE",
  "beta": 40,
  "steps_budget": 99,
  "steps_done": 99,
  "time_s": 2.466,
  "max_cos": 0.5990079030454751,
  "mean_cos": 0.15503710175889127,
  "accepted": 99,
  "calls": 99,
  "b1_gh": 2.24943356498456,
  "slope": -0.040204242697572556,
  "logdet": 685.761323952358,
  "log_b1": 8.645188032530882
}