{
  "dim": 99,
  "seed": "1679",
  "method": "LLL",
  "beta": 0,
  "steps_budget": 99,
  "steps_done": 1,
  "time_s": 5.068,
  "max_cos": 0.6374894418277259,
  "mean_cos": 0.16399434673621976,
  "accepted": 0,
  "calls": 0,
  "b1_gh": 2.8431690198318544,
  "slope": -0.04187890666413047,
  "logdet": 685.7746376728206,
  "log_b1": 8.879563361055672
}