{
  "dim": 99,
  "seed": "691",
  "method": "LLL",
  "beta": 0,
  "steps_budget": 99,
  "steps_done": 1,
  "time_s": 4.918,
  "max_cos": 0.6675418248071562,
  "mean_cos": 0.1719570661337295,
  "accepted": 0,
  "calls": 0,
  "b1_gh": 3.2059939972308995,
  "slope": -0.04419564540798816,
  "logdet": 686.0967172152845,
  "log_b1": 9.002919589471936
}