{
  "dim": 99,
  "seed": "487",
  "method": "LLL",
  "beta": 0,
  "steps_budget": 99,
  "steps_done": 1,
  "time_s": 4.973,
  "max_cos": 0.6601735964227327,
  "mean_cos": 0.17753782061903903,
  "accepted": 0,
  "calls": 0,
  "b1_gh": 3.755836101759731,
  "slope": -0.04602491110077089,
  "logdet": 686.1513452707388,
  "log_b1": 9.161760130195674
}