{
  "dim": 99,
  "seed": "1042",
  "method": "LLL",
  "beta": 0,
  "steps_budget": 99,
  "steps_done": 1,
  "time_s": 7.733,
  "max_cos": 0.7053406224491395,
  "mean_cos": 0.16389607287923072,
  "accepted": 0,
  "calls": 0,
  "b1_gh": 2.249433564984548,
  "slope": -0.044276945303583747,
  "logdet": 685.7613239523586,
  "log_b1": 8.645188032530882
}