{
  "dim": 99,
  "seed": "603",
  "method": "LLL",
  "beta": 0,
  "steps_budget": 99,
  "steps_done": 1,
  "time_s": 5.091,
  "max_cos": 0.6381476695310332,
  "mean_cos": 0.16218395002630387,
  "accepted": 0,
  "calls": 0,
  "b1_gh": 2.735957345116245,
  "slope": -0.04221856213667851,
  "logdet": 686.0158092630084,
  "log_b1": 8.843561565001298
}