{
  "dim": 99,
  "seed": "5569",
  "method": "LLL",
  "beta": 0,
  "steps_budget": 99,
  "steps_done": 1,
  "time_s": 7.993,
  "max_cos": 0.6364696823786631,
  "mean_cos": 0.1681300483188114,
  "accepted": 0,
  "calls": 0,
  "b1_gh": 2.6317894418350223,
  "slope": -0.0422208161740531,
  "logdet": 685.9724073513943,
  "log_b1": 8.80430576341035
}