{
  "dim": 99,
  "seed": "1251",
  "method": "LLL",
  "beta": 0,
  "steps_budget": 99,
  "steps_done": 1,
  "time_s": 7.735,
  "max_cos": 0.6362353765507626,
  "mean_cos": 0.17030402591535662,
  "accepted": 0,
  "calls": 0,
  "b1_gh": 2.7080532319919977,
  "slope": -0.044090421430171896,
  "logdet": 686.1921890794818,
  "log_b1": 8.835091782071167
}