{
  "dim": 99,
  "seed": "1445",
  "method": "LLL",
  "beta": 0,
  "steps_budget": 99,
  "steps_done": 1,
  "time_s": 7.88,
  "max_cos": 0.6371129932871671,
  "mean_cos": 0.1632301903699975,
  "accepted": 0,
  "calls": 0,
  "b1_gh": 2.8419425578043116,
  "slope": -0.04197421963629564,
  "logdet": 686.1891152483284,
  "log_b1": 8.883318538685227
}