{
  "dim": 99,
  "seed": "1145",
  "method": "LLL",
  "beta": 0,
  "steps_budget": 99,
  "steps_done": 1,
  "time_s": 8.274,
  "max_cos": 0.6454907575874416,
  "mean_cos": 0.17380568381865,
  "accepted": 0,
  "calls": 0,
  "b1_gh": 2.7910666445436316,
  "slope": -0.04145550925310303,
  "logdet": 686.0811250905556,
  "log_b1": 8.86416374407537
}